idx1,idx2,smiles1,smiles2,tanimoto,dpic50,is_cliff,pre
0,109,Cc1ccccc1-c1ccc2nc(N)c(CC(C)C(=O)NCCC(C)(C)C)cc2c1,CC(=O)c1ccccc1-c1ccc2nc(N)c(CC(C)C(=O)NCCC(C)(C)C)cc2c1,0.803,1.363,False,0.08832421898841858
0,174,Cc1ccccc1-c1ccc2nc(N)c(CC(C)C(=O)NCCC(C)(C)C)cc2c1,CC(Cc1cc2cc(-c3ncccc3Cl)ccc2nc1N)C(=O)NCCC(C)(C)C,0.672,1.228,False,-0.541978657245636
0,211,Cc1ccccc1-c1ccc2nc(N)c(CC(C)C(=O)NCCC(C)(C)C)cc2c1,CCCC(Cc1cc2cc(-c3ccccc3C)ccc2nc1N)C(=O)NCC1CCCCC1,0.533,1.228,False,-0.8402405977249146
1,90,Cc1ccccc1-c1ccc2nc(N)c(CCC(=O)N(C)C3CCCCC3)cc2c1,CN(C(=O)CCc1cc2ccccc2nc1N)C1CCCCC1,0.724,0.868,False,1.9791377782821655
1,211,Cc1ccccc1-c1ccc2nc(N)c(CCC(=O)N(C)C3CCCCC3)cc2c1,CCCC(Cc1cc2cc(-c3ccccc3C)ccc2nc1N)C(=O)NCC1CCCCC1,0.547,-2.675,True,-0.6238580346107483
2,4,CC(=O)NC(Cc1cc(F)cc(F)c1)C(O)CNC1(c2cc(C(C)C)cs2)CCCCC1,CC(=O)NC1CCC(NCC(O)C(Cc2cc(F)cc(F)c2)NC(C)=O)(c2cccc(C(C)(C)C)c2)CC1,0.506,-0.002,False,-0.8571227788925171
2,26,CC(=O)NC(Cc1cc(F)cc(F)c1)C(O)CNC1(c2cc(C(C)C)cs2)CCCCC1,CC(=O)NC(Cc1cc(F)cc(F)c1)C(O)CNC1(c2cccc(N(C)C)c2)CCCCC1,0.592,0.066,False,0.09376104176044464
2,31,CC(=O)NC(Cc1cc(F)cc(F)c1)C(O)CNC1(c2cc(C(C)C)cs2)CCCCC1,CC(=O)NC(Cc1cc(F)cc(F)c1)C(O)CNC1(c2cn(C34CC5CC(CC(C5)C3)C4)nn2)CCCCC1,0.545,0.047,False,-0.173044353723526
2,39,CC(=O)NC(Cc1cc(F)cc(F)c1)C(O)CNC1(c2cc(C(C)C)cs2)CCCCC1,CC(=O)NC(Cc1cc(F)cc(F)c1)C(O)CNC1(c2ccc(C(C)C)s2)CCCCC1,0.723,1.057,False,-0.7424159049987793
2,49,CC(=O)NC(Cc1cc(F)cc(F)c1)C(O)CNC1(c2cc(C(C)C)cs2)CCCCC1,CC(=O)NC(Cc1cc(F)cc(F)c1)C(O)CNC1(c2cccc(C3CCCCC3)c2)CCCCC1,0.575,1.453,False,0.20226804912090302
2,87,CC(=O)NC(Cc1cc(F)cc(F)c1)C(O)CNC1(c2cc(C(C)C)cs2)CCCCC1,CC(=O)N[C@@H](Cc1cc(F)cc(F)c1)[C@H](O)CNC1(c2cccc(C(C)(C)CF)c2)CC1,0.507,-0.084,False,0.2615731954574585
2,98,CC(=O)NC(Cc1cc(F)cc(F)c1)C(O)CNC1(c2cc(C(C)C)cs2)CCCCC1,CC(=O)NC(Cc1cc(F)cc(F)c1)C(O)CNC1(c2cccc(N3CCOCC3=O)c2)CCCCC1,0.512,0.567,False,-0.1881253570318222
2,110,CC(=O)NC(Cc1cc(F)cc(F)c1)C(O)CNC1(c2cc(C(C)C)cs2)CCCCC1,CCc1cccc(C2(NCC(O)C(Cc3cc(F)cc(F)c3)NC(C)=O)CCCCC2)c1,0.609,0.292,False,0.2105555683374405
2,118,CC(=O)NC(Cc1cc(F)cc(F)c1)C(O)CNC1(c2cc(C(C)C)cs2)CCCCC1,CC(=O)NC(Cc1cc(F)cc(F)c1)C(O)CNC1(c2cccc(C3CCCC3)c2)CCCCC1,0.575,0.427,False,0.0625704973936081
2,126,CC(=O)NC(Cc1cc(F)cc(F)c1)C(O)CNC1(c2cc(C(C)C)cs2)CCCCC1,CC(=O)NC(Cc1cc(F)cc(F)c1)C(O)CNC1(c2cc(C(C)(C)C)ccn2)CC1,0.514,0.26,False,0.5795634984970093
2,131,CC(=O)NC(Cc1cc(F)cc(F)c1)C(O)CNC1(c2cc(C(C)C)cs2)CCCCC1,CC(=O)NC(Cc1cc(F)cc(F)c1)C(O)CNC1(c2cccc(C3CCCC3=O)c2)CCCCC1,0.538,0.357,False,0.8589560985565186
2,165,CC(=O)NC(Cc1cc(F)cc(F)c1)C(O)CNC1(c2cc(C(C)C)cs2)CCCCC1,CC(=O)N[C@@H](Cc1cc(F)cc(F)c1)[C@H](O)CNC1(c2cccc(C(C)(C)C)c2)CCC1,0.556,0.239,False,0.5540335178375244
2,169,CC(=O)NC(Cc1cc(F)cc(F)c1)C(O)CNC1(c2cc(C(C)C)cs2)CCCCC1,CC(=O)NC(Cc1cc(F)cc(F)c1)C(O)CNC1(c2ccn(C(C)(C)C)n2)CCCCC1,0.575,0.718,False,-0.13329681754112244
2,171,CC(=O)NC(Cc1cc(F)cc(F)c1)C(O)CNC1(c2cc(C(C)C)cs2)CCCCC1,CC(=O)NC(Cc1cc(F)cc(F)c1)C(O)CNC1(c2cccc(-c3cscn3)c2)CCCCC1,0.571,-0.505,False,-0.14506331086158752
2,210,CC(=O)NC(Cc1cc(F)cc(F)c1)C(O)CNC1(c2cc(C(C)C)cs2)CCCCC1,CC(=O)NC(Cc1cc(F)cc(F)c1)C(O)CNC1(c2cccs2)CCCCC1,0.719,1.931,True,0.899592399597168
2,227,CC(=O)NC(Cc1cc(F)cc(F)c1)C(O)CNC1(c2cc(C(C)C)cs2)CCCCC1,CC(=O)NC(Cc1cc(F)cc(F)c1)C(O)CNC1(c2cccc(C(C)(C)C)c2)CC1,0.528,-0.4,False,-0.12185400724411011
2,228,CC(=O)NC(Cc1cc(F)cc(F)c1)C(O)CNC1(c2cc(C(C)C)cs2)CCCCC1,CC(=O)NC(Cc1cc(F)cc(F)c1)C(O)CNC1(c2cccc(C3CCOC3)c2)CCCCC1,0.532,-0.602,False,-0.39372074604034424
2,244,CC(=O)NC(Cc1cc(F)cc(F)c1)C(O)CNC1(c2cc(C(C)C)cs2)CCCCC1,CC(=O)NC(Cc1cc(F)cc(F)c1)C(O)CNC1(c2nc(C(C)(C)C)co2)CC1,0.514,2.086,True,0.3392009735107422
2,249,CC(=O)NC(Cc1cc(F)cc(F)c1)C(O)CNC1(c2cc(C(C)C)cs2)CCCCC1,CC(=O)NC(Cc1cc(F)cc(F)c1)C(O)CNC1(c2cc(CC(C)(C)C)cs2)CCCCC1,0.766,-0.429,False,-0.07366069406270981
2,279,CC(=O)NC(Cc1cc(F)cc(F)c1)C(O)CNC1(c2cc(C(C)C)cs2)CCCCC1,C=C(C)c1cccc(C2(NCC(O)C(Cc3cc(F)cc(F)c3)NC(C)=O)CCCCC2)c1,0.592,-0.547,False,-0.26274585723876953
2,296,CC(=O)NC(Cc1cc(F)cc(F)c1)C(O)CNC1(c2cc(C(C)C)cs2)CCCCC1,CC(=O)N[C@@H](Cc1cc(F)cc(F)c1)[C@H](O)CNC1(c2cccc(C(C)(C)C(F)F)c2)CC1,0.507,-0.185,False,0.42155420780181885
3,104,CC(C)c1cccc(CNCC(O)C2COC/C=C/C[C@H](c3ccccc3)NC(=O)c3cc(cc(N(C)S(C)(=O)=O)c3)C(=O)N2)c1,CC(C)c1cccc(CNCC(O)C2COCCCCCNC(=O)c3cc(cc(N(C)S(C)(=O)=O)c3)C(=O)N2)c1,0.698,0.699,False,-0.48344433307647705
3,152,CC(C)c1cccc(CNCC(O)C2COC/C=C/C[C@H](c3ccccc3)NC(=O)c3cc(cc(N(C)S(C)(=O)=O)c3)C(=O)N2)c1,Cc1cc2cc(c1)C(=O)NC(C(O)CNCc1cccc(C(C)C)c1)COC/C=C/CCNC2=O,0.616,2.194,True,0.5124313831329346
3,248,CC(C)c1cccc(CNCC(O)C2COC/C=C/C[C@H](c3ccccc3)NC(=O)c3cc(cc(N(C)S(C)(=O)=O)c3)C(=O)N2)c1,Cc1cc2cc(c1)[C@@H](O)N[C@@H](c1ccccc1)C/C=C/COC[C@@H]([C@H](O)CNCc1cccc(C(C)C)c1)NC2=O,0.694,1.387,False,0.21460334956645966
4,18,CC(=O)NC1CCC(NCC(O)C(Cc2cc(F)cc(F)c2)NC(C)=O)(c2cccc(C(C)(C)C)c2)CC1,CC(=O)NC(Cc1cc(F)cc(F)c1)C(O)CNC1(c2cccc(C(C)(C)C)c2)CCCN(C(N)=O)C1,0.693,-0.026,False,0.36437463760375977
4,26,CC(=O)NC1CCC(NCC(O)C(Cc2cc(F)cc(F)c2)NC(C)=O)(c2cccc(C(C)(C)C)c2)CC1,CC(=O)NC(Cc1cc(F)cc(F)c1)C(O)CNC1(c2cccc(N(C)C)c2)CCCCC1,0.625,0.069,False,0.9757684469223022
4,39,CC(=O)NC1CCC(NCC(O)C(Cc2cc(F)cc(F)c2)NC(C)=O)(c2cccc(C(C)(C)C)c2)CC1,CC(=O)NC(Cc1cc(F)cc(F)c1)C(O)CNC1(c2ccc(C(C)C)s2)CCCCC1,0.547,1.059,False,0.33362817764282227
4,49,CC(=O)NC1CCC(NCC(O)C(Cc2cc(F)cc(F)c2)NC(C)=O)(c2cccc(C(C)(C)C)c2)CC1,CC(=O)NC(Cc1cc(F)cc(F)c1)C(O)CNC1(c2cccc(C3CCCCC3)c2)CCCCC1,0.653,1.456,False,0.9977513551712036
4,87,CC(=O)NC1CCC(NCC(O)C(Cc2cc(F)cc(F)c2)NC(C)=O)(c2cccc(C(C)(C)C)c2)CC1,CC(=O)N[C@@H](Cc1cc(F)cc(F)c1)[C@H](O)CNC1(c2cccc(C(C)(C)CF)c2)CC1,0.746,-0.082,False,1.031742811203003
4,98,CC(=O)NC1CCC(NCC(O)C(Cc2cc(F)cc(F)c2)NC(C)=O)(c2cccc(C(C)(C)C)c2)CC1,CC(=O)NC(Cc1cc(F)cc(F)c1)C(O)CNC1(c2cccc(N3CCOCC3=O)c2)CCCCC1,0.542,0.57,False,0.8608291149139404
4,110,CC(=O)NC1CCC(NCC(O)C(Cc2cc(F)cc(F)c2)NC(C)=O)(c2cccc(C(C)(C)C)c2)CC1,CCc1cccc(C2(NCC(O)C(Cc3cc(F)cc(F)c3)NC(C)=O)CCCCC2)c1,0.643,0.295,False,1.2255150079727173
4,118,CC(=O)NC1CCC(NCC(O)C(Cc2cc(F)cc(F)c2)NC(C)=O)(c2cccc(C(C)(C)C)c2)CC1,CC(=O)NC(Cc1cc(F)cc(F)c1)C(O)CNC1(c2cccc(C3CCCC3)c2)CCCCC1,0.653,0.429,False,0.9358733892440796
4,124,CC(=O)NC1CCC(NCC(O)C(Cc2cc(F)cc(F)c2)NC(C)=O)(c2cccc(C(C)(C)C)c2)CC1,CSC1CCC(NCC(O)C(Cc2cc(F)cc(F)c2)NC(C)=O)(c2cccc(C(C)(C)C)c2)CC1,0.836,-1.164,False,0.3913751244544983
4,126,CC(=O)NC1CCC(NCC(O)C(Cc2cc(F)cc(F)c2)NC(C)=O)(c2cccc(C(C)(C)C)c2)CC1,CC(=O)NC(Cc1cc(F)cc(F)c1)C(O)CNC1(c2cc(C(C)(C)C)ccn2)CC1,0.634,0.262,False,1.2788466215133667
4,131,CC(=O)NC1CCC(NCC(O)C(Cc2cc(F)cc(F)c2)NC(C)=O)(c2cccc(C(C)(C)C)c2)CC1,CC(=O)NC(Cc1cc(F)cc(F)c1)C(O)CNC1(c2cccc(C3CCCC3=O)c2)CCCCC1,0.61,0.359,False,1.5298491716384888
4,139,CC(=O)NC1CCC(NCC(O)C(Cc2cc(F)cc(F)c2)NC(C)=O)(c2cccc(C(C)(C)C)c2)CC1,CC(=O)NC(Cc1cc(F)cc(F)c1)C(O)CNC1(c2cccc(C(C)(C)C)c2)CCc2nc(N)ncc2C1,0.642,-1.398,False,-0.08379427343606949
4,144,CC(=O)NC1CCC(NCC(O)C(Cc2cc(F)cc(F)c2)NC(C)=O)(c2cccc(C(C)(C)C)c2)CC1,CC(=O)NC(Cc1cc(F)cc(F)c1)C(O)CNC1(c2cccc(C(C)(C)C)c2)CCC(C(F)(F)F)CC1,0.848,-1.026,False,0.8796365261077881
4,165,CC(=O)NC1CCC(NCC(O)C(Cc2cc(F)cc(F)c2)NC(C)=O)(c2cccc(C(C)(C)C)c2)CC1,CC(=O)N[C@@H](Cc1cc(F)cc(F)c1)[C@H](O)CNC1(c2cccc(C(C)(C)C)c2)CCC1,0.841,0.241,False,1.2183483839035034
4,169,CC(=O)NC1CCC(NCC(O)C(Cc2cc(F)cc(F)c2)NC(C)=O)(c2cccc(C(C)(C)C)c2)CC1,CC(=O)NC(Cc1cc(F)cc(F)c1)C(O)CNC1(c2ccn(C(C)(C)C)n2)CCCCC1,0.526,0.721,False,0.887613832950592
4,171,CC(=O)NC1CCC(NCC(O)C(Cc2cc(F)cc(F)c2)NC(C)=O)(c2cccc(C(C)(C)C)c2)CC1,CC(=O)NC(Cc1cc(F)cc(F)c1)C(O)CNC1(c2cccc(-c3cscn3)c2)CCCCC1,0.562,-0.503,False,0.7271425724029541
4,173,CC(=O)NC1CCC(NCC(O)C(Cc2cc(F)cc(F)c2)NC(C)=O)(c2cccc(C(C)(C)C)c2)CC1,CC(=O)N[C@@H](Cc1cc(F)cc(F)c1)[C@H](O)CN[C@]1(c2cccc(C(C)(C)C(F)F)c2)C[C@H]1C,0.622,0.686,False,0.7559245824813843
4,210,CC(=O)NC1CCC(NCC(O)C(Cc2cc(F)cc(F)c2)NC(C)=O)(c2cccc(C(C)(C)C)c2)CC1,CC(=O)NC(Cc1cc(F)cc(F)c1)C(O)CNC1(c2cccs2)CCCCC1,0.562,1.933,True,1.5098884105682373
4,227,CC(=O)NC1CCC(NCC(O)C(Cc2cc(F)cc(F)c2)NC(C)=O)(c2cccc(C(C)(C)C)c2)CC1,CC(=O)NC(Cc1cc(F)cc(F)c1)C(O)CNC1(c2cccc(C(C)(C)C)c2)CC1,0.869,-0.398,False,0.7734760046005249
4,228,CC(=O)NC1CCC(NCC(O)C(Cc2cc(F)cc(F)c2)NC(C)=O)(c2cccc(C(C)(C)C)c2)CC1,CC(=O)NC(Cc1cc(F)cc(F)c1)C(O)CNC1(c2cccc(C3CCOC3)c2)CCCCC1,0.603,-0.6,False,0.7016618847846985
4,236,CC(=O)NC1CCC(NCC(O)C(Cc2cc(F)cc(F)c2)NC(C)=O)(c2cccc(C(C)(C)C)c2)CC1,COC1CCC(NCC(O)C(Cc2cc(F)cc(F)c2)NC(C)=O)(c2cccc(C(C)(C)C)c2)CC1,0.836,-0.398,False,0.49150651693344116
4,244,CC(=O)NC1CCC(NCC(O)C(Cc2cc(F)cc(F)c2)NC(C)=O)(c2cccc(C(C)(C)C)c2)CC1,CC(=O)NC(Cc1cc(F)cc(F)c1)C(O)CNC1(c2nc(C(C)(C)C)co2)CC1,0.547,2.088,True,1.0114482641220093
4,249,CC(=O)NC1CCC(NCC(O)C(Cc2cc(F)cc(F)c2)NC(C)=O)(c2cccc(C(C)(C)C)c2)CC1,CC(=O)NC(Cc1cc(F)cc(F)c1)C(O)CNC1(c2cc(CC(C)(C)C)cs2)CCCCC1,0.539,-0.427,False,0.7546491026878357
4,277,CC(=O)NC1CCC(NCC(O)C(Cc2cc(F)cc(F)c2)NC(C)=O)(c2cccc(C(C)(C)C)c2)CC1,CC(=O)N[C@@H](Cc1cc(F)cc(F)c1)[C@H](O)CNC(C)(C)c1cccc(C(C)(C)C)c1,0.612,-0.243,False,1.2282917499542236
4,279,CC(=O)NC1CCC(NCC(O)C(Cc2cc(F)cc(F)c2)NC(C)=O)(c2cccc(C(C)(C)C)c2)CC1,C=C(C)c1cccc(C2(NCC(O)C(Cc3cc(F)cc(F)c3)NC(C)=O)CCCCC2)c1,0.625,-0.544,False,0.7887521982192993
4,292,CC(=O)NC1CCC(NCC(O)C(Cc2cc(F)cc(F)c2)NC(C)=O)(c2cccc(C(C)(C)C)c2)CC1,COC(=O)NC1CCC(NCC(O)C(Cc2cc(F)cc(F)c2)NC(C)=O)(c2cccc(C(C)(C)C)c2)CC1,0.894,-0.164,False,0.9292274713516235
4,296,CC(=O)NC1CCC(NCC(O)C(Cc2cc(F)cc(F)c2)NC(C)=O)(c2cccc(C(C)(C)C)c2)CC1,CC(=O)N[C@@H](Cc1cc(F)cc(F)c1)[C@H](O)CNC1(c2cccc(C(C)(C)C(F)F)c2)CC1,0.746,-0.182,False,1.0921927690505981
5,61,CN1C(=O)CC(C)(C2CC2c2cccc(-c3cccs3)c2)N=C1N,CN1C(=O)CC(C)(C2CC2c2cccc(-c3cccnc3)c2)N=C1N,0.7,0.287,False,1.660524845123291
5,84,CN1C(=O)CC(C)(C2CC2c2cccc(-c3cccs3)c2)N=C1N,CN1C(=O)CC(C)(C2CC2c2cccc(-c3ccccc3)c2)N=C1N,0.75,0.183,False,1.2869418859481812
5,156,CN1C(=O)CC(C)(C2CC2c2cccc(-c3cccs3)c2)N=C1N,CN1C(=O)CC(C)(C2CC2c2cccc(/C=C/c3ccccc3)c2)N=C1N,0.629,-0.323,False,0.9498945474624634
6,27,CCOc1cc(C(=O)NC(Cc2ccccc2)C(O)CNCc2cccc(C(F)(F)F)c2)cc(N(c2ccccc2)S(C)(=O)=O)c1,Cc1ccc(N(c2ccccc2)S(C)(=O)=O)cc1C(=O)NC(Cc1ccccc1)C(O)CNCc1cccc(C(F)(F)F)c1,0.688,3.063,True,0.31791484355926514
6,263,CCOc1cc(C(=O)NC(Cc2ccccc2)C(O)CNCc2cccc(C(F)(F)F)c2)cc(N(c2ccccc2)S(C)(=O)=O)c1,CS(=O)(=O)N(c1ccncc1)c1cccc(C(=O)NC(Cc2ccccc2)C(O)CNCc2cccc(C(F)(F)F)c2)c1,0.734,1.845,True,-0.667587161064148
7,47,CCn1cc2c3c(cc(C(=O)NC(Cc4ccccc4)[C@H](O)CNCCC(F)(F)F)cc31)N(C)S(=O)(=O)CC2,CCn1cc2c3c(cc(C(=O)NC(Cc4ccccc4)C(O)(O)CNC4CCOCC4)cc31)N(C)S(=O)(=O)CC2,0.587,0.637,False,0.8845541477203369
7,81,CCn1cc2c3c(cc(C(=O)NC(Cc4ccccc4)[C@H](O)CNCCC(F)(F)F)cc31)N(C)S(=O)(=O)CC2,CCc1cn2c3c(cc(C(=O)NC(Cc4ccccc4)[C@H](O)CNCCF)cc13)N(C)S(=O)(=O)CC2,0.549,1.222,False,0.6691339015960693
7,116,CCn1cc2c3c(cc(C(=O)NC(Cc4ccccc4)[C@H](O)CNCCC(F)(F)F)cc31)N(C)S(=O)(=O)CC2,CCn1cc2c3c(cc(C(=O)NC(Cc4ccccc4)[C@H](O)CNCC(F)F)cc31)N(C)S(=O)(=O)CC2,0.831,0.824,False,0.8488107919692993
8,121,CC(NC(=O)c1cc(COCC(C)(N)Cc2ccccc2)cc(N(C)S(C)(=O)=O)c1)c1ccc(F)cc1,CC(NC(=O)c1cc(COCC(N)(CF)Cc2ccccc2)cc(N(C)S(C)(=O)=O)c1)c1ccc(F)cc1,0.831,0.462,False,-0.9960895776748657
8,168,CC(NC(=O)c1cc(COCC(C)(N)Cc2ccccc2)cc(N(C)S(C)(=O)=O)c1)c1ccc(F)cc1,CC(NC(=O)c1cc(-c2nc(C(C)(N)Cc3ccccc3)no2)cc(N(C)S(C)(=O)=O)c1)c1ccc(F)cc1,0.614,0.726,False,-1.2103370428085327
8,181,CC(NC(=O)c1cc(COCC(C)(N)Cc2ccccc2)cc(N(C)S(C)(=O)=O)c1)c1ccc(F)cc1,CC(NC(=O)c1cc(-c2noc(C(C)(N)Cc3ccccc3)n2)cc(N(C)S(C)(=O)=O)c1)c1ccc(F)cc1,0.63,0.777,False,-0.7864487171173096
8,220,CC(NC(=O)c1cc(COCC(C)(N)Cc2ccccc2)cc(N(C)S(C)(=O)=O)c1)c1ccc(F)cc1,C[C@@H](NC(=O)c1cc(C(=O)OC[C@@](N)(CO)Cc2ccccc2)cc(N(C)S(C)(=O)=O)c1)c1ccc(F)cc1,0.675,-0.236,False,0.11176876723766327
8,221,CC(NC(=O)c1cc(COCC(C)(N)Cc2ccccc2)cc(N(C)S(C)(=O)=O)c1)c1ccc(F)cc1,CC(NC(=O)c1cc(SCCC(N)(CO)Cc2ccccc2)cc(N(C)S(C)(=O)=O)c1)c1ccc(F)cc1,0.617,2.463,True,-1.369850754737854
8,245,CC(NC(=O)c1cc(COCC(C)(N)Cc2ccccc2)cc(N(C)S(C)(=O)=O)c1)c1ccc(F)cc1,CC(NC(=O)c1cc(NCCC(N)(CO)Cc2ccccc2)cc(N(C)S(C)(=O)=O)c1)c1ccc(F)cc1,0.654,2.463,True,-1.131515383720398
8,252,CC(NC(=O)c1cc(COCC(C)(N)Cc2ccccc2)cc(N(C)S(C)(=O)=O)c1)c1ccc(F)cc1,COC(COCc1ccccc1)CC(O)C(COc1cc(F)cc(F)c1)NC(=O)c1cc(C(=O)NC(C)c2ccccc2)cc(N(C)S(C)(=O)=O)c1,0.522,-0.156,False,-0.8514394760131836
8,258,CC(NC(=O)c1cc(COCC(C)(N)Cc2ccccc2)cc(N(C)S(C)(=O)=O)c1)c1ccc(F)cc1,C[C@@H](NC(=O)c1cc(C(=O)N[C@@H](Cc2ccccc2)[C@H](O)C2NC(C)(C)N(C)C2=O)cc(N(C)S(C)(=O)=O)c1)c1ccc(F)cc1,0.511,-0.685,False,-1.2423068284988403
9,111,CC(=O)Nc1ccc(CN2CCC3(CC2C)CN(C)S(=O)(=O)N3c2cccc(F)c2)cc1,CC1CC2(CCN1Cc1ccc(O)c(Cl)c1)CN(C)S(=O)(=O)N2c1cccc(F)c1,0.743,-0.602,False,-0.6826055645942688
9,201,CC(=O)Nc1ccc(CN2CCC3(CC2C)CN(C)S(=O)(=O)N3c2cccc(F)c2)cc1,CC(C)Oc1cc(CN2CC[C@@]3(C[C@@H]2C)CN(C)S(=O)(=O)N3c2cccc(F)c2)ccc1O,0.671,-1.806,True,0.35153037309646606
9,264,CC(=O)Nc1ccc(CN2CCC3(CC2C)CN(C)S(=O)(=O)N3c2cccc(F)c2)cc1,CC(C)Oc1cccc(CN2CC[C@@]3(C[C@@H]2C)CN(C)S(=O)(=O)N3c2cccc(F)c2)c1,0.676,-0.426,False,0.185268834233284
10,34,CCCOC1CNC(C(O)C(Cc2cc(F)cc(F)c2)NC(=O)C(CCc2ccccc2)N2CCC(NC(C)=O)(C(C)CC)C2=O)C1,CCC(C)C1(NC(C)=O)CCN(C(CCc2ccccc2)C(=O)NC(Cc2cc(F)cc(F)c2)C(O)C2CC(Oc3cccnc3)CN2)C1=O,0.788,0.356,False,-0.9197769165039062
10,44,CCCOC1CNC(C(O)C(Cc2cc(F)cc(F)c2)NC(=O)C(CCc2ccccc2)N2CCC(NC(C)=O)(C(C)CC)C2=O)C1,CCC(C)C1(NC(C)=O)CCN(C(CCc2ccccc2)C(=O)NC(Cc2cc(F)cc(F)c2)C(O)C2CC(OCc3cccnc3)CN2)C1=O,0.825,-0.269,False,-1.143970012664795
10,94,CCCOC1CNC(C(O)C(Cc2cc(F)cc(F)c2)NC(=O)C(CCc2ccccc2)N2CCC(NC(C)=O)(C(C)CC)C2=O)C1,CCCCC1CCN(C(CCc2ccccc2)C(=O)NC(Cc2cc(F)cc(F)c2)C(O)C2CC(OCCC)CN2)C1=O,0.68,0.864,False,-0.7883466482162476
10,130,CCCOC1CNC(C(O)C(Cc2cc(F)cc(F)c2)NC(=O)C(CCc2ccccc2)N2CCC(NC(C)=O)(C(C)CC)C2=O)C1,CCCCC1CCN(C(CCc2ccccc2)C(=O)NC(Cc2cc(F)cc(F)c2)C(O)C2CC(O)CN2)C1=O,0.549,0.983,False,-0.37501734495162964
11,38,CN1C(=O)[C@@](c2ccc(OC(F)F)cc2)(c2cccc(C#CC3CCCCC3)c2)N=C1N,CN1C(=O)[C@@](c2ccc(OC(F)F)cc2)(c2cccc(/C=C/CCF)c2)N=C1N,0.554,-0.916,False,0.08096142113208771
11,43,CN1C(=O)[C@@](c2ccc(OC(F)F)cc2)(c2cccc(C#CC3CCCCC3)c2)N=C1N,CCC#Cc1cccc([C@@]2(c3ccc(OC(F)F)cc3)N=C(N)N(C)C2=O)c1,0.712,-0.916,False,0.802230179309845
11,137,CN1C(=O)[C@@](c2ccc(OC(F)F)cc2)(c2cccc(C#CC3CCCCC3)c2)N=C1N,CN1C(=O)[C@@](c2ccc(OC(F)F)cc2)(c2cccc(C#CC3CC3)c2)N=C1N,0.917,-1.217,False,1.0023497343063354
11,163,CN1C(=O)[C@@](c2ccc(OC(F)F)cc2)(c2cccc(C#CC3CCCCC3)c2)N=C1N,CN1C(=O)[C@@](c2ccc(OC(F)F)cc2)(c2cccc(C#CCCF)c2)N=C1N,0.691,-1.519,True,0.3424503207206726
11,164,CN1C(=O)[C@@](c2ccc(OC(F)F)cc2)(c2cccc(C#CC3CCCCC3)c2)N=C1N,CCCCc1cccc([C@@]2(c3ccc(OC(F)F)cc3)N=C(N)N(C)C2=O)c1,0.577,-1.041,False,0.49693429470062256
11,182,CN1C(=O)[C@@](c2ccc(OC(F)F)cc2)(c2cccc(C#CC3CCCCC3)c2)N=C1N,CN1C(=O)[C@@](c2ccc(OC(F)F)cc2)(c2cccc(OCCC(F)F)c2)N=C1N,0.577,-1.519,True,1.5831433534622192
11,190,CN1C(=O)[C@@](c2ccc(OC(F)F)cc2)(c2cccc(C#CC3CCCCC3)c2)N=C1N,CCCc1cccc([C@@]2(c3ccc(OC(F)F)cc3)N=C(N)N(C)C2=O)c1,0.594,-0.564,False,0.2738494873046875
11,196,CN1C(=O)[C@@](c2ccc(OC(F)F)cc2)(c2cccc(C#CC3CCCCC3)c2)N=C1N,CN1C(=O)[C@@](c2ccc(OC(F)F)cc2)(c2cccc(C(=O)CCCF)c2)N=C1N,0.554,-0.615,False,0.04117010533809662
11,199,CN1C(=O)[C@@](c2ccc(OC(F)F)cc2)(c2cccc(C#CC3CCCCC3)c2)N=C1N,CN1C(=O)[C@@](c2ccc(OC(F)F)cc2)(c2cccc([C@H](F)CCCF)c2)N=C1N,0.562,-0.615,False,-0.22380216419696808
11,273,CN1C(=O)[C@@](c2ccc(OC(F)F)cc2)(c2cccc(C#CC3CCCCC3)c2)N=C1N,CN1C(=O)[C@@](c2ccc(OC(F)F)cc2)(c2ccc(F)c(OCCF)c2)N=C1N,0.521,-0.439,False,0.40522098541259766
11,278,CN1C(=O)[C@@](c2ccc(OC(F)F)cc2)(c2cccc(C#CC3CCCCC3)c2)N=C1N,CN1C(=O)[C@@](c2ccc(OC(F)F)cc2)(c2cccc(OCCC(F)(F)F)c2)N=C1N,0.562,-0.217,False,1.3780983686447144
12,28,CC1(c2cc(NC(=O)c3ncc(Cl)cc3Cl)ccc2F)COCC(=N)N1,CC1(c2cc(NC(=O)c3ncc(Cl)cc3Cl)ccc2F)CCOC(=N)N1,0.708,-0.062,False,-0.7428021430969238
12,102,CC1(c2cc(NC(=O)c3ncc(Cl)cc3Cl)ccc2F)COCC(=N)N1,N=C1COCC2CC2(c2cc(NC(=O)c3ccc(Cl)cn3)ccc2F)N1,0.549,-0.222,False,0.06307224929332733
12,112,CC1(c2cc(NC(=O)c3ncc(Cl)cc3Cl)ccc2F)COCC(=N)N1,CC1(c2cc(NC(=O)c3ccc(Cl)cn3)ccc2F)CCCOC(=N)N1,0.549,-0.507,False,-0.9244171977043152
12,223,CC1(c2cc(NC(=O)c3ncc(Cl)cc3Cl)ccc2F)COCC(=N)N1,C[C@@]1(c2cc(NC(=O)c3ccc(Cl)cn3)ccc2F)C[C@@H]2C[C@@H]2C(=N)N1,0.528,0.329,False,0.11331334710121155
13,42,CC(C)CNC(=O)C(C)C[C@H](O)[C@H](CC(C)C)NC(=O)C(Cc1ccccc1)NC(=O)c1ccccc1,CC(C)CNC(=O)C(C)C[C@H](O)[C@H](CC(C)C)NC(=O)C(Cc1ccc([N+](=O)[O-])cc1)NC(=O)c1ccc(Cl)cc1Cl,0.569,-0.213,False,-0.7617689371109009
13,46,CC(C)CNC(=O)C(C)C[C@H](O)[C@H](CC(C)C)NC(=O)C(Cc1ccccc1)NC(=O)c1ccccc1,CC(C)CNC(=O)C(C)C[C@H](O)[C@H](CC(C)C)NC(=O)C(Cc1ccccc1)NC(=O)c1ccc2c(c1)OCO2,0.746,0.066,False,-0.6948116421699524
14,41,CC(=O)NC(Cc1ccc(F)c(C#N)c1)C(O)CNC1CC2(CCC2)Oc2ncc(CC(C)(C)C)cc21,CC(=O)NC(Cc1ccccc1)C(O)CNC1CC2(CCC2)Oc2ncc(CC(C)C)cc21,0.635,0.319,False,1.2811287641525269
14,71,CC(=O)NC(Cc1ccc(F)c(C#N)c1)C(O)CNC1CC2(CCC2)Oc2ncc(CC(C)(C)C)cc21,CC(=O)NC(Cc1cccc(F)c1)C(O)CNC1CC2(CCC2)Oc2ncc(CC(C)(C)C)cc21,0.768,-0.38,False,0.603394627571106
14,146,CC(=O)NC(Cc1ccc(F)c(C#N)c1)C(O)CNC1CC2(CCC2)Oc2ncc(CC(C)(C)C)cc21,COCC(=O)NC(Cc1cccc(-c2ncco2)c1)C(O)CNC1CC2(CCC2)Oc2ncc(CC(C)(C)C)cc21,0.57,0.602,False,0.47764360904693604
14,147,CC(=O)NC(Cc1ccc(F)c(C#N)c1)C(O)CNC1CC2(CCC2)Oc2ncc(CC(C)(C)C)cc21,COCC(=O)NC(Cc1cc(-c2nccs2)ccc1F)C(O)CNC1CC2(CCC2)Oc2ncc(CC(C)(C)C)cc21,0.584,0.598,False,-0.07080893218517303
14,148,CC(=O)NC(Cc1ccc(F)c(C#N)c1)C(O)CNC1CC2(CCC2)Oc2ncc(CC(C)(C)C)cc21,COCC(=O)NC(Cc1cccc(-c2ccccn2)c1)C(O)CNC1CC2(CCC2)Oc2ncc(CC(C)(C)C)cc21,0.576,0.588,False,0.8592565655708313
14,154,CC(=O)NC(Cc1ccc(F)c(C#N)c1)C(O)CNC1CC2(CCC2)Oc2ncc(CC(C)(C)C)cc21,CC(=O)NC(Cc1ccc(Cl)cc1)C(O)CNC1CC2(CCC2)Oc2ncc(CC(C)(C)C)cc21,0.775,0.539,False,0.232909694314003
14,217,CC(=O)NC(Cc1ccc(F)c(C#N)c1)C(O)CNC1CC2(CCC2)Oc2ncc(CC(C)(C)C)cc21,CCc1cnc2c(c1)C(NCC(O)C(Cc1ccccc1)NC(C)=O)CC1(CCC1)O2,0.643,1.579,True,1.506051778793335
14,287,CC(=O)NC(Cc1ccc(F)c(C#N)c1)C(O)CNC1CC2(CCC2)Oc2ncc(CC(C)(C)C)cc21,CC(=O)N[C@@H](Cc1ccc(F)cc1)[C@H](O)CN[C@H]1CC2(CCC2)Oc2ncc(CC(C)(C)C)cc21,0.797,0.319,False,0.41154348850250244
16,72,COc1ccc(Cc2cccc([C@@]3(c4ccccc4)N=C(N)N4CCCN=C43)c2)cc1,NC1=NC(c2ccccc2)(c2cccc(Cc3ccc(F)cc3)c2)C2=NCCCN12,0.772,0.063,False,-0.9480545520782471
16,73,COc1ccc(Cc2cccc([C@@]3(c4ccccc4)N=C(N)N4CCCN=C43)c2)cc1,COc1ccc(C2(c3cccc(-c4cc(Cl)cc(Cl)c4)c3)N=C(N)N3CCCN=C32)cc1,0.641,-2.501,True,-1.1106623411178589
16,276,COc1ccc(Cc2cccc([C@@]3(c4ccccc4)N=C(N)N4CCCN=C43)c2)cc1,COc1ccc(C2(c3cccc(-c4cccnc4F)c3)N=C(N)N3CCCN=C32)cc1,0.603,-2.006,True,0.4693988561630249
16,299,COc1ccc(Cc2cccc([C@@]3(c4ccccc4)N=C(N)N4CCCN=C43)c2)cc1,COc1cccc([C@@]2(c3ccccc3)N=C(N)N3CCCN=C32)c1,0.745,0.456,False,1.5491763353347778
17,19,CC(C)(CO)c1cccc(CNC2CS(=O)(=O)CC(Cc3cc(F)c(N)c(OC(C(F)(F)F)C(F)(F)F)c3)C2O)c1,CC(C)(C)c1cccc(CNC2CS(=O)(=O)CC(Cc3cc(F)c(N)c(OC(C(F)(F)F)C(F)(F)F)c3)C2O)c1,0.875,0.0,False,-0.04117419570684433
17,105,CC(C)(CO)c1cccc(CNC2CS(=O)(=O)CC(Cc3cc(F)c(N)c(OC(C(F)(F)F)C(F)(F)F)c3)C2O)c1,CC(C)(C)c1cccc(CNC2CS(=O)(=O)CC(Cc3cc(F)c(N)c(-c4cc[nH]n4)c3)C2O)c1,0.593,1.146,False,-0.4706808924674988
17,128,CC(C)(CO)c1cccc(CNC2CS(=O)(=O)CC(Cc3cc(F)c(N)c(OC(C(F)(F)F)C(F)(F)F)c3)C2O)c1,CCOc1cc(CC2CS(=O)(=O)CC(NCc3cccc(C(C)(C)C)c3)C2O)cc(F)c1N,0.692,1.079,False,-0.4235343933105469
17,143,CC(C)(CO)c1cccc(CNC2CS(=O)(=O)CC(Cc3cc(F)c(N)c(OC(C(F)(F)F)C(F)(F)F)c3)C2O)c1,CCOC[C@H](Oc1cc(CC2CS(=O)(=O)CC(NCc3cccc(C(C)(C)C)c3)C2O)cc(F)c1N)C(F)(F)F,0.711,1.204,False,-1.0178226232528687
17,195,CC(C)(CO)c1cccc(CNC2CS(=O)(=O)CC(Cc3cc(F)c(N)c(OC(C(F)(F)F)C(F)(F)F)c3)C2O)c1,CC(C)(C)c1cccc(CN[C@H]2CS(=O)(=O)C[C@@H](Cc3cc(F)c4c(c3)C3(CCC(F)(F)CC3)CN4)[C@@H]2O)c1,0.5,1.845,True,-0.7789891958236694
17,246,CC(C)(CO)c1cccc(CNC2CS(=O)(=O)CC(Cc3cc(F)c(N)c(OC(C(F)(F)F)C(F)(F)F)c3)C2O)c1,CCCc1cc(CC2CS(=O)(=O)CC(NCc3cccc(C(C)(C)C)c3)C2O)cc(F)c1N,0.617,1.813,True,-0.1405767798423767
17,270,CC(C)(CO)c1cccc(CNC2CS(=O)(=O)CC(Cc3cc(F)c(N)c(OC(C(F)(F)F)C(F)(F)F)c3)C2O)c1,CN(C)CC(=O)Nc1ccc(CC2CS(=O)(=O)CC(NCc3cccc(C(C)(C)C)c3)C2O)cc1F,0.523,1.484,False,-0.6596451997756958
17,272,CC(C)(CO)c1cccc(CNC2CS(=O)(=O)CC(Cc3cc(F)c(N)c(OC(C(F)(F)F)C(F)(F)F)c3)C2O)c1,COCC(Oc1cc(CC2CS(=O)CC(NCc3cccc(OC(F)(F)F)c3)C2O)cc(F)c1N)C(F)(F)F,0.5,2.025,True,0.31912487745285034
17,286,CC(C)(CO)c1cccc(CNC2CS(=O)(=O)CC(Cc3cc(F)c(N)c(OC(C(F)(F)F)C(F)(F)F)c3)C2O)c1,COC[C@@H](Oc1cc(C[C@@H]2CS(=O)C[C@H](NCc3cccc(C(C)(C)C)c3)[C@H]2O)cc(F)c1N)C(F)(F)F,0.556,0.301,False,-1.1813973188400269
17,300,CC(C)(CO)c1cccc(CNC2CS(=O)(=O)CC(Cc3cc(F)c(N)c(OC(C(F)(F)F)C(F)(F)F)c3)C2O)c1,CC(C)(C)c1cccc(CN[C@H]2CS(=O)C[C@@H](Cc3cc(F)c(N)c(OC(C(F)(F)F)C(F)(F)F)c3)[C@@H]2O)c1,0.667,0.0,False,0.3930833339691162
18,26,CC(=O)NC(Cc1cc(F)cc(F)c1)C(O)CNC1(c2cccc(C(C)(C)C)c2)CCCN(C(N)=O)C1,CC(=O)NC(Cc1cc(F)cc(F)c1)C(O)CNC1(c2cccc(N(C)C)c2)CCCCC1,0.59,0.094,False,0.6419786810874939
18,39,CC(=O)NC(Cc1cc(F)cc(F)c1)C(O)CNC1(c2cccc(C(C)(C)C)c2)CCCN(C(N)=O)C1,CC(=O)NC(Cc1cc(F)cc(F)c1)C(O)CNC1(c2ccc(C(C)C)s2)CCCCC1,0.519,1.085,False,0.028953418135643005
18,49,CC(=O)NC(Cc1cc(F)cc(F)c1)C(O)CNC1(c2cccc(C(C)(C)C)c2)CCCN(C(N)=O)C1,CC(=O)NC(Cc1cc(F)cc(F)c1)C(O)CNC1(c2cccc(C3CCCCC3)c2)CCCCC1,0.575,1.481,False,0.6125767827033997
18,87,CC(=O)NC(Cc1cc(F)cc(F)c1)C(O)CNC1(c2cccc(C(C)(C)C)c2)CCCN(C(N)=O)C1,CC(=O)N[C@@H](Cc1cc(F)cc(F)c1)[C@H](O)CNC1(c2cccc(C(C)(C)CF)c2)CC1,0.653,-0.056,False,0.90418541431427
18,98,CC(=O)NC(Cc1cc(F)cc(F)c1)C(O)CNC1(c2cccc(C(C)(C)C)c2)CCCN(C(N)=O)C1,CC(=O)NC(Cc1cc(F)cc(F)c1)C(O)CNC1(c2cccc(N3CCOCC3=O)c2)CCCCC1,0.552,0.595,False,0.5006573796272278
18,110,CC(=O)NC(Cc1cc(F)cc(F)c1)C(O)CNC1(c2cccc(C(C)(C)C)c2)CCCN(C(N)=O)C1,CCc1cccc(C2(NCC(O)C(Cc3cc(F)cc(F)c3)NC(C)=O)CCCCC2)c1,0.605,0.32,False,0.6719757914543152
18,118,CC(=O)NC(Cc1cc(F)cc(F)c1)C(O)CNC1(c2cccc(C(C)(C)C)c2)CCCN(C(N)=O)C1,CC(=O)NC(Cc1cc(F)cc(F)c1)C(O)CNC1(c2cccc(C3CCCC3)c2)CCCCC1,0.575,0.455,False,0.547197699546814
18,124,CC(=O)NC(Cc1cc(F)cc(F)c1)C(O)CNC1(c2cccc(C(C)(C)C)c2)CCCN(C(N)=O)C1,CSC1CCC(NCC(O)C(Cc2cc(F)cc(F)c2)NC(C)=O)(c2cccc(C(C)(C)C)c2)CC1,0.667,-1.138,False,-0.007819905877113342
18,126,CC(=O)NC(Cc1cc(F)cc(F)c1)C(O)CNC1(c2cccc(C(C)(C)C)c2)CCCN(C(N)=O)C1,CC(=O)NC(Cc1cc(F)cc(F)c1)C(O)CNC1(c2cc(C(C)(C)C)ccn2)CC1,0.577,0.288,False,1.13576078414917
18,131,CC(=O)NC(Cc1cc(F)cc(F)c1)C(O)CNC1(c2cccc(C(C)(C)C)c2)CCCN(C(N)=O)C1,CC(=O)NC(Cc1cc(F)cc(F)c1)C(O)CNC1(c2cccc(C3CCCC3=O)c2)CCCCC1,0.541,0.385,False,1.2522602081298828
18,139,CC(=O)NC(Cc1cc(F)cc(F)c1)C(O)CNC1(c2cccc(C(C)(C)C)c2)CCCN(C(N)=O)C1,CC(=O)NC(Cc1cc(F)cc(F)c1)C(O)CNC1(c2cccc(C(C)(C)C)c2)CCc2nc(N)ncc2C1,0.609,-1.372,False,-0.455562949180603
18,144,CC(=O)NC(Cc1cc(F)cc(F)c1)C(O)CNC1(c2cccc(C(C)(C)C)c2)CCCN(C(N)=O)C1,CC(=O)NC(Cc1cc(F)cc(F)c1)C(O)CNC1(c2cccc(C(C)(C)C)c2)CCC(C(F)(F)F)CC1,0.675,-1.0,False,0.6894003748893738
18,165,CC(=O)NC(Cc1cc(F)cc(F)c1)C(O)CNC1(c2cccc(C(C)(C)C)c2)CCCN(C(N)=O)C1,CC(=O)N[C@@H](Cc1cc(F)cc(F)c1)[C@H](O)CNC1(c2cccc(C(C)(C)C)c2)CCC1,0.783,0.267,False,1.0946694612503052
18,169,CC(=O)NC(Cc1cc(F)cc(F)c1)C(O)CNC1(c2cccc(C(C)(C)C)c2)CCCN(C(N)=O)C1,CC(=O)NC(Cc1cc(F)cc(F)c1)C(O)CNC1(c2ccn(C(C)(C)C)n2)CCCCC1,0.537,0.746,False,0.5630272626876831
18,171,CC(=O)NC(Cc1cc(F)cc(F)c1)C(O)CNC1(c2cccc(C(C)(C)C)c2)CCCN(C(N)=O)C1,CC(=O)NC(Cc1cc(F)cc(F)c1)C(O)CNC1(c2cccc(-c3cscn3)c2)CCCCC1,0.535,-0.477,False,0.4052424430847168
18,173,CC(=O)NC(Cc1cc(F)cc(F)c1)C(O)CNC1(c2cccc(C(C)(C)C)c2)CCCN(C(N)=O)C1,CC(=O)N[C@@H](Cc1cc(F)cc(F)c1)[C@H](O)CN[C@]1(c2cccc(C(C)(C)C(F)F)c2)C[C@H]1C,0.549,0.712,False,0.51029372215271
18,210,CC(=O)NC(Cc1cc(F)cc(F)c1)C(O)CNC1(c2cccc(C(C)(C)C)c2)CCCN(C(N)=O)C1,CC(=O)NC(Cc1cc(F)cc(F)c1)C(O)CNC1(c2cccs2)CCCCC1,0.532,1.959,True,1.111495018005371
18,227,CC(=O)NC(Cc1cc(F)cc(F)c1)C(O)CNC1(c2cccc(C(C)(C)C)c2)CCCN(C(N)=O)C1,CC(=O)NC(Cc1cc(F)cc(F)c1)C(O)CNC1(c2cccc(C(C)(C)C)c2)CC1,0.754,-0.372,False,0.5843563079833984
18,228,CC(=O)NC(Cc1cc(F)cc(F)c1)C(O)CNC1(c2cccc(C(C)(C)C)c2)CCCN(C(N)=O)C1,CC(=O)NC(Cc1cc(F)cc(F)c1)C(O)CNC1(c2cccc(C3CCOC3)c2)CCCCC1,0.535,-0.574,False,0.2783207297325134
18,236,CC(=O)NC(Cc1cc(F)cc(F)c1)C(O)CNC1(c2cccc(C(C)(C)C)c2)CCCN(C(N)=O)C1,COC1CCC(NCC(O)C(Cc2cc(F)cc(F)c2)NC(C)=O)(c2cccc(C(C)(C)C)c2)CC1,0.667,-0.372,False,0.21046926081180573
18,244,CC(=O)NC(Cc1cc(F)cc(F)c1)C(O)CNC1(c2cccc(C(C)(C)C)c2)CCCN(C(N)=O)C1,CC(=O)NC(Cc1cc(F)cc(F)c1)C(O)CNC1(c2nc(C(C)(C)C)co2)CC1,0.5,2.114,True,0.8379767537117004
18,249,CC(=O)NC(Cc1cc(F)cc(F)c1)C(O)CNC1(c2cccc(C(C)(C)C)c2)CCCN(C(N)=O)C1,CC(=O)NC(Cc1cc(F)cc(F)c1)C(O)CNC1(c2cc(CC(C)(C)C)cs2)CCCCC1,0.512,-0.401,False,0.49597489833831787
18,277,CC(=O)NC(Cc1cc(F)cc(F)c1)C(O)CNC1(c2cccc(C(C)(C)C)c2)CCCN(C(N)=O)C1,CC(=O)N[C@@H](Cc1cc(F)cc(F)c1)[C@H](O)CNC(C)(C)c1cccc(C(C)(C)C)c1,0.554,-0.217,False,1.0787826776504517
18,279,CC(=O)NC(Cc1cc(F)cc(F)c1)C(O)CNC1(c2cccc(C(C)(C)C)c2)CCCN(C(N)=O)C1,C=C(C)c1cccc(C2(NCC(O)C(Cc3cc(F)cc(F)c3)NC(C)=O)CCCCC2)c1,0.59,-0.519,False,0.47366243600845337
18,292,CC(=O)NC(Cc1cc(F)cc(F)c1)C(O)CNC1(c2cccc(C(C)(C)C)c2)CCCN(C(N)=O)C1,COC(=O)NC1CCC(NCC(O)C(Cc2cc(F)cc(F)c2)NC(C)=O)(c2cccc(C(C)(C)C)c2)CC1,0.65,-0.138,False,0.7347779273986816
18,296,CC(=O)NC(Cc1cc(F)cc(F)c1)C(O)CNC1(c2cccc(C(C)(C)C)c2)CCCN(C(N)=O)C1,CC(=O)N[C@@H](Cc1cc(F)cc(F)c1)[C@H](O)CNC1(c2cccc(C(C)(C)C(F)F)c2)CC1,0.653,-0.157,False,0.9122949838638306
19,105,CC(C)(C)c1cccc(CNC2CS(=O)(=O)CC(Cc3cc(F)c(N)c(OC(C(F)(F)F)C(F)(F)F)c3)C2O)c1,CC(C)(C)c1cccc(CNC2CS(=O)(=O)CC(Cc3cc(F)c(N)c(-c4cc[nH]n4)c3)C2O)c1,0.675,1.146,False,-0.5050894021987915
19,107,CC(C)(C)c1cccc(CNC2CS(=O)(=O)CC(Cc3cc(F)c(N)c(OC(C(F)(F)F)C(F)(F)F)c3)C2O)c1,CC(C)(C)c1cccc(CNC2CS(=O)(=O)CC(Cc3ccc4[nH]ncc4c3)C2O)c1,0.537,2.86,True,-0.02528245747089386
19,128,CC(C)(C)c1cccc(CNC2CS(=O)(=O)CC(Cc3cc(F)c(N)c(OC(C(F)(F)F)C(F)(F)F)c3)C2O)c1,CCOc1cc(CC2CS(=O)(=O)CC(NCc3cccc(C(C)(C)C)c3)C2O)cc(F)c1N,0.792,1.079,False,-0.4086064100265503
19,143,CC(C)(C)c1cccc(CNC2CS(=O)(=O)CC(Cc3cc(F)c(N)c(OC(C(F)(F)F)C(F)(F)F)c3)C2O)c1,CCOC[C@H](Oc1cc(CC2CS(=O)(=O)CC(NCc3cccc(C(C)(C)C)c3)C2O)cc(F)c1N)C(F)(F)F,0.805,1.204,False,-1.0163652896881104
19,151,CC(C)(C)c1cccc(CNC2CS(=O)(=O)CC(Cc3cc(F)c(N)c(OC(C(F)(F)F)C(F)(F)F)c3)C2O)c1,CC(C)(C)c1cccc(CNC2CS(=O)(=O)CC(Cc3ccc4[nH]ccc4c3)C2O)c1,0.55,3.138,True,0.25372856855392456
19,162,CC(C)(C)c1cccc(CNC2CS(=O)(=O)CC(Cc3cc(F)c(N)c(OC(C(F)(F)F)C(F)(F)F)c3)C2O)c1,CC(C)(C)c1cccc(CNC2CS(=O)CC(Cc3cc(O)c(N)c(F)c3)C2O)c1,0.55,2.423,True,-0.5586203336715698
19,195,CC(C)(C)c1cccc(CNC2CS(=O)(=O)CC(Cc3cc(F)c(N)c(OC(C(F)(F)F)C(F)(F)F)c3)C2O)c1,CC(C)(C)c1cccc(CN[C@H]2CS(=O)(=O)C[C@@H](Cc3cc(F)c4c(c3)C3(CCC(F)(F)CC3)CN4)[C@@H]2O)c1,0.57,1.845,True,-0.6548135280609131
19,246,CC(C)(C)c1cccc(CNC2CS(=O)(=O)CC(Cc3cc(F)c(N)c(OC(C(F)(F)F)C(F)(F)F)c3)C2O)c1,CCCc1cc(CC2CS(=O)(=O)CC(NCc3cccc(C(C)(C)C)c3)C2O)cc(F)c1N,0.707,1.813,True,-0.12660932540893555
19,270,CC(C)(C)c1cccc(CNC2CS(=O)(=O)CC(Cc3cc(F)c(N)c(OC(C(F)(F)F)C(F)(F)F)c3)C2O)c1,CN(C)CC(=O)Nc1ccc(CC2CS(=O)(=O)CC(NCc3cccc(C(C)(C)C)c3)C2O)cc1F,0.598,1.484,False,-0.6450707912445068
19,272,CC(C)(C)c1cccc(CNC2CS(=O)(=O)CC(Cc3cc(F)c(N)c(OC(C(F)(F)F)C(F)(F)F)c3)C2O)c1,COCC(Oc1cc(CC2CS(=O)CC(NCc3cccc(OC(F)(F)F)c3)C2O)cc(F)c1N)C(F)(F)F,0.5,2.025,True,0.36102116107940674
19,286,CC(C)(C)c1cccc(CNC2CS(=O)(=O)CC(Cc3cc(F)c(N)c(OC(C(F)(F)F)C(F)(F)F)c3)C2O)c1,COC[C@@H](Oc1cc(C[C@@H]2CS(=O)C[C@H](NCc3cccc(C(C)(C)C)c3)[C@H]2O)cc(F)c1N)C(F)(F)F,0.631,0.301,False,-1.1639469861984253
19,300,CC(C)(C)c1cccc(CNC2CS(=O)(=O)CC(Cc3cc(F)c(N)c(OC(C(F)(F)F)C(F)(F)F)c3)C2O)c1,CC(C)(C)c1cccc(CN[C@H]2CS(=O)C[C@@H](Cc3cc(F)c(N)c(OC(C(F)(F)F)C(F)(F)F)c3)[C@@H]2O)c1,0.76,0.0,False,0.26022231578826904
20,225,CCCCNC(=O)NCc1ccc(CN2C(=O)C(C)(CC3CCCCC3)N=C2N)cc1,CCCCNC(=O)NCc1ccc(CN2C(=O)C(CCc3ccccc3)(CC(C)C)N=C2N)cc1,0.527,1.0,False,0.3814980983734131
21,91,COc1ccc(C2(c3cccc(-c4cccnc4)c3)COC(=N)N2)cc1,COc1ccc(C2(c3cccc(-c4cccnc4)c3)CC(OC)C(=N)N2)cc1,0.661,-0.368,False,-0.0043964684009552
22,133,COc1ccc2c(c1)C1(COC(=N)N1)c1cc(-c3ccccc3Cl)ccc1O2,COc1ccc2c(c1)C1(COC(=N)N1)c1cc(-c3ccccc3)ccc1O2,0.759,-0.617,False,0.7811148762702942
22,179,COc1ccc2c(c1)C1(COC(=N)N1)c1cc(-c3ccccc3Cl)ccc1O2,COc1ccc2c(c1)C1(COC(=N)N1)c1cc(-c3ccc(Cl)cc3)ccc1O2,0.745,-0.383,False,0.40307557582855225
22,183,COc1ccc2c(c1)C1(COC(=N)N1)c1cc(-c3ccccc3Cl)ccc1O2,COc1ccc2c(c1)C1(COC(=N)N1)c1cc(-c3ccncc3Cl)ccc1O2,0.763,-0.364,False,0.6524118185043335
22,247,COc1ccc2c(c1)C1(COC(=N)N1)c1cc(-c3ccccc3Cl)ccc1O2,COc1ccc2c(c1)C1(COC(=N)N1)c1cc(-c3cccc(Cl)c3)ccc1O2,0.737,-1.574,True,-0.4606926441192627
23,40,CC(C)c1ccnc(CNC2CS(=O)(=O)CC(Cc3ccc(O)c(Br)c3)C2O)c1,O=S1(=O)CC(Cc2ccc(O)c(Br)c2)C(O)C(NCc2cc(Cl)cc(Cl)c2)C1,0.615,-0.01,False,0.4033414125442505
23,135,CC(C)c1ccnc(CNC2CS(=O)(=O)CC(Cc3ccc(O)c(Br)c3)C2O)c1,CC(C)c1cccc(CNC2CS(=O)(=O)CC(Cc3ccc(O)c(CO)c3)C2O)c1,0.592,-0.554,False,1.0315133333206177
23,290,CC(C)c1ccnc(CNC2CS(=O)(=O)CC(Cc3ccc(O)c(Br)c3)C2O)c1,O=S1(=O)C[C@@H](Cc2ccc(O)c(Br)c2)[C@H](O)[C@@H](NCc2cccc(C3CC3)c2)C1,0.571,-0.656,False,0.47617489099502563
24,25,COc1cccc(CNC[C@H](O)[C@H](Cc2cc(F)cc(F)c2)NC(=O)c2cc(/C(C)=N\OCC(C)C)cc(N3CCCCS3(=O)=O)c2)c1,COc1cccc(CNC[C@H](O)[C@H](Cc2cc(F)cc(F)c2)NC(=O)c2cc(C(C)=NO)cc(N3CCCCS3(=O)=O)c2)c1,0.839,-1.052,False,0.8488861918449402
24,70,COc1cccc(CNC[C@H](O)[C@H](Cc2cc(F)cc(F)c2)NC(=O)c2cc(/C(C)=N\OCC(C)C)cc(N3CCCCS3(=O)=O)c2)c1,CCCN(CCC)C(=O)c1cc(C(=O)NC(Cc2cc(F)cc(F)c2)C(O)CNCc2cccc(OC)c2)cc(/C(C)=N\OC)c1,0.604,-2.631,True,0.24719373881816864
24,115,COc1cccc(CNC[C@H](O)[C@H](Cc2cc(F)cc(F)c2)NC(=O)c2cc(/C(C)=N\OCC(C)C)cc(N3CCCCS3(=O)=O)c2)c1,CCCN(CCC)C(=O)c1cc(C(=O)NC(Cc2cc(F)cc(F)c2)C(O)CNCc2cccc(OC)c2)cc(C(C)NC(C)=O)c1,0.535,-1.33,False,-0.8379034399986267
24,142,COc1cccc(CNC[C@H](O)[C@H](Cc2cc(F)cc(F)c2)NC(=O)c2cc(/C(C)=N\OCC(C)C)cc(N3CCCCS3(=O)=O)c2)c1,CCCN(CCC)C(=O)c1cc(Oc2ccccc2)cc(C(=O)NC(Cc2cc(F)cc(F)c2)C(O)CNCc2cccc(OC)c2)c1,0.535,-1.631,True,0.14674319326877594
24,200,COc1cccc(CNC[C@H](O)[C@H](Cc2cc(F)cc(F)c2)NC(=O)c2cc(/C(C)=N\OCC(C)C)cc(N3CCCCS3(=O)=O)c2)c1,COc1cccc(CNC[C@H](O)[C@H](Cc2cc(F)cc(F)c2)NC(=O)c2cc(C(C)=O)cc(N3CCCCS3(=O)=O)c2)c1,0.814,-0.677,False,0.846610426902771
24,208,COc1cccc(CNC[C@H](O)[C@H](Cc2cc(F)cc(F)c2)NC(=O)c2cc(/C(C)=N\OCC(C)C)cc(N3CCCCS3(=O)=O)c2)c1,CCCN(CCC)C(=O)c1cc(C(N)=O)cc(C(=O)N[C@@H](Cc2cc(F)cc(F)c2)[C@H](O)CNCc2cccc(OC)c2)c1,0.531,-1.59,True,0.15804298222064972
24,301,COc1cccc(CNC[C@H](O)[C@H](Cc2cc(F)cc(F)c2)NC(=O)c2cc(/C(C)=N\OCC(C)C)cc(N3CCCCS3(=O)=O)c2)c1,C=CCO/N=C(/C)c1cc(C(=O)N[C@@H](Cc2cc(F)cc(F)c2)[C@@H](O)CNCc2cccc(OC)c2)cc(N2CCCCS2(=O)=O)c1,0.846,-0.586,False,-1.6368578672409058
25,70,COc1cccc(CNC[C@H](O)[C@H](Cc2cc(F)cc(F)c2)NC(=O)c2cc(C(C)=NO)cc(N3CCCCS3(=O)=O)c2)c1,CCCN(CCC)C(=O)c1cc(C(=O)NC(Cc2cc(F)cc(F)c2)C(O)CNCc2cccc(OC)c2)cc(/C(C)=N\OC)c1,0.609,-1.58,True,-0.4981205463409424
25,115,COc1cccc(CNC[C@H](O)[C@H](Cc2cc(F)cc(F)c2)NC(=O)c2cc(C(C)=NO)cc(N3CCCCS3(=O)=O)c2)c1,CCCN(CCC)C(=O)c1cc(C(=O)NC(Cc2cc(F)cc(F)c2)C(O)CNCc2cccc(OC)c2)cc(C(C)NC(C)=O)c1,0.552,-0.279,False,-1.2715015411376953
25,142,COc1cccc(CNC[C@H](O)[C@H](Cc2cc(F)cc(F)c2)NC(=O)c2cc(C(C)=NO)cc(N3CCCCS3(=O)=O)c2)c1,CCCN(CCC)C(=O)c1cc(Oc2ccccc2)cc(C(=O)NC(Cc2cc(F)cc(F)c2)C(O)CNCc2cccc(OC)c2)c1,0.553,-0.58,False,-0.4466956853866577
25,155,COc1cccc(CNC[C@H](O)[C@H](Cc2cc(F)cc(F)c2)NC(=O)c2cc(C(C)=NO)cc(N3CCCCS3(=O)=O)c2)c1,COCC1CCN(C(C)C(=O)NC(Cc2cc(F)cc(F)c2)C(O)CNCc2cccc(OC)c2)C1=O,0.505,1.101,False,0.05054113268852234
25,200,COc1cccc(CNC[C@H](O)[C@H](Cc2cc(F)cc(F)c2)NC(=O)c2cc(C(C)=NO)cc(N3CCCCS3(=O)=O)c2)c1,COc1cccc(CNC[C@H](O)[C@H](Cc2cc(F)cc(F)c2)NC(=O)c2cc(C(C)=O)cc(N3CCCCS3(=O)=O)c2)c1,0.875,0.374,False,-0.21877771615982056
25,208,COc1cccc(CNC[C@H](O)[C@H](Cc2cc(F)cc(F)c2)NC(=O)c2cc(C(C)=NO)cc(N3CCCCS3(=O)=O)c2)c1,CCCN(CCC)C(=O)c1cc(C(N)=O)cc(C(=O)N[C@@H](Cc2cc(F)cc(F)c2)[C@H](O)CNCc2cccc(OC)c2)c1,0.565,-0.538,False,-0.5406519174575806
25,301,COc1cccc(CNC[C@H](O)[C@H](Cc2cc(F)cc(F)c2)NC(=O)c2cc(C(C)=NO)cc(N3CCCCS3(=O)=O)c2)c1,C=CCO/N=C(/C)c1cc(C(=O)N[C@@H](Cc2cc(F)cc(F)c2)[C@@H](O)CNCc2cccc(OC)c2)cc(N2CCCCS2(=O)=O)c1,0.82,0.466,False,-1.8221756219863892
26,31,CC(=O)NC(Cc1cc(F)cc(F)c1)C(O)CNC1(c2cccc(N(C)C)c2)CCCCC1,CC(=O)NC(Cc1cc(F)cc(F)c1)C(O)CNC1(c2cn(C34CC5CC(CC(C5)C3)C4)nn2)CCCCC1,0.538,-0.019,False,-0.28448671102523804
26,39,CC(=O)NC(Cc1cc(F)cc(F)c1)C(O)CNC1(c2cccc(N(C)C)c2)CCCCC1,CC(=O)NC(Cc1cc(F)cc(F)c1)C(O)CNC1(c2ccc(C(C)C)s2)CCCCC1,0.614,0.99,False,-0.7768126726150513
26,49,CC(=O)NC(Cc1cc(F)cc(F)c1)C(O)CNC1(c2cccc(N(C)C)c2)CCCCC1,CC(=O)NC(Cc1cc(F)cc(F)c1)C(O)CNC1(c2cccc(C3CCCCC3)c2)CCCCC1,0.731,1.387,False,0.042483389377593994
26,87,CC(=O)NC(Cc1cc(F)cc(F)c1)C(O)CNC1(c2cccc(N(C)C)c2)CCCCC1,CC(=O)N[C@@H](Cc1cc(F)cc(F)c1)[C@H](O)CNC1(c2cccc(C(C)(C)CF)c2)CC1,0.652,-0.15,False,0.19551222026348114
26,98,CC(=O)NC(Cc1cc(F)cc(F)c1)C(O)CNC1(c2cccc(N(C)C)c2)CCCCC1,CC(=O)NC(Cc1cc(F)cc(F)c1)C(O)CNC1(c2cccc(N3CCOCC3=O)c2)CCCCC1,0.645,0.501,False,-0.25314629077911377
26,110,CC(=O)NC(Cc1cc(F)cc(F)c1)C(O)CNC1(c2cccc(N(C)C)c2)CCCCC1,CCc1cccc(C2(NCC(O)C(Cc3cc(F)cc(F)c3)NC(C)=O)CCCCC2)c1,0.778,0.226,False,0.13709381222724915
26,118,CC(=O)NC(Cc1cc(F)cc(F)c1)C(O)CNC1(c2cccc(N(C)C)c2)CCCCC1,CC(=O)NC(Cc1cc(F)cc(F)c1)C(O)CNC1(c2cccc(C3CCCC3)c2)CCCCC1,0.731,0.36,False,-0.10598351061344147
26,124,CC(=O)NC(Cc1cc(F)cc(F)c1)C(O)CNC1(c2cccc(N(C)C)c2)CCCCC1,CSC1CCC(NCC(O)C(Cc2cc(F)cc(F)c2)NC(C)=O)(c2cccc(C(C)(C)C)c2)CC1,0.6,-1.233,False,-0.9181185364723206
26,126,CC(=O)NC(Cc1cc(F)cc(F)c1)C(O)CNC1(c2cccc(N(C)C)c2)CCCCC1,CC(=O)NC(Cc1cc(F)cc(F)c1)C(O)CNC1(c2cc(C(C)(C)C)ccn2)CC1,0.527,0.193,False,0.523394763469696
26,131,CC(=O)NC(Cc1cc(F)cc(F)c1)C(O)CNC1(c2cccc(N(C)C)c2)CCCCC1,CC(=O)NC(Cc1cc(F)cc(F)c1)C(O)CNC1(c2cccc(C3CCCC3=O)c2)CCCCC1,0.681,0.29,False,0.8848763108253479
26,139,CC(=O)NC(Cc1cc(F)cc(F)c1)C(O)CNC1(c2cccc(N(C)C)c2)CCCCC1,CC(=O)NC(Cc1cc(F)cc(F)c1)C(O)CNC1(c2cccc(C(C)(C)C)c2)CCc2nc(N)ncc2C1,0.512,-1.467,False,-1.0561317205429077
26,144,CC(=O)NC(Cc1cc(F)cc(F)c1)C(O)CNC1(c2cccc(N(C)C)c2)CCCCC1,CC(=O)NC(Cc1cc(F)cc(F)c1)C(O)CNC1(c2cccc(C(C)(C)C)c2)CCC(C(F)(F)F)CC1,0.63,-1.094,False,-0.08861009776592255
26,165,CC(=O)NC(Cc1cc(F)cc(F)c1)C(O)CNC1(c2cccc(N(C)C)c2)CCCCC1,CC(=O)N[C@@H](Cc1cc(F)cc(F)c1)[C@H](O)CNC1(c2cccc(C(C)(C)C)c2)CCC1,0.712,0.173,False,0.5939644575119019
26,169,CC(=O)NC(Cc1cc(F)cc(F)c1)C(O)CNC1(c2cccc(N(C)C)c2)CCCCC1,CC(=O)NC(Cc1cc(F)cc(F)c1)C(O)CNC1(c2ccn(C(C)(C)C)n2)CCCCC1,0.589,0.652,False,-0.23300455510616302
26,171,CC(=O)NC(Cc1cc(F)cc(F)c1)C(O)CNC1(c2cccc(N(C)C)c2)CCCCC1,CC(=O)NC(Cc1cc(F)cc(F)c1)C(O)CNC1(c2cccc(-c3cscn3)c2)CCCCC1,0.671,-0.571,False,-0.25635674595832825
26,173,CC(=O)NC(Cc1cc(F)cc(F)c1)C(O)CNC1(c2cccc(N(C)C)c2)CCCCC1,CC(=O)N[C@@H](Cc1cc(F)cc(F)c1)[C@H](O)CN[C@]1(c2cccc(C(C)(C)C(F)F)c2)C[C@H]1C,0.519,0.618,False,-0.3056391179561615
26,210,CC(=O)NC(Cc1cc(F)cc(F)c1)C(O)CNC1(c2cccc(N(C)C)c2)CCCCC1,CC(=O)NC(Cc1cc(F)cc(F)c1)C(O)CNC1(c2cccs2)CCCCC1,0.657,1.864,True,0.9731447696685791
26,227,CC(=O)NC(Cc1cc(F)cc(F)c1)C(O)CNC1(c2cccc(N(C)C)c2)CCCCC1,CC(=O)NC(Cc1cc(F)cc(F)c1)C(O)CNC1(c2cccc(C(C)(C)C)c2)CC1,0.682,-0.467,False,-0.2317340075969696
26,228,CC(=O)NC(Cc1cc(F)cc(F)c1)C(O)CNC1(c2cccc(N(C)C)c2)CCCCC1,CC(=O)NC(Cc1cc(F)cc(F)c1)C(O)CNC1(c2cccc(C3CCOC3)c2)CCCCC1,0.671,-0.668,False,-0.5411404967308044
26,236,CC(=O)NC(Cc1cc(F)cc(F)c1)C(O)CNC1(c2cccc(N(C)C)c2)CCCCC1,COC1CCC(NCC(O)C(Cc2cc(F)cc(F)c2)NC(C)=O)(c2cccc(C(C)(C)C)c2)CC1,0.6,-0.467,False,-0.4561730623245239
26,244,CC(=O)NC(Cc1cc(F)cc(F)c1)C(O)CNC1(c2cccc(N(C)C)c2)CCCCC1,CC(=O)NC(Cc1cc(F)cc(F)c1)C(O)CNC1(c2nc(C(C)(C)C)co2)CC1,0.507,2.019,True,0.17958708107471466
26,249,CC(=O)NC(Cc1cc(F)cc(F)c1)C(O)CNC1(c2cccc(N(C)C)c2)CCCCC1,CC(=O)NC(Cc1cc(F)cc(F)c1)C(O)CNC1(c2cc(CC(C)(C)C)cs2)CCCCC1,0.583,-0.496,False,-0.165607750415802
26,279,CC(=O)NC(Cc1cc(F)cc(F)c1)C(O)CNC1(c2cccc(N(C)C)c2)CCCCC1,C=C(C)c1cccc(C2(NCC(O)C(Cc3cc(F)cc(F)c3)NC(C)=O)CCCCC2)c1,0.754,-0.613,False,-0.614883542060852
26,292,CC(=O)NC(Cc1cc(F)cc(F)c1)C(O)CNC1(c2cccc(N(C)C)c2)CCCCC1,COC(=O)NC1CCC(NCC(O)C(Cc2cc(F)cc(F)c2)NC(C)=O)(c2cccc(C(C)(C)C)c2)CC1,0.584,-0.233,False,-0.07714200019836426
26,296,CC(=O)NC(Cc1cc(F)cc(F)c1)C(O)CNC1(c2cccc(N(C)C)c2)CCCCC1,CC(=O)N[C@@H](Cc1cc(F)cc(F)c1)[C@H](O)CNC1(c2cccc(C(C)(C)C(F)F)c2)CC1,0.652,-0.251,False,0.4150012135505676
27,263,Cc1ccc(N(c2ccccc2)S(C)(=O)=O)cc1C(=O)NC(Cc1ccccc1)C(O)CNCc1cccc(C(F)(F)F)c1,CS(=O)(=O)N(c1ccncc1)c1cccc(C(=O)NC(Cc2ccccc2)C(O)CNCc2cccc(C(F)(F)F)c2)c1,0.737,-1.218,False,-0.5716615915298462
28,112,CC1(c2cc(NC(=O)c3ncc(Cl)cc3Cl)ccc2F)CCOC(=N)N1,CC1(c2cc(NC(=O)c3ccc(Cl)cn3)ccc2F)CCCOC(=N)N1,0.708,-0.445,False,0.11561761796474457
28,223,CC1(c2cc(NC(=O)c3ncc(Cl)cc3Cl)ccc2F)CCOC(=N)N1,C[C@@]1(c2cc(NC(=O)c3ccc(Cl)cn3)ccc2F)C[C@@H]2C[C@@H]2C(=N)N1,0.5,0.391,False,0.7832021713256836
28,231,CC1(c2cc(NC(=O)c3ncc(Cl)cc3Cl)ccc2F)CCOC(=N)N1,C[C@@]1(c2cc(NC(=O)c3ccc(C#N)cn3)ccc2F)CCOC(=N)N1,0.676,0.117,False,1.9699033498764038
29,57,CC#CCOc1cnc(C(=O)Nc2ccc(F)c(C3(C)N=C(N)OCC3(F)F)c2)cn1,CC1(c2cc(NC(=O)c3ccc(OC(F)(F)F)cn3)ccc2F)N=C(N)OCC1(F)F,0.653,0.978,False,-0.00861254334449768
29,113,CC#CCOc1cnc(C(=O)Nc2ccc(F)c(C3(C)N=C(N)OCC3(F)F)c2)cn1,CC1(c2cc(NC(=O)c3nn(C(F)F)cc3Cl)ccc2F)N=C(N)OCC1(F)F,0.562,0.501,False,-0.9766658544540405
29,132,CC#CCOc1cnc(C(=O)Nc2ccc(F)c(C3(C)N=C(N)OCC3(F)F)c2)cn1,CC1(c2cc(NC(=O)c3cnc(OCC(F)(F)F)cn3)ccc2F)N=C(N)OCC1(F)F,0.775,0.62,False,0.38016802072525024
29,232,CC#CCOc1cnc(C(=O)Nc2ccc(F)c(C3(C)N=C(N)OCC3(F)F)c2)cn1,N#Cc1ccc(C(=O)Nc2ccc(F)c([C@@]3(CF)N=C(N)OCC3(F)F)c2)nc1,0.531,0.912,False,-0.6393046379089355
29,281,CC#CCOc1cnc(C(=O)Nc2ccc(F)c(C3(C)N=C(N)OCC3(F)F)c2)cn1,CC1(c2cc(NC(=O)c3ncc(Cl)cn3)ccc2F)N=C(N)OCC1(F)F,0.648,1.048,False,0.0243137925863266
31,39,CC(=O)NC(Cc1cc(F)cc(F)c1)C(O)CNC1(c2cn(C34CC5CC(CC(C5)C3)C4)nn2)CCCCC1,CC(=O)NC(Cc1cc(F)cc(F)c1)C(O)CNC1(c2ccc(C(C)C)s2)CCCCC1,0.545,1.01,False,-0.20557183027267456
31,49,CC(=O)NC(Cc1cc(F)cc(F)c1)C(O)CNC1(c2cn(C34CC5CC(CC(C5)C3)C4)nn2)CCCCC1,CC(=O)NC(Cc1cc(F)cc(F)c1)C(O)CNC1(c2cccc(C3CCCCC3)c2)CCCCC1,0.564,1.407,False,0.40903449058532715
31,110,CC(=O)NC(Cc1cc(F)cc(F)c1)C(O)CNC1(c2cn(C34CC5CC(CC(C5)C3)C4)nn2)CCCCC1,CCc1cccc(C2(NCC(O)C(Cc3cc(F)cc(F)c3)NC(C)=O)CCCCC2)c1,0.553,0.246,False,0.47866523265838623
31,118,CC(=O)NC(Cc1cc(F)cc(F)c1)C(O)CNC1(c2cn(C34CC5CC(CC(C5)C3)C4)nn2)CCCCC1,CC(=O)NC(Cc1cc(F)cc(F)c1)C(O)CNC1(c2cccc(C3CCCC3)c2)CCCCC1,0.564,0.38,False,0.3302677273750305
31,126,CC(=O)NC(Cc1cc(F)cc(F)c1)C(O)CNC1(c2cn(C34CC5CC(CC(C5)C3)C4)nn2)CCCCC1,CC(=O)NC(Cc1cc(F)cc(F)c1)C(O)CNC1(c2cc(C(C)(C)C)ccn2)CC1,0.526,0.213,False,0.5843459367752075
31,131,CC(=O)NC(Cc1cc(F)cc(F)c1)C(O)CNC1(c2cn(C34CC5CC(CC(C5)C3)C4)nn2)CCCCC1,CC(=O)NC(Cc1cc(F)cc(F)c1)C(O)CNC1(c2cccc(C3CCCC3=O)c2)CCCCC1,0.53,0.31,False,0.8431187868118286
31,165,CC(=O)NC(Cc1cc(F)cc(F)c1)C(O)CNC1(c2cn(C34CC5CC(CC(C5)C3)C4)nn2)CCCCC1,CC(=O)N[C@@H](Cc1cc(F)cc(F)c1)[C@H](O)CNC1(c2cccc(C(C)(C)C)c2)CCC1,0.506,0.192,False,0.6047123670578003
31,169,CC(=O)NC(Cc1cc(F)cc(F)c1)C(O)CNC1(c2cn(C34CC5CC(CC(C5)C3)C4)nn2)CCCCC1,CC(=O)NC(Cc1cc(F)cc(F)c1)C(O)CNC1(c2ccn(C(C)(C)C)n2)CCCCC1,0.605,0.672,False,0.22089596092700958
31,171,CC(=O)NC(Cc1cc(F)cc(F)c1)C(O)CNC1(c2cn(C34CC5CC(CC(C5)C3)C4)nn2)CCCCC1,CC(=O)NC(Cc1cc(F)cc(F)c1)C(O)CNC1(c2cccc(-c3cscn3)c2)CCCCC1,0.506,-0.552,False,0.22565151751041412
31,210,CC(=O)NC(Cc1cc(F)cc(F)c1)C(O)CNC1(c2cn(C34CC5CC(CC(C5)C3)C4)nn2)CCCCC1,CC(=O)NC(Cc1cc(F)cc(F)c1)C(O)CNC1(c2cccs2)CCCCC1,0.56,1.884,True,0.839107871055603
31,228,CC(=O)NC(Cc1cc(F)cc(F)c1)C(O)CNC1(c2cn(C34CC5CC(CC(C5)C3)C4)nn2)CCCCC1,CC(=O)NC(Cc1cc(F)cc(F)c1)C(O)CNC1(c2cccc(C3CCOC3)c2)CCCCC1,0.524,-0.649,False,0.09410853683948517
31,249,CC(=O)NC(Cc1cc(F)cc(F)c1)C(O)CNC1(c2cn(C34CC5CC(CC(C5)C3)C4)nn2)CCCCC1,CC(=O)NC(Cc1cc(F)cc(F)c1)C(O)CNC1(c2cc(CC(C)(C)C)cs2)CCCCC1,0.538,-0.476,False,0.22832800447940826
31,279,CC(=O)NC(Cc1cc(F)cc(F)c1)C(O)CNC1(c2cn(C34CC5CC(CC(C5)C3)C4)nn2)CCCCC1,C=C(C)c1cccc(C2(NCC(O)C(Cc3cc(F)cc(F)c3)NC(C)=O)CCCCC2)c1,0.538,-0.593,False,0.1573045402765274
32,242,CCNc1cc(C(=O)N[C@@H](Cc2ccccc2)[C@H](O)CNC(C)(C)c2cccc(C(F)(F)F)c2)cc(N2CCCCS2(=O)=O)c1,CCNc1cc(C(=O)N[C@@H](Cc2ccccc2)[C@H](O)CNC(C)(C)CCCC(C)C)cc(N2CCCC2=O)c1,0.521,0.74,False,0.5673231482505798
33,56,CN1C(=O)C(c2ccncc2)(c2cccc(-c3cccc(C#N)c3)c2)N=C1N,CN1C(=O)C(c2cccc(-c3cccnc3)c2)(c2ccc3c(c2)OCO3)N=C1N,0.523,0.796,False,1.19170081615448
33,69,CN1C(=O)C(c2ccncc2)(c2cccc(-c3cccc(C#N)c3)c2)N=C1N,CN1C(=O)C(c2ccncc2)(c2cccc(-c3cccc(F)c3)c2)N=C1N,0.717,0.097,False,0.44086015224456787
33,82,CN1C(=O)C(c2ccncc2)(c2cccc(-c3cccc(C#N)c3)c2)N=C1N,CN1C(=O)C(c2ccccc2)(c2ccccc2)N=C1N,0.531,1.954,True,2.0807528495788574
33,192,CN1C(=O)C(c2ccncc2)(c2cccc(-c3cccc(C#N)c3)c2)N=C1N,Cc1cc([C@]2(c3cccc(-c4cncnc4)c3)N=C(N)N(C)C2=O)ccn1,0.583,0.301,False,0.3539658188819885
33,197,CN1C(=O)C(c2ccncc2)(c2cccc(-c3cccc(C#N)c3)c2)N=C1N,CN1C(=O)[C@@](c2ccncc2)(c2cccc(-c3cc(F)ccc3F)c2)N=C1N,0.627,-0.301,False,0.6776386499404907
33,226,CN1C(=O)C(c2ccncc2)(c2cccc(-c3cccc(C#N)c3)c2)N=C1N,Cc1cc(C2(c3cccc(-c4cncnc4)c3)N=C(N)N(C)C2=O)cs1,0.532,0.544,False,0.12336571514606476
33,238,CN1C(=O)C(c2ccncc2)(c2cccc(-c3cccc(C#N)c3)c2)N=C1N,COc1ccc([C@]2(c3cccc(-c4cccnc4)c3)N=C(N)N(C)C2=O)cc1C,0.523,0.0,False,0.15761743485927582
33,241,CN1C(=O)C(c2ccncc2)(c2cccc(-c3cccc(C#N)c3)c2)N=C1N,CN1C(=O)C(c2ccsc2)(c2cccc(-c3cncnc3)c2)N=C1N,0.541,0.243,False,2.1670680046081543
33,255,CN1C(=O)C(c2ccncc2)(c2cccc(-c3cccc(C#N)c3)c2)N=C1N,CCc1cc(C2(c3cccc(-c4cncnc4)c3)N=C(N)N(C)C2=O)cs1,0.516,0.301,False,0.269567608833313
33,259,CN1C(=O)C(c2ccncc2)(c2cccc(-c3cccc(C#N)c3)c2)N=C1N,CN1C(=O)[C@@](c2ccncc2)(c2cccc(-c3cccnc3)c2)N=C1N,0.717,0.176,False,1.2362195253372192
33,266,CN1C(=O)C(c2ccncc2)(c2cccc(-c3cccc(C#N)c3)c2)N=C1N,CC(C)c1cc(C2(c3cccc(-c4cncnc4)c3)N=C(N)N(C)C2=O)ccn1,0.556,0.243,False,0.3244670629501343
33,284,CN1C(=O)C(c2ccncc2)(c2cccc(-c3cccc(C#N)c3)c2)N=C1N,CN1C(=O)C(c2cccc(-c3cccnc3)c2)(c2ccc3c(c2)CCO3)N=C1N,0.5,0.477,False,0.32091742753982544
34,44,CCC(C)C1(NC(C)=O)CCN(C(CCc2ccccc2)C(=O)NC(Cc2cc(F)cc(F)c2)C(O)C2CC(Oc3cccnc3)CN2)C1=O,CCC(C)C1(NC(C)=O)CCN(C(CCc2ccccc2)C(=O)NC(Cc2cc(F)cc(F)c2)C(O)C2CC(OCc3cccnc3)CN2)C1=O,0.859,-0.625,False,-0.0011895149946212769
34,94,CCC(C)C1(NC(C)=O)CCN(C(CCc2ccccc2)C(=O)NC(Cc2cc(F)cc(F)c2)C(O)C2CC(Oc3cccnc3)CN2)C1=O,CCCCC1CCN(C(CCc2ccccc2)C(=O)NC(Cc2cc(F)cc(F)c2)C(O)C2CC(OCCC)CN2)C1=O,0.532,0.508,False,0.06596362590789795
34,130,CCC(C)C1(NC(C)=O)CCN(C(CCc2ccccc2)C(=O)NC(Cc2cc(F)cc(F)c2)C(O)C2CC(Oc3cccnc3)CN2)C1=O,CCCCC1CCN(C(CCc2ccccc2)C(=O)NC(Cc2cc(F)cc(F)c2)C(O)C2CC(O)CN2)C1=O,0.5,0.627,False,0.5852736830711365
35,243,CS(=O)(=O)c1ccc(-c2ccccc2C2CNCC2C(=O)N2CCOCC2c2ccccc2)cc1,O=C(C1CNCC1c1ccccc1Br)N1CCOCC1c1ccccc1,0.656,1.07,False,0.7004925012588501
36,123,NC1=NC(c2ccccc2)(C2CCCCC2)C(=O)N1CC1CCC(C(=O)O)CC1,NC1=NC(c2ccccc2)(C2CCCCC2)C(=O)N1CC1CCCO1,0.638,0.426,False,1.4636200666427612
36,125,NC1=NC(c2ccccc2)(C2CCCCC2)C(=O)N1CC1CCC(C(=O)O)CC1,NC1=NC(c2ccccc2)(C2CCCCC2)C(=O)N1Cc1cc(F)cc(F)c1,0.583,0.442,False,-0.15982258319854736
38,43,CN1C(=O)[C@@](c2ccc(OC(F)F)cc2)(c2cccc(/C=C/CCF)c2)N=C1N,CCC#Cc1cccc([C@@]2(c3ccc(OC(F)F)cc3)N=C(N)N(C)C2=O)c1,0.618,0.0,False,0.8464721441268921
38,137,CN1C(=O)[C@@](c2ccc(OC(F)F)cc2)(c2cccc(/C=C/CCF)c2)N=C1N,CN1C(=O)[C@@](c2ccc(OC(F)F)cc2)(c2cccc(C#CC3CC3)c2)N=C1N,0.577,-0.301,False,0.9128152132034302
38,163,CN1C(=O)[C@@](c2ccc(OC(F)F)cc2)(c2cccc(/C=C/CCF)c2)N=C1N,CN1C(=O)[C@@](c2ccc(OC(F)F)cc2)(c2cccc(C#CCCF)c2)N=C1N,0.647,-0.602,False,0.32451045513153076
38,164,CN1C(=O)[C@@](c2ccc(OC(F)F)cc2)(c2cccc(/C=C/CCF)c2)N=C1N,CCCCc1cccc([C@@]2(c3ccc(OC(F)F)cc3)N=C(N)N(C)C2=O)c1,0.627,-0.125,False,0.4762827157974243
38,182,CN1C(=O)[C@@](c2ccc(OC(F)F)cc2)(c2cccc(/C=C/CCF)c2)N=C1N,CN1C(=O)[C@@](c2ccc(OC(F)F)cc2)(c2cccc(OCCC(F)F)c2)N=C1N,0.627,-0.602,False,1.4651106595993042
38,190,CN1C(=O)[C@@](c2ccc(OC(F)F)cc2)(c2cccc(/C=C/CCF)c2)N=C1N,CCCc1cccc([C@@]2(c3ccc(OC(F)F)cc3)N=C(N)N(C)C2=O)c1,0.646,0.352,False,0.27767133712768555
38,196,CN1C(=O)[C@@](c2ccc(OC(F)F)cc2)(c2cccc(/C=C/CCF)c2)N=C1N,CN1C(=O)[C@@](c2ccc(OC(F)F)cc2)(c2cccc(C(=O)CCCF)c2)N=C1N,0.647,0.301,False,0.05011267960071564
38,199,CN1C(=O)[C@@](c2ccc(OC(F)F)cc2)(c2cccc(/C=C/CCF)c2)N=C1N,CN1C(=O)[C@@](c2ccc(OC(F)F)cc2)(c2cccc([C@H](F)CCCF)c2)N=C1N,0.657,0.301,False,-0.20774199068546295
38,273,CN1C(=O)[C@@](c2ccc(OC(F)F)cc2)(c2cccc(/C=C/CCF)c2)N=C1N,CN1C(=O)[C@@](c2ccc(OC(F)F)cc2)(c2ccc(F)c(OCCF)c2)N=C1N,0.612,0.477,False,0.4002000093460083
38,278,CN1C(=O)[C@@](c2ccc(OC(F)F)cc2)(c2cccc(/C=C/CCF)c2)N=C1N,CN1C(=O)[C@@](c2ccc(OC(F)F)cc2)(c2cccc(OCCC(F)(F)F)c2)N=C1N,0.609,0.699,False,1.2956644296646118
39,49,CC(=O)NC(Cc1cc(F)cc(F)c1)C(O)CNC1(c2ccc(C(C)C)s2)CCCCC1,CC(=O)NC(Cc1cc(F)cc(F)c1)C(O)CNC1(c2cccc(C3CCCCC3)c2)CCCCC1,0.597,0.397,False,0.7842224836349487
39,87,CC(=O)NC(Cc1cc(F)cc(F)c1)C(O)CNC1(c2ccc(C(C)C)s2)CCCCC1,CC(=O)N[C@@H](Cc1cc(F)cc(F)c1)[C@H](O)CNC1(c2cccc(C(C)(C)CF)c2)CC1,0.548,-1.141,False,1.0321877002716064
39,98,CC(=O)NC(Cc1cc(F)cc(F)c1)C(O)CNC1(c2ccc(C(C)C)s2)CCCCC1,CC(=O)NC(Cc1cc(F)cc(F)c1)C(O)CNC1(c2cccc(N3CCOCC3=O)c2)CCCCC1,0.531,-0.489,False,0.5285009741783142
39,110,CC(=O)NC(Cc1cc(F)cc(F)c1)C(O)CNC1(c2ccc(C(C)C)s2)CCCCC1,CCc1cccc(C2(NCC(O)C(Cc3cc(F)cc(F)c3)NC(C)=O)CCCCC2)c1,0.632,-0.764,False,0.7846923470497131
39,118,CC(=O)NC(Cc1cc(F)cc(F)c1)C(O)CNC1(c2ccc(C(C)C)s2)CCCCC1,CC(=O)NC(Cc1cc(F)cc(F)c1)C(O)CNC1(c2cccc(C3CCCC3)c2)CCCCC1,0.597,-0.63,False,0.6849612593650818
39,124,CC(=O)NC(Cc1cc(F)cc(F)c1)C(O)CNC1(c2ccc(C(C)C)s2)CCCCC1,CSC1CCC(NCC(O)C(Cc2cc(F)cc(F)c2)NC(C)=O)(c2cccc(C(C)(C)C)c2)CC1,0.506,-2.223,True,0.00735531747341156
39,126,CC(=O)NC(Cc1cc(F)cc(F)c1)C(O)CNC1(c2ccc(C(C)C)s2)CCCCC1,CC(=O)NC(Cc1cc(F)cc(F)c1)C(O)CNC1(c2cc(C(C)(C)C)ccn2)CC1,0.534,-0.797,False,1.3136224746704102
39,131,CC(=O)NC(Cc1cc(F)cc(F)c1)C(O)CNC1(c2ccc(C(C)C)s2)CCCCC1,CC(=O)NC(Cc1cc(F)cc(F)c1)C(O)CNC1(c2cccc(C3CCCC3=O)c2)CCCCC1,0.558,-0.7,False,1.5993516445159912
39,144,CC(=O)NC(Cc1cc(F)cc(F)c1)C(O)CNC1(c2ccc(C(C)C)s2)CCCCC1,CC(=O)NC(Cc1cc(F)cc(F)c1)C(O)CNC1(c2cccc(C(C)(C)C)c2)CCC(C(F)(F)F)CC1,0.513,-2.085,True,0.6537360548973083
39,165,CC(=O)NC(Cc1cc(F)cc(F)c1)C(O)CNC1(c2ccc(C(C)C)s2)CCCCC1,CC(=O)N[C@@H](Cc1cc(F)cc(F)c1)[C@H](O)CNC1(c2cccc(C(C)(C)C)c2)CCC1,0.6,-0.818,False,1.2274497747421265
39,169,CC(=O)NC(Cc1cc(F)cc(F)c1)C(O)CNC1(c2ccc(C(C)C)s2)CCCCC1,CC(=O)NC(Cc1cc(F)cc(F)c1)C(O)CNC1(c2ccn(C(C)(C)C)n2)CCCCC1,0.597,-0.338,False,0.6981862187385559
39,171,CC(=O)NC(Cc1cc(F)cc(F)c1)C(O)CNC1(c2ccc(C(C)C)s2)CCCCC1,CC(=O)NC(Cc1cc(F)cc(F)c1)C(O)CNC1(c2cccc(-c3cscn3)c2)CCCCC1,0.571,-1.562,True,0.4203341603279114
39,210,CC(=O)NC(Cc1cc(F)cc(F)c1)C(O)CNC1(c2ccc(C(C)C)s2)CCCCC1,CC(=O)NC(Cc1cc(F)cc(F)c1)C(O)CNC1(c2cccs2)CCCCC1,0.719,0.874,False,1.545383095741272
39,227,CC(=O)NC(Cc1cc(F)cc(F)c1)C(O)CNC1(c2ccc(C(C)C)s2)CCCCC1,CC(=O)NC(Cc1cc(F)cc(F)c1)C(O)CNC1(c2cccc(C(C)(C)C)c2)CC1,0.571,-1.457,False,0.6330231428146362
39,228,CC(=O)NC(Cc1cc(F)cc(F)c1)C(O)CNC1(c2ccc(C(C)C)s2)CCCCC1,CC(=O)NC(Cc1cc(F)cc(F)c1)C(O)CNC1(c2cccc(C3CCOC3)c2)CCCCC1,0.551,-1.659,True,0.36034882068634033
39,236,CC(=O)NC(Cc1cc(F)cc(F)c1)C(O)CNC1(c2ccc(C(C)C)s2)CCCCC1,COC1CCC(NCC(O)C(Cc2cc(F)cc(F)c2)NC(C)=O)(c2cccc(C(C)(C)C)c2)CC1,0.506,-1.457,False,0.24025212228298187
39,244,CC(=O)NC(Cc1cc(F)cc(F)c1)C(O)CNC1(c2ccc(C(C)C)s2)CCCCC1,CC(=O)NC(Cc1cc(F)cc(F)c1)C(O)CNC1(c2nc(C(C)(C)C)co2)CC1,0.514,1.029,False,1.0851775407791138
39,249,CC(=O)NC(Cc1cc(F)cc(F)c1)C(O)CNC1(c2ccc(C(C)C)s2)CCCCC1,CC(=O)NC(Cc1cc(F)cc(F)c1)C(O)CNC1(c2cc(CC(C)(C)C)cs2)CCCCC1,0.662,-1.486,False,0.6265380382537842
39,279,CC(=O)NC(Cc1cc(F)cc(F)c1)C(O)CNC1(c2ccc(C(C)C)s2)CCCCC1,C=C(C)c1cccc(C2(NCC(O)C(Cc3cc(F)cc(F)c3)NC(C)=O)CCCCC2)c1,0.614,-1.603,True,0.5535409450531006
39,292,CC(=O)NC(Cc1cc(F)cc(F)c1)C(O)CNC1(c2ccc(C(C)C)s2)CCCCC1,COC(=O)NC1CCC(NCC(O)C(Cc2cc(F)cc(F)c2)NC(C)=O)(c2cccc(C(C)(C)C)c2)CC1,0.512,-1.223,False,0.7167730927467346
39,296,CC(=O)NC(Cc1cc(F)cc(F)c1)C(O)CNC1(c2ccc(C(C)C)s2)CCCCC1,CC(=O)N[C@@H](Cc1cc(F)cc(F)c1)[C@H](O)CNC1(c2cccc(C(C)(C)C(F)F)c2)CC1,0.548,-1.241,False,1.0783637762069702
40,135,O=S1(=O)CC(Cc2ccc(O)c(Br)c2)C(O)C(NCc2cc(Cl)cc(Cl)c2)C1,CC(C)c1cccc(CNC2CS(=O)(=O)CC(Cc3ccc(O)c(CO)c3)C2O)c1,0.529,-0.544,False,0.6741012334823608
40,290,O=S1(=O)CC(Cc2ccc(O)c(Br)c2)C(O)C(NCc2cc(Cl)cc(Cl)c2)C1,O=S1(=O)C[C@@H](Cc2ccc(O)c(Br)c2)[C@H](O)[C@@H](NCc2cccc(C3CC3)c2)C1,0.683,-0.646,False,0.003905549645423889
41,71,CC(=O)NC(Cc1ccccc1)C(O)CNC1CC2(CCC2)Oc2ncc(CC(C)C)cc21,CC(=O)NC(Cc1cccc(F)c1)C(O)CNC1CC2(CCC2)Oc2ncc(CC(C)(C)C)cc21,0.718,-0.699,False,-0.6830165386199951
41,146,CC(=O)NC(Cc1ccccc1)C(O)CNC1CC2(CCC2)Oc2ncc(CC(C)C)cc21,COCC(=O)NC(Cc1cccc(-c2ncco2)c1)C(O)CNC1CC2(CCC2)Oc2ncc(CC(C)(C)C)cc21,0.553,0.283,False,-0.7694699764251709
41,148,CC(=O)NC(Cc1ccccc1)C(O)CNC1CC2(CCC2)Oc2ncc(CC(C)C)cc21,COCC(=O)NC(Cc1cccc(-c2ccccn2)c1)C(O)CNC1CC2(CCC2)Oc2ncc(CC(C)(C)C)cc21,0.576,0.27,False,-0.2601097822189331
41,154,CC(=O)NC(Cc1ccccc1)C(O)CNC1CC2(CCC2)Oc2ncc(CC(C)C)cc21,CC(=O)NC(Cc1ccc(Cl)cc1)C(O)CNC1CC2(CCC2)Oc2ncc(CC(C)(C)C)cc21,0.724,0.22,False,-1.0481197834014893
41,217,CC(=O)NC(Cc1ccccc1)C(O)CNC1CC2(CCC2)Oc2ncc(CC(C)C)cc21,CCc1cnc2c(c1)C(NCC(O)C(Cc1ccccc1)NC(C)=O)CC1(CCC1)O2,0.868,1.26,False,0.44695937633514404
41,287,CC(=O)NC(Cc1ccccc1)C(O)CNC1CC2(CCC2)Oc2ncc(CC(C)C)cc21,CC(=O)N[C@@H](Cc1ccc(F)cc1)[C@H](O)CN[C@H]1CC2(CCC2)Oc2ncc(CC(C)(C)C)cc21,0.724,0.0,False,-0.9963659644126892
42,46,CC(C)CNC(=O)C(C)C[C@H](O)[C@H](CC(C)C)NC(=O)C(Cc1ccc([N+](=O)[O-])cc1)NC(=O)c1ccc(Cl)cc1Cl,CC(C)CNC(=O)C(C)C[C@H](O)[C@H](CC(C)C)NC(=O)C(Cc1ccccc1)NC(=O)c1ccc2c(c1)OCO2,0.506,0.28,False,0.5085239410400391
43,137,CCC#Cc1cccc([C@@]2(c3ccc(OC(F)F)cc3)N=C(N)N(C)C2=O)c1,CN1C(=O)[C@@](c2ccc(OC(F)F)cc2)(c2cccc(C#CC3CC3)c2)N=C1N,0.746,-0.301,False,0.15822650492191315
43,163,CCC#Cc1cccc([C@@]2(c3ccc(OC(F)F)cc3)N=C(N)N(C)C2=O)c1,CN1C(=O)[C@@](c2ccc(OC(F)F)cc2)(c2cccc(C#CCCF)c2)N=C1N,0.833,-0.602,False,-1.3000415563583374
43,164,CCC#Cc1cccc([C@@]2(c3ccc(OC(F)F)cc3)N=C(N)N(C)C2=O)c1,CCCCc1cccc([C@@]2(c3ccc(OC(F)F)cc3)N=C(N)N(C)C2=O)c1,0.672,-0.125,False,-0.18520012497901917
43,182,CCC#Cc1cccc([C@@]2(c3ccc(OC(F)F)cc3)N=C(N)N(C)C2=O)c1,CN1C(=O)[C@@](c2ccc(OC(F)F)cc2)(c2cccc(OCCC(F)F)c2)N=C1N,0.646,-0.602,False,0.9821715354919434
43,190,CCC#Cc1cccc([C@@]2(c3ccc(OC(F)F)cc3)N=C(N)N(C)C2=O)c1,CCCc1cccc([C@@]2(c3ccc(OC(F)F)cc3)N=C(N)N(C)C2=O)c1,0.694,0.352,False,-0.17214235663414001
43,196,CCC#Cc1cccc([C@@]2(c3ccc(OC(F)F)cc3)N=C(N)N(C)C2=O)c1,CN1C(=O)[C@@](c2ccc(OC(F)F)cc2)(c2cccc(C(=O)CCCF)c2)N=C1N,0.618,0.301,False,-0.6404554843902588
43,199,CCC#Cc1cccc([C@@]2(c3ccc(OC(F)F)cc3)N=C(N)N(C)C2=O)c1,CN1C(=O)[C@@](c2ccc(OC(F)F)cc2)(c2cccc([C@H](F)CCCF)c2)N=C1N,0.627,0.301,False,-0.8293280601501465
43,273,CCC#Cc1cccc([C@@]2(c3ccc(OC(F)F)cc3)N=C(N)N(C)C2=O)c1,CN1C(=O)[C@@](c2ccc(OC(F)F)cc2)(c2ccc(F)c(OCCF)c2)N=C1N,0.582,0.477,False,0.04617494344711304
43,278,CCC#Cc1cccc([C@@]2(c3ccc(OC(F)F)cc3)N=C(N)N(C)C2=O)c1,CN1C(=O)[C@@](c2ccc(OC(F)F)cc2)(c2cccc(OCCC(F)(F)F)c2)N=C1N,0.627,0.699,False,0.8514222502708435
44,94,CCC(C)C1(NC(C)=O)CCN(C(CCc2ccccc2)C(=O)NC(Cc2cc(F)cc(F)c2)C(O)C2CC(OCc3cccnc3)CN2)C1=O,CCCCC1CCN(C(CCc2ccccc2)C(=O)NC(Cc2cc(F)cc(F)c2)C(O)C2CC(OCCC)CN2)C1=O,0.56,1.133,False,0.16175024211406708
44,130,CCC(C)C1(NC(C)=O)CCN(C(CCc2ccccc2)C(=O)NC(Cc2cc(F)cc(F)c2)C(O)C2CC(OCc3cccnc3)CN2)C1=O,CCCCC1CCN(C(CCc2ccccc2)C(=O)NC(Cc2cc(F)cc(F)c2)C(O)C2CC(O)CN2)C1=O,0.5,1.252,False,0.6227951049804688
45,85,CC(C)c1cccc(C2(NCC(O)C3Cc4cccc(c4)OCCCCOc4cc(cc(N5CCCC5=O)c4)C(=O)N3)CC2)c1,CC(C)c1cccc(CNCC(O)C2Cc3cccc(c3)OCCCCNc3cccc(c3)C(=O)N2)c1,0.531,2.465,True,0.4872820973396301
45,100,CC(C)c1cccc(C2(NCC(O)C3Cc4cccc(c4)OCCCCOc4cc(cc(N5CCCC5=O)c4)C(=O)N3)CC2)c1,Cc1cc2cc(n1)NCCCCOc1cccc(c1)CC(C(O)CNCc1cccc(C(C)C)c1)NC2=O,0.505,1.431,False,0.712313175201416
45,150,CC(C)c1cccc(C2(NCC(O)C3Cc4cccc(c4)OCCCCOc4cc(cc(N5CCCC5=O)c4)C(=O)N3)CC2)c1,COCc1cc2cc(n1)OCCCCOc1cccc(c1)CC(C(O)CNC1(c3cccc(C(C)C)c3)CC1)NC2=O,0.66,0.954,False,0.12316189706325531
45,194,CC(C)c1cccc(C2(NCC(O)C3Cc4cccc(c4)OCCCCOc4cc(cc(N5CCCC5=O)c4)C(=O)N3)CC2)c1,COCc1cc2cc(c1)C(=O)N[C@H]([C@H](O)CNC1(c3cccc(C(C)C)c3)CC1)Cc1cccc(c1)OCCCCN2,0.646,1.23,False,-0.09918048977851868
47,116,CCn1cc2c3c(cc(C(=O)NC(Cc4ccccc4)C(O)(O)CNC4CCOCC4)cc31)N(C)S(=O)(=O)CC2,CCn1cc2c3c(cc(C(=O)NC(Cc4ccccc4)[C@H](O)CNCC(F)F)cc31)N(C)S(=O)(=O)CC2,0.589,0.187,False,0.016599290072917938
49,87,CC(=O)NC(Cc1cc(F)cc(F)c1)C(O)CNC1(c2cccc(C3CCCCC3)c2)CCCCC1,CC(=O)N[C@@H](Cc1cc(F)cc(F)c1)[C@H](O)CNC1(c2cccc(C(C)(C)CF)c2)CC1,0.634,-1.538,True,0.09784115850925446
49,98,CC(=O)NC(Cc1cc(F)cc(F)c1)C(O)CNC1(c2cccc(C3CCCCC3)c2)CCCCC1,CC(=O)NC(Cc1cc(F)cc(F)c1)C(O)CNC1(c2cccc(N3CCOCC3=O)c2)CCCCC1,0.628,-0.886,False,-0.27532607316970825
49,110,CC(=O)NC(Cc1cc(F)cc(F)c1)C(O)CNC1(c2cccc(C3CCCCC3)c2)CCCCC1,CCc1cccc(C2(NCC(O)C(Cc3cc(F)cc(F)c3)NC(C)=O)CCCCC2)c1,0.754,-1.161,False,0.08900398015975952
49,118,CC(=O)NC(Cc1cc(F)cc(F)c1)C(O)CNC1(c2cccc(C3CCCCC3)c2)CCCCC1,CC(=O)NC(Cc1cc(F)cc(F)c1)C(O)CNC1(c2cccc(C3CCCC3)c2)CCCCC1,1.0,-1.027,False,-0.5480278134346008
49,124,CC(=O)NC(Cc1cc(F)cc(F)c1)C(O)CNC1(c2cccc(C3CCCCC3)c2)CCCCC1,CSC1CCC(NCC(O)C(Cc2cc(F)cc(F)c2)NC(C)=O)(c2cccc(C(C)(C)C)c2)CC1,0.627,-2.62,True,-0.9417184591293335
49,126,CC(=O)NC(Cc1cc(F)cc(F)c1)C(O)CNC1(c2cccc(C3CCCCC3)c2)CCCCC1,CC(=O)NC(Cc1cc(F)cc(F)c1)C(O)CNC1(c2cc(C(C)(C)C)ccn2)CC1,0.513,-1.194,False,0.3458353877067566
49,131,CC(=O)NC(Cc1cc(F)cc(F)c1)C(O)CNC1(c2cccc(C3CCCCC3)c2)CCCCC1,CC(=O)NC(Cc1cc(F)cc(F)c1)C(O)CNC1(c2cccc(C3CCCC3=O)c2)CCCCC1,0.783,-1.097,False,0.6470124125480652
49,139,CC(=O)NC(Cc1cc(F)cc(F)c1)C(O)CNC1(c2cccc(C3CCCCC3)c2)CCCCC1,CC(=O)NC(Cc1cc(F)cc(F)c1)C(O)CNC1(c2cccc(C(C)(C)C)c2)CCc2nc(N)ncc2C1,0.5,-2.854,True,-0.9208515286445618
49,144,CC(=O)NC(Cc1cc(F)cc(F)c1)C(O)CNC1(c2cccc(C3CCCCC3)c2)CCCCC1,CC(=O)NC(Cc1cc(F)cc(F)c1)C(O)CNC1(c2cccc(C(C)(C)C)c2)CCC(C(F)(F)F)CC1,0.635,-2.481,True,-0.1134454756975174
49,165,CC(=O)NC(Cc1cc(F)cc(F)c1)C(O)CNC1(c2cccc(C3CCCCC3)c2)CCCCC1,CC(=O)N[C@@H](Cc1cc(F)cc(F)c1)[C@H](O)CNC1(c2cccc(C(C)(C)C)c2)CCC1,0.691,-1.215,False,0.3653841018676758
49,169,CC(=O)NC(Cc1cc(F)cc(F)c1)C(O)CNC1(c2cccc(C3CCCCC3)c2)CCCCC1,CC(=O)NC(Cc1cc(F)cc(F)c1)C(O)CNC1(c2ccn(C(C)(C)C)n2)CCCCC1,0.573,-0.735,False,-0.16996672749519348
49,171,CC(=O)NC(Cc1cc(F)cc(F)c1)C(O)CNC1(c2cccc(C3CCCCC3)c2)CCCCC1,CC(=O)NC(Cc1cc(F)cc(F)c1)C(O)CNC1(c2cccc(-c3cscn3)c2)CCCCC1,0.653,-1.959,True,-0.22302716970443726
49,173,CC(=O)NC(Cc1cc(F)cc(F)c1)C(O)CNC1(c2cccc(C3CCCCC3)c2)CCCCC1,CC(=O)N[C@@H](Cc1cc(F)cc(F)c1)[C@H](O)CN[C@]1(c2cccc(C(C)(C)C(F)F)c2)C[C@H]1C,0.526,-0.77,False,-0.21938759088516235
49,210,CC(=O)NC(Cc1cc(F)cc(F)c1)C(O)CNC1(c2cccc(C3CCCCC3)c2)CCCCC1,CC(=O)NC(Cc1cc(F)cc(F)c1)C(O)CNC1(c2cccs2)CCCCC1,0.638,0.477,False,0.6934330463409424
49,227,CC(=O)NC(Cc1cc(F)cc(F)c1)C(O)CNC1(c2cccc(C3CCCCC3)c2)CCCCC1,CC(=O)NC(Cc1cc(F)cc(F)c1)C(O)CNC1(c2cccc(C(C)(C)C)c2)CC1,0.662,-1.854,True,-0.18694163858890533
49,228,CC(=O)NC(Cc1cc(F)cc(F)c1)C(O)CNC1(c2cccc(C3CCCCC3)c2)CCCCC1,CC(=O)NC(Cc1cc(F)cc(F)c1)C(O)CNC1(c2cccc(C3CCOC3)c2)CCCCC1,0.824,-2.056,True,-0.4982070326805115
49,236,CC(=O)NC(Cc1cc(F)cc(F)c1)C(O)CNC1(c2cccc(C3CCCCC3)c2)CCCCC1,COC1CCC(NCC(O)C(Cc2cc(F)cc(F)c2)NC(C)=O)(c2cccc(C(C)(C)C)c2)CC1,0.627,-1.854,True,-0.43094897270202637
49,249,CC(=O)NC(Cc1cc(F)cc(F)c1)C(O)CNC1(c2cccc(C3CCCCC3)c2)CCCCC1,CC(=O)NC(Cc1cc(F)cc(F)c1)C(O)CNC1(c2cc(CC(C)(C)C)cs2)CCCCC1,0.568,-1.883,True,-0.22303560376167297
49,279,CC(=O)NC(Cc1cc(F)cc(F)c1)C(O)CNC1(c2cccc(C3CCCCC3)c2)CCCCC1,C=C(C)c1cccc(C2(NCC(O)C(Cc3cc(F)cc(F)c3)NC(C)=O)CCCCC2)c1,0.731,-2.0,True,-0.32648980617523193
49,292,CC(=O)NC(Cc1cc(F)cc(F)c1)C(O)CNC1(c2cccc(C3CCCCC3)c2)CCCCC1,COC(=O)NC1CCC(NCC(O)C(Cc2cc(F)cc(F)c2)NC(C)=O)(c2cccc(C(C)(C)C)c2)CC1,0.61,-1.62,True,-0.09176193177700043
49,296,CC(=O)NC(Cc1cc(F)cc(F)c1)C(O)CNC1(c2cccc(C3CCCCC3)c2)CCCCC1,CC(=O)N[C@@H](Cc1cc(F)cc(F)c1)[C@H](O)CNC1(c2cccc(C(C)(C)C(F)F)c2)CC1,0.634,-1.638,True,0.2405272275209427
50,51,CNC(=O)C(CC(O)C1COCc2cccc(c2)C(c2ccccc2)NC(=O)c2cc(cc(N(C)S(C)(=O)=O)c2)C(=O)N1)C(C)C,COCCOC1CCCc2cc(cc(N(C)S(C)(=O)=O)c2)C(=O)NC(C(O)CC(C(=O)NCC(C)C)C(C)C)COCc2cccc1c2,0.61,0.0,False,-1.3145242929458618
50,60,CNC(=O)C(CC(O)C1COCc2cccc(c2)C(c2ccccc2)NC(=O)c2cc(cc(N(C)S(C)(=O)=O)c2)C(=O)N1)C(C)C,CC(C)SC(NC(=O)C(CC(O)C1COCc2cccc(c2)C(c2ccccc2)NC(=O)c2cc(cc(N(C)S(C)(=O)=O)c2)C(=O)N1)C(C)C)C(=O)NCc1ccccc1,0.756,-1.62,True,-0.5459976196289062
51,60,COCCOC1CCCc2cc(cc(N(C)S(C)(=O)=O)c2)C(=O)NC(C(O)CC(C(=O)NCC(C)C)C(C)C)COCc2cccc1c2,CC(C)SC(NC(=O)C(CC(O)C1COCc2cccc(c2)C(c2ccccc2)NC(=O)c2cc(cc(N(C)S(C)(=O)=O)c2)C(=O)N1)C(C)C)C(=O)NCc1ccccc1,0.549,-1.62,True,0.47219884395599365
52,66,CC(C)CC(NC(=O)c1cc(C(=O)NC(C)c2ccccc2)cc(N(C)S(C)(=O)=O)c1)C(O)CC(C)C(=O)NC(C(=O)NC(C)C)C(C)C,COCC(CC(O)C(COc1cc(F)cc(F)c1)NC(=O)c1cc(C(=O)NC(C)c2ccccc2)cc(N(C)S(C)(=O)=O)c1)OC,0.523,3.959,True,0.28557246923446655
52,108,CC(C)CC(NC(=O)c1cc(C(=O)NC(C)c2ccccc2)cc(N(C)S(C)(=O)=O)c1)C(O)CC(C)C(=O)NC(C(=O)NC(C)C)C(C)C,COC(CNc1ccccc1)CC(O)C(COc1cc(F)cc(F)c1)NC(=O)c1cc(C(=O)NC(C)c2ccccc2)cc(N(C)S(C)(=O)=O)c1,0.5,3.135,True,-0.04183609038591385
52,205,CC(C)CC(NC(=O)c1cc(C(=O)NC(C)c2ccccc2)cc(N(C)S(C)(=O)=O)c1)C(O)CC(C)C(=O)NC(C(=O)NC(C)C)C(C)C,C[C@@H](NC(=O)c1cc(C(=O)N[C@@H](Cc2ccccc2)[C@H](O)CNC2CC2)cc(N(C)S(C)(=O)=O)c1)c1ccccc1,0.537,1.135,False,0.5111426115036011
56,69,CN1C(=O)C(c2cccc(-c3cccnc3)c2)(c2ccc3c(c2)OCO3)N=C1N,CN1C(=O)C(c2ccncc2)(c2cccc(-c3cccc(F)c3)c2)N=C1N,0.548,-0.699,False,-1.0114418268203735
56,86,CN1C(=O)C(c2cccc(-c3cccnc3)c2)(c2ccc3c(c2)OCO3)N=C1N,CCCOc1cc(C2(c3cccc(-c4cccnc4)c3)N=C(N)N(C)C2=O)ccc1OC,0.594,-0.699,False,0.04371310770511627
56,192,CN1C(=O)C(c2cccc(-c3cccnc3)c2)(c2ccc3c(c2)OCO3)N=C1N,Cc1cc([C@]2(c3cccc(-c4cncnc4)c3)N=C(N)N(C)C2=O)ccn1,0.562,-0.495,False,-0.7722333669662476
56,226,CN1C(=O)C(c2cccc(-c3cccnc3)c2)(c2ccc3c(c2)OCO3)N=C1N,Cc1cc(C2(c3cccc(-c4cncnc4)c3)N=C(N)N(C)C2=O)cs1,0.538,-0.252,False,-0.9144505262374878
56,238,CN1C(=O)C(c2cccc(-c3cccnc3)c2)(c2ccc3c(c2)OCO3)N=C1N,COc1ccc([C@]2(c3cccc(-c4cccnc4)c3)N=C(N)N(C)C2=O)cc1C,0.651,-0.796,False,-0.8776909708976746
56,241,CN1C(=O)C(c2cccc(-c3cccnc3)c2)(c2ccc3c(c2)OCO3)N=C1N,CN1C(=O)C(c2ccsc2)(c2cccc(-c3cncnc3)c2)N=C1N,0.547,-0.553,False,1.2469897270202637
56,255,CN1C(=O)C(c2cccc(-c3cccnc3)c2)(c2ccc3c(c2)OCO3)N=C1N,CCc1cc(C2(c3cccc(-c4cncnc4)c3)N=C(N)N(C)C2=O)cs1,0.545,-0.495,False,-0.7521270513534546
56,259,CN1C(=O)C(c2cccc(-c3cccnc3)c2)(c2ccc3c(c2)OCO3)N=C1N,CN1C(=O)[C@@](c2ccncc2)(c2cccc(-c3cccnc3)c2)N=C1N,0.714,-0.62,False,0.19698892533779144
56,266,CN1C(=O)C(c2cccc(-c3cccnc3)c2)(c2ccc3c(c2)OCO3)N=C1N,CC(C)c1cc(C2(c3cccc(-c4cncnc4)c3)N=C(N)N(C)C2=O)ccn1,0.537,-0.553,False,-0.5652428269386292
56,284,CN1C(=O)C(c2cccc(-c3cccnc3)c2)(c2ccc3c(c2)OCO3)N=C1N,CN1C(=O)C(c2cccc(-c3cccnc3)c2)(c2ccc3c(c2)CCO3)N=C1N,0.754,-0.319,False,-0.840185284614563
57,113,CC1(c2cc(NC(=O)c3ccc(OC(F)(F)F)cn3)ccc2F)N=C(N)OCC1(F)F,CC1(c2cc(NC(=O)c3nn(C(F)F)cc3Cl)ccc2F)N=C(N)OCC1(F)F,0.571,-0.477,False,-1.2245882749557495
57,132,CC1(c2cc(NC(=O)c3ccc(OC(F)(F)F)cn3)ccc2F)N=C(N)OCC1(F)F,CC1(c2cc(NC(=O)c3cnc(OCC(F)(F)F)cn3)ccc2F)N=C(N)OCC1(F)F,0.718,-0.358,False,0.41050875186920166
57,232,CC1(c2cc(NC(=O)c3ccc(OC(F)(F)F)cn3)ccc2F)N=C(N)OCC1(F)F,N#Cc1ccc(C(=O)Nc2ccc(F)c([C@@]3(CF)N=C(N)OCC3(F)F)c2)nc1,0.538,-0.066,False,-0.6859058141708374
57,281,CC1(c2cc(NC(=O)c3ccc(OC(F)(F)F)cn3)ccc2F)N=C(N)OCC1(F)F,CC1(c2cc(NC(=O)c3ncc(Cl)cn3)ccc2F)N=C(N)OCC1(F)F,0.687,0.07,False,0.027177199721336365
59,163,NC1=NC(c2ccc(OC(F)F)cc2)(c2cccc(C#COCCCF)c2)C2=NCC(F)(F)CN12,CN1C(=O)[C@@](c2ccc(OC(F)F)cc2)(c2cccc(C#CCCF)c2)N=C1N,0.519,-0.77,False,0.06023816764354706
61,84,CN1C(=O)CC(C)(C2CC2c2cccc(-c3cccnc3)c2)N=C1N,CN1C(=O)CC(C)(C2CC2c2cccc(-c3ccccc3)c2)N=C1N,0.811,-0.103,False,-0.36146271228790283
61,156,CN1C(=O)CC(C)(C2CC2c2cccc(-c3cccnc3)c2)N=C1N,CN1C(=O)CC(C)(C2CC2c2cccc(/C=C/c3ccccc3)c2)N=C1N,0.65,-0.609,False,-0.5850751399993896
62,81,CCc1cn2c3c(cc(C(=O)NC(Cc4ccccc4)C(O)CNC4CCCCC4)cc13)N(C)S(=O)(=O)C2,CCc1cn2c3c(cc(C(=O)NC(Cc4ccccc4)[C@H](O)CNCCF)cc13)N(C)S(=O)(=O)CC2,0.643,-0.079,False,-0.2972870469093323
63,80,CC(NCC(O)C(Cc1ccccc1)NC(=O)c1cccc(OS(=O)(=O)Cc2ccccc2)c1)C(=O)NC1CCCCC1,CC(NCC(O)C(Cc1ccccc1)NC(=O)c1cccc(N(C2CCCCC2)S(C)(=O)=O)c1)C(=O)NC1CCCCC1,0.684,-1.637,True,-0.2355506718158722
63,184,CC(NCC(O)C(Cc1ccccc1)NC(=O)c1cccc(OS(=O)(=O)Cc2ccccc2)c1)C(=O)NC1CCCCC1,COc1ccc(N(c2cccc(C(=O)NC(Cc3ccccc3)C(O)CNC(C)C(=O)NC3CCCCC3)c2)S(C)(=O)=O)cc1,0.675,-3.073,True,-1.0033637285232544
63,204,CC(NCC(O)C(Cc1ccccc1)NC(=O)c1cccc(OS(=O)(=O)Cc2ccccc2)c1)C(=O)NC1CCCCC1,CC(NC[C@@H](O)[C@H](Cc1ccccc1)NC(=O)c1cccc(N(c2ccccc2)S(C)(=O)=O)c1)C(=O)NC1CCCCC1,0.701,-2.938,True,-0.4843527674674988
63,219,CC(NCC(O)C(Cc1ccccc1)NC(=O)c1cccc(OS(=O)(=O)Cc2ccccc2)c1)C(=O)NC1CCCCC1,COc1ccccc1N(c1cccc(C(=O)NC(Cc2ccccc2)C(O)CNC(C)C(=O)NC2CCCCC2)c1)S(C)(=O)=O,0.655,-2.014,True,0.5694931149482727
65,250,N=C1NC2(c3cccc(-c4cc(F)cc(Cl)c4)c3)CCOCC2O1,N=C1NC2(c3cccc(-c4cncc(Cl)c4)c3)CCOCC2O1,0.724,0.544,False,0.9767638444900513
65,294,N=C1NC2(c3cccc(-c4cc(F)cc(Cl)c4)c3)CCOCC2O1,N=C1NC2(c3cccc(NC(=O)c4ccc(F)cn4)c3)CCOCC2O1,0.543,0.319,False,-0.2986159324645996
66,108,COCC(CC(O)C(COc1cc(F)cc(F)c1)NC(=O)c1cc(C(=O)NC(C)c2ccccc2)cc(N(C)S(C)(=O)=O)c1)OC,COC(CNc1ccccc1)CC(O)C(COc1cc(F)cc(F)c1)NC(=O)c1cc(C(=O)NC(C)c2ccccc2)cc(N(C)S(C)(=O)=O)c1,0.842,-0.824,False,-0.47107428312301636
66,205,COCC(CC(O)C(COc1cc(F)cc(F)c1)NC(=O)c1cc(C(=O)NC(C)c2ccccc2)cc(N(C)S(C)(=O)=O)c1)OC,C[C@@H](NC(=O)c1cc(C(=O)N[C@@H](Cc2ccccc2)[C@H](O)CNC2CC2)cc(N(C)S(C)(=O)=O)c1)c1ccccc1,0.506,-2.824,True,0.24033589661121368
66,252,COCC(CC(O)C(COc1cc(F)cc(F)c1)NC(=O)c1cc(C(=O)NC(C)c2ccccc2)cc(N(C)S(C)(=O)=O)c1)OC,COC(COCc1ccccc1)CC(O)C(COc1cc(F)cc(F)c1)NC(=O)c1cc(C(=O)NC(C)c2ccccc2)cc(N(C)S(C)(=O)=O)c1,0.855,-1.62,True,-0.2290700078010559
68,141,Nc1cccc(Cn2c(-c3ccc(Oc4nccs4)cc3)ccc2-c2ccccc2Cl)n1,COc1ccc(-c2ccc(-c3ccccc3Cl)n2Cc2cccc(N)n2)cc1,0.683,0.927,False,0.5251970291137695
68,214,Nc1cccc(Cn2c(-c3ccc(Oc4nccs4)cc3)ccc2-c2ccccc2Cl)n1,N#CCCCOc1ccc(-c2ccc(-c3ccccc3Cl)n2Cc2cccc(N)n2)cc1,0.627,0.161,False,-0.4111688733100891
69,82,CN1C(=O)C(c2ccncc2)(c2cccc(-c3cccc(F)c3)c2)N=C1N,CN1C(=O)C(c2ccccc2)(c2ccccc2)N=C1N,0.565,1.857,True,2.0119733810424805
69,86,CN1C(=O)C(c2ccncc2)(c2cccc(-c3cccc(F)c3)c2)N=C1N,CCCOc1cc(C2(c3cccc(-c4cccnc4)c3)N=C(N)N(C)C2=O)ccc1OC,0.5,0.0,False,0.8492320775985718
69,159,CN1C(=O)C(c2ccncc2)(c2cccc(-c3cccc(F)c3)c2)N=C1N,Cc1cc(C2(c3cccc(-c4cncnc4)c3)N=C(N)N(C)C2=O)c(Cl)s1,0.5,0.973,False,0.05090607702732086
69,175,CN1C(=O)C(c2ccncc2)(c2cccc(-c3cccc(F)c3)c2)N=C1N,CCn1cc([C@@]2(c3cccc(-c4cccnc4F)c3)N=C(N)N(C)C2=O)cn1,0.515,1.593,True,0.8265074491500854
69,192,CN1C(=O)C(c2ccncc2)(c2cccc(-c3cccc(F)c3)c2)N=C1N,Cc1cc([C@]2(c3cccc(-c4cncnc4)c3)N=C(N)N(C)C2=O)ccn1,0.614,0.204,False,0.09186770021915436
69,197,CN1C(=O)C(c2ccncc2)(c2cccc(-c3cccc(F)c3)c2)N=C1N,CN1C(=O)[C@@](c2ccncc2)(c2cccc(-c3cc(F)ccc3F)c2)N=C1N,0.788,-0.398,False,0.5650119781494141
69,226,CN1C(=O)C(c2ccncc2)(c2cccc(-c3cccc(F)c3)c2)N=C1N,Cc1cc(C2(c3cccc(-c4cncnc4)c3)N=C(N)N(C)C2=O)cs1,0.559,0.447,False,-0.12102250754833221
69,238,CN1C(=O)C(c2ccncc2)(c2cccc(-c3cccc(F)c3)c2)N=C1N,COc1ccc([C@]2(c3cccc(-c4cccnc4)c3)N=C(N)N(C)C2=O)cc1C,0.548,-0.097,False,-0.08966431021690369
69,241,CN1C(=O)C(c2ccncc2)(c2cccc(-c3cccc(F)c3)c2)N=C1N,CN1C(=O)C(c2ccsc2)(c2cccc(-c3cncnc3)c2)N=C1N,0.569,0.146,False,2.0226409435272217
69,255,CN1C(=O)C(c2ccncc2)(c2cccc(-c3cccc(F)c3)c2)N=C1N,CCc1cc(C2(c3cccc(-c4cncnc4)c3)N=C(N)N(C)C2=O)cs1,0.541,0.204,False,0.06771628558635712
69,259,CN1C(=O)C(c2ccncc2)(c2cccc(-c3cccc(F)c3)c2)N=C1N,CN1C(=O)[C@@](c2ccncc2)(c2cccc(-c3cccnc3)c2)N=C1N,0.76,0.079,False,1.0580264329910278
69,266,CN1C(=O)C(c2ccncc2)(c2cccc(-c3cccc(F)c3)c2)N=C1N,CC(C)c1cc(C2(c3cccc(-c4cncnc4)c3)N=C(N)N(C)C2=O)ccn1,0.583,0.146,False,0.12954816222190857
69,284,CN1C(=O)C(c2ccncc2)(c2cccc(-c3cccc(F)c3)c2)N=C1N,CN1C(=O)C(c2cccc(-c3cccnc3)c2)(c2ccc3c(c2)CCO3)N=C1N,0.523,0.38,False,0.0851203054189682
70,92,CCCN(CCC)C(=O)c1cc(C(=O)NC(Cc2cc(F)cc(F)c2)C(O)CNCc2cccc(OC)c2)cc(/C(C)=N\OC)c1,CCCCN(C)C(=O)n1cc(C(=O)NC(Cc2cc(F)cc(F)c2)C(O)CNCc2cccc(OC)c2)c2ccccc21,0.537,0.869,False,0.6072028875350952
70,115,CCCN(CCC)C(=O)c1cc(C(=O)NC(Cc2cc(F)cc(F)c2)C(O)CNCc2cccc(OC)c2)cc(/C(C)=N\OC)c1,CCCN(CCC)C(=O)c1cc(C(=O)NC(Cc2cc(F)cc(F)c2)C(O)CNCc2cccc(OC)c2)cc(C(C)NC(C)=O)c1,0.787,1.301,False,-1.1134517192840576
70,142,CCCN(CCC)C(=O)c1cc(C(=O)NC(Cc2cc(F)cc(F)c2)C(O)CNCc2cccc(OC)c2)cc(/C(C)=N\OC)c1,CCCN(CCC)C(=O)c1cc(Oc2ccccc2)cc(C(=O)NC(Cc2cc(F)cc(F)c2)C(O)CNCc2cccc(OC)c2)c1,0.795,1.0,False,-0.04591896012425423
70,145,CCCN(CCC)C(=O)c1cc(C(=O)NC(Cc2cc(F)cc(F)c2)C(O)CNCc2cccc(OC)c2)cc(/C(C)=N\OC)c1,CCCCN(C)C(=O)n1cc(C(=O)NC(Cc2cc(F)cc(F)c2)C(O)CNCc2cccc(OC)c2)c2cccnc21,0.515,1.519,True,0.7211520671844482
70,200,CCCN(CCC)C(=O)c1cc(C(=O)NC(Cc2cc(F)cc(F)c2)C(O)CNCc2cccc(OC)c2)cc(/C(C)=N\OC)c1,COc1cccc(CNC[C@H](O)[C@H](Cc2cc(F)cc(F)c2)NC(=O)c2cc(C(C)=O)cc(N3CCCCS3(=O)=O)c2)c1,0.582,1.954,True,0.3476153016090393
70,208,CCCN(CCC)C(=O)c1cc(C(=O)NC(Cc2cc(F)cc(F)c2)C(O)CNCc2cccc(OC)c2)cc(/C(C)=N\OC)c1,CCCN(CCC)C(=O)c1cc(C(N)=O)cc(C(=O)N[C@@H](Cc2cc(F)cc(F)c2)[C@H](O)CNCc2cccc(OC)c2)c1,0.816,1.041,False,-0.04882790148258209
70,301,CCCN(CCC)C(=O)c1cc(C(=O)NC(Cc2cc(F)cc(F)c2)C(O)CNCc2cccc(OC)c2)cc(/C(C)=N\OC)c1,C=CCO/N=C(/C)c1cc(C(=O)N[C@@H](Cc2cc(F)cc(F)c2)[C@@H](O)CNCc2cccc(OC)c2)cc(N2CCCCS2(=O)=O)c1,0.592,2.045,True,-1.2263020277023315
71,146,CC(=O)NC(Cc1cccc(F)c1)C(O)CNC1CC2(CCC2)Oc2ncc(CC(C)(C)C)cc21,COCC(=O)NC(Cc1cccc(-c2ncco2)c1)C(O)CNC1CC2(CCC2)Oc2ncc(CC(C)(C)C)cc21,0.652,0.982,False,-0.13675379753112793
71,147,CC(=O)NC(Cc1cccc(F)c1)C(O)CNC1CC2(CCC2)Oc2ncc(CC(C)(C)C)cc21,COCC(=O)NC(Cc1cc(-c2nccs2)ccc1F)C(O)CNC1CC2(CCC2)Oc2ncc(CC(C)(C)C)cc21,0.582,0.978,False,-0.7606955766677856
71,148,CC(=O)NC(Cc1cccc(F)c1)C(O)CNC1CC2(CCC2)Oc2ncc(CC(C)(C)C)cc21,COCC(=O)NC(Cc1cccc(-c2ccccn2)c1)C(O)CNC1CC2(CCC2)Oc2ncc(CC(C)(C)C)cc21,0.659,0.968,False,0.23588164150714874
71,154,CC(=O)NC(Cc1cccc(F)c1)C(O)CNC1CC2(CCC2)Oc2ncc(CC(C)(C)C)cc21,CC(=O)NC(Cc1ccc(Cl)cc1)C(O)CNC1CC2(CCC2)Oc2ncc(CC(C)(C)C)cc21,0.779,0.919,False,-0.29249370098114014
71,217,CC(=O)NC(Cc1cccc(F)c1)C(O)CNC1CC2(CCC2)Oc2ncc(CC(C)(C)C)cc21,CCc1cnc2c(c1)C(NCC(O)C(Cc1ccccc1)NC(C)=O)CC1(CCC1)O2,0.727,1.959,True,1.2672697305679321
71,287,CC(=O)NC(Cc1cccc(F)c1)C(O)CNC1CC2(CCC2)Oc2ncc(CC(C)(C)C)cc21,CC(=O)N[C@@H](Cc1ccc(F)cc1)[C@H](O)CN[C@H]1CC2(CCC2)Oc2ncc(CC(C)(C)C)cc21,0.851,0.699,False,-0.26528897881507874
72,299,NC1=NC(c2ccccc2)(c2cccc(Cc3ccc(F)cc3)c2)C2=NCCCN12,COc1cccc([C@@]2(c3ccccc3)N=C(N)N3CCCN=C32)c1,0.603,0.394,False,2.869997501373291
73,188,COc1ccc(C2(c3cccc(-c4cc(Cl)cc(Cl)c4)c3)N=C(N)N3CCCN=C32)cc1,NC1=N[C@](c2ccc(OC(F)(F)F)cc2)(c2cccc(-c3cccnc3F)c2)C2=NCCCCCN12,0.52,0.764,False,2.348270893096924
73,268,COc1ccc(C2(c3cccc(-c4cc(Cl)cc(Cl)c4)c3)N=C(N)N3CCCN=C32)cc1,COc1ccc(C2(c3cccc(-c4cncnc4)c3)N=C(N)N3CC(F)(F)CN=C32)cc1,0.551,0.65,False,0.34720516204833984
73,276,COc1ccc(C2(c3cccc(-c4cc(Cl)cc(Cl)c4)c3)N=C(N)N3CCCN=C32)cc1,COc1ccc(C2(c3cccc(-c4cccnc4F)c3)N=C(N)N3CCCN=C32)cc1,0.692,0.495,False,1.8952707052230835
73,299,COc1ccc(C2(c3cccc(-c4cc(Cl)cc(Cl)c4)c3)N=C(N)N3CCCN=C32)cc1,COc1cccc([C@@]2(c3ccccc3)N=C(N)N3CCCN=C32)c1,0.672,2.957,True,2.7094600200653076
77,180,CN1C(=O)C2(CC(C)(C)Sc3ccc(-c4cncnc4)cc32)N=C1N,CN1C(=O)C2(CC(C)(C)Cc3ccc(-c4cncc(Cl)c4)cc32)N=C1N,0.531,-0.204,False,1.0785213708877563
77,186,CN1C(=O)C2(CC(C)(C)Sc3ccc(-c4cncnc4)cc32)N=C1N,CN1C(=O)C2(CC(C)(C)Sc3ccc(-c4cncc(Cl)c4)cc32)N=C1N,0.786,-0.339,False,0.5568053126335144
77,235,CN1C(=O)C2(CC(C)(C)Sc3ccc(-c4cncnc4)cc32)N=C1N,CN1C(=O)[C@]2(CC(C)(C)Cc3ccc(-c4cncnc4)cc32)N=C1N,0.679,0.0,False,-0.37059521675109863
80,184,CC(NCC(O)C(Cc1ccccc1)NC(=O)c1cccc(N(C2CCCCC2)S(C)(=O)=O)c1)C(=O)NC1CCCCC1,COc1ccc(N(c2cccc(C(=O)NC(Cc3ccccc3)C(O)CNC(C)C(=O)NC3CCCCC3)c2)S(C)(=O)=O)cc1,0.75,-1.436,False,-0.3513585031032562
80,204,CC(NCC(O)C(Cc1ccccc1)NC(=O)c1cccc(N(C2CCCCC2)S(C)(=O)=O)c1)C(=O)NC1CCCCC1,CC(NC[C@@H](O)[C@H](Cc1ccccc1)NC(=O)c1cccc(N(c2ccccc2)S(C)(=O)=O)c1)C(=O)NC1CCCCC1,0.833,-1.301,False,-0.035111427307128906
80,205,CC(NCC(O)C(Cc1ccccc1)NC(=O)c1cccc(N(C2CCCCC2)S(C)(=O)=O)c1)C(=O)NC1CCCCC1,C[C@@H](NC(=O)c1cc(C(=O)N[C@@H](Cc2ccccc2)[C@H](O)CNC2CC2)cc(N(C)S(C)(=O)=O)c1)c1ccccc1,0.512,-1.301,False,-0.02881094068288803
80,219,CC(NCC(O)C(Cc1ccccc1)NC(=O)c1cccc(N(C2CCCCC2)S(C)(=O)=O)c1)C(=O)NC1CCCCC1,COc1ccccc1N(c1cccc(C(=O)NC(Cc2ccccc2)C(O)CNC(C)C(=O)NC2CCCCC2)c1)S(C)(=O)=O,0.75,-0.377,False,0.9754741191864014
81,93,CCc1cn2c3c(cc(C(=O)NC(Cc4ccccc4)[C@H](O)CNCCF)cc13)N(C)S(=O)(=O)CC2,CCc1cn2c3c(cc(C(=O)NC(Cc4ccccc4)[C@H](O)CNCc4cccc(C(F)(F)F)c4)cc13)OS(=O)(=O)CC2,0.576,-0.796,False,-0.12713755667209625
81,116,CCc1cn2c3c(cc(C(=O)NC(Cc4ccccc4)[C@H](O)CNCCF)cc13)N(C)S(=O)(=O)CC2,CCn1cc2c3c(cc(C(=O)NC(Cc4ccccc4)[C@H](O)CNCC(F)F)cc31)N(C)S(=O)(=O)CC2,0.533,-0.398,False,0.40174436569213867
82,197,CN1C(=O)C(c2ccccc2)(c2ccccc2)N=C1N,CN1C(=O)[C@@](c2ccncc2)(c2cccc(-c3cc(F)ccc3F)c2)N=C1N,0.51,-2.255,True,-0.5860304236412048
82,241,CN1C(=O)C(c2ccccc2)(c2ccccc2)N=C1N,CN1C(=O)C(c2ccsc2)(c2cccc(-c3cncnc3)c2)N=C1N,0.5,-1.711,True,0.5963112711906433
82,259,CN1C(=O)C(c2ccccc2)(c2ccccc2)N=C1N,CN1C(=O)[C@@](c2ccncc2)(c2cccc(-c3cccnc3)c2)N=C1N,0.565,-1.778,True,-0.3130091428756714
83,187,CCSc1cccc(-c2ccc(C3CC3c3cc(=O)n(C)c(N)n3)cc2)c1,COc1cccc(-c2ccc(C3CC3c3cc(=O)n(C)c(N)n3)cc2)c1,0.678,0.196,False,0.60616135597229
83,233,CCSc1cccc(-c2ccc(C3CC3c3cc(=O)n(C)c(N)n3)cc2)c1,CC(C)Oc1cccc(-c2ccc(C3CC3c3cc(=O)n(C)c(N)n3)cc2)c1,0.645,0.773,False,0.32381975650787354
83,237,CCSc1cccc(-c2ccc(C3CC3c3cc(=O)n(C)c(N)n3)cc2)c1,Cn1c(N)nc(C2CC2c2ccc(-c3ccco3)cc2)cc1=O,0.59,0.812,False,-0.7660056352615356
84,97,CN1C(=O)CC(C)(C2CC2c2cccc(-c3ccccc3)c2)N=C1N,CN1C(=O)CC(C)(CCc2cccc(-c3ccccc3)c2)N=C1N,0.525,-0.855,False,1.1576770544052124
84,156,CN1C(=O)CC(C)(C2CC2c2cccc(-c3ccccc3)c2)N=C1N,CN1C(=O)CC(C)(C2CC2c2cccc(/C=C/c3ccccc3)c2)N=C1N,0.759,-0.506,False,-0.1997036337852478
85,100,CC(C)c1cccc(CNCC(O)C2Cc3cccc(c3)OCCCCNc3cccc(c3)C(=O)N2)c1,Cc1cc2cc(n1)NCCCCOc1cccc(c1)CC(C(O)CNCc1cccc(C(C)C)c1)NC2=O,0.765,-1.034,False,0.17444820702075958
85,104,CC(C)c1cccc(CNCC(O)C2Cc3cccc(c3)OCCCCNc3cccc(c3)C(=O)N2)c1,CC(C)c1cccc(CNCC(O)C2COCCCCCNC(=O)c3cc(cc(N(C)S(C)(=O)=O)c3)C(=O)N2)c1,0.533,-1.261,False,-0.6604013442993164
85,138,CC(C)c1cccc(CNCC(O)C2Cc3cccc(c3)OCCCCNc3cccc(c3)C(=O)N2)c1,COCc1cc2cc(c1)C(=O)NC(C(O)CNCc1cccc(C(C)C)c1)Cc1cccc(c1)OCCCCN2,0.812,-0.687,False,-0.9754099249839783
85,150,CC(C)c1cccc(CNCC(O)C2Cc3cccc(c3)OCCCCNc3cccc(c3)C(=O)N2)c1,COCc1cc2cc(n1)OCCCCOc1cccc(c1)CC(C(O)CNC1(c3cccc(C(C)C)c3)CC1)NC2=O,0.515,-1.511,True,-0.30307650566101074
85,194,CC(C)c1cccc(CNCC(O)C2Cc3cccc(c3)OCCCCNc3cccc(c3)C(=O)N2)c1,COCc1cc2cc(c1)C(=O)N[C@H]([C@H](O)CNC1(c3cccc(C(C)C)c3)CC1)Cc1cccc(c1)OCCCCN2,0.637,-1.235,False,-0.7978717088699341
86,175,CCCOc1cc(C2(c3cccc(-c4cccnc4)c3)N=C(N)N(C)C2=O)ccc1OC,CCn1cc([C@@]2(c3cccc(-c4cccnc4F)c3)N=C(N)N(C)C2=O)cn1,0.5,1.593,True,-0.15271613001823425
86,192,CCCOc1cc(C2(c3cccc(-c4cccnc4)c3)N=C(N)N(C)C2=O)ccc1OC,Cc1cc([C@]2(c3cccc(-c4cncnc4)c3)N=C(N)N(C)C2=O)ccn1,0.536,0.204,False,-0.6315992474555969
86,238,CCCOc1cc(C2(c3cccc(-c4cccnc4)c3)N=C(N)N(C)C2=O)ccc1OC,COc1ccc([C@]2(c3cccc(-c4cccnc4)c3)N=C(N)N(C)C2=O)cc1C,0.746,-0.097,False,-0.8525949716567993
86,241,CCCOc1cc(C2(c3cccc(-c4cccnc4)c3)N=C(N)N(C)C2=O)ccc1OC,CN1C(=O)C(c2ccsc2)(c2cccc(-c3cncnc3)c2)N=C1N,0.5,0.146,False,1.379044771194458
86,255,CCCOc1cc(C2(c3cccc(-c4cccnc4)c3)N=C(N)N(C)C2=O)ccc1OC,CCc1cc(C2(c3cccc(-c4cncnc4)c3)N=C(N)N(C)C2=O)cs1,0.521,0.204,False,-0.774453341960907
86,259,CCCOc1cc(C2(c3cccc(-c4cccnc4)c3)N=C(N)N(C)C2=O)ccc1OC,CN1C(=O)[C@@](c2ccncc2)(c2cccc(-c3cccnc3)c2)N=C1N,0.645,0.079,False,0.299224853515625
86,266,CCCOc1cc(C2(c3cccc(-c4cccnc4)c3)N=C(N)N(C)C2=O)ccc1OC,CC(C)c1cc(C2(c3cccc(-c4cncnc4)c3)N=C(N)N(C)C2=O)ccn1,0.514,0.146,False,-0.6383349895477295
86,284,CCCOc1cc(C2(c3cccc(-c4cccnc4)c3)N=C(N)N(C)C2=O)ccc1OC,CN1C(=O)C(c2cccc(-c3cccnc3)c2)(c2ccc3c(c2)CCO3)N=C1N,0.592,0.38,False,-0.5175735950469971
87,98,CC(=O)N[C@@H](Cc1cc(F)cc(F)c1)[C@H](O)CNC1(c2cccc(C(C)(C)CF)c2)CC1,CC(=O)NC(Cc1cc(F)cc(F)c1)C(O)CNC1(c2cccc(N3CCOCC3=O)c2)CCCCC1,0.562,0.652,False,-0.3938540816307068
87,110,CC(=O)N[C@@H](Cc1cc(F)cc(F)c1)[C@H](O)CNC1(c2cccc(C(C)(C)CF)c2)CC1,CCc1cccc(C2(NCC(O)C(Cc3cc(F)cc(F)c3)NC(C)=O)CCCCC2)c1,0.672,0.376,False,-0.12590292096138
87,118,CC(=O)N[C@@H](Cc1cc(F)cc(F)c1)[C@H](O)CNC1(c2cccc(C(C)(C)CF)c2)CC1,CC(=O)NC(Cc1cc(F)cc(F)c1)C(O)CNC1(c2cccc(C3CCCC3)c2)CCCCC1,0.634,0.511,False,-0.2806514799594879
87,124,CC(=O)N[C@@H](Cc1cc(F)cc(F)c1)[C@H](O)CNC1(c2cccc(C(C)(C)CF)c2)CC1,CSC1CCC(NCC(O)C(Cc2cc(F)cc(F)c2)NC(C)=O)(c2cccc(C(C)(C)C)c2)CC1,0.714,-1.082,False,-1.0301519632339478
87,126,CC(=O)N[C@@H](Cc1cc(F)cc(F)c1)[C@H](O)CNC1(c2cccc(C(C)(C)CF)c2)CC1,CC(=O)NC(Cc1cc(F)cc(F)c1)C(O)CNC1(c2cc(C(C)(C)C)ccn2)CC1,0.614,0.344,False,0.3514708876609802
87,131,CC(=O)N[C@@H](Cc1cc(F)cc(F)c1)[C@H](O)CNC1(c2cccc(C(C)(C)CF)c2)CC1,CC(=O)NC(Cc1cc(F)cc(F)c1)C(O)CNC1(c2cccc(C3CCCC3=O)c2)CCCCC1,0.592,0.441,False,0.5113178491592407
87,139,CC(=O)N[C@@H](Cc1cc(F)cc(F)c1)[C@H](O)CNC1(c2cccc(C(C)(C)CF)c2)CC1,CC(=O)NC(Cc1cc(F)cc(F)c1)C(O)CNC1(c2cccc(C(C)(C)C)c2)CCc2nc(N)ncc2C1,0.605,-1.316,False,-1.3172787427902222
87,144,CC(=O)N[C@@H](Cc1cc(F)cc(F)c1)[C@H](O)CNC1(c2cccc(C(C)(C)CF)c2)CC1,CC(=O)NC(Cc1cc(F)cc(F)c1)C(O)CNC1(c2cccc(C(C)(C)C)c2)CCC(C(F)(F)F)CC1,0.725,-0.944,False,-0.2723116874694824
87,165,CC(=O)N[C@@H](Cc1cc(F)cc(F)c1)[C@H](O)CNC1(c2cccc(C(C)(C)CF)c2)CC1,CC(=O)N[C@@H](Cc1cc(F)cc(F)c1)[C@H](O)CNC1(c2cccc(C(C)(C)C)c2)CCC1,0.794,0.323,False,0.5969128608703613
87,169,CC(=O)N[C@@H](Cc1cc(F)cc(F)c1)[C@H](O)CNC1(c2cccc(C(C)(C)CF)c2)CC1,CC(=O)NC(Cc1cc(F)cc(F)c1)C(O)CNC1(c2ccn(C(C)(C)C)n2)CCCCC1,0.547,0.802,False,-0.4809696078300476
87,171,CC(=O)N[C@@H](Cc1cc(F)cc(F)c1)[C@H](O)CNC1(c2cccc(C(C)(C)CF)c2)CC1,CC(=O)NC(Cc1cc(F)cc(F)c1)C(O)CNC1(c2cccc(-c3cscn3)c2)CCCCC1,0.584,-0.421,False,-0.3880121111869812
87,173,CC(=O)N[C@@H](Cc1cc(F)cc(F)c1)[C@H](O)CNC1(c2cccc(C(C)(C)CF)c2)CC1,CC(=O)N[C@@H](Cc1cc(F)cc(F)c1)[C@H](O)CN[C@]1(c2cccc(C(C)(C)C(F)F)c2)C[C@H]1C,0.625,0.768,False,-0.7005702257156372
87,210,CC(=O)N[C@@H](Cc1cc(F)cc(F)c1)[C@H](O)CNC1(c2cccc(C(C)(C)CF)c2)CC1,CC(=O)NC(Cc1cc(F)cc(F)c1)C(O)CNC1(c2cccs2)CCCCC1,0.563,2.015,True,0.4975093603134155
87,227,CC(=O)N[C@@H](Cc1cc(F)cc(F)c1)[C@H](O)CNC1(c2cccc(C(C)(C)CF)c2)CC1,CC(=O)NC(Cc1cc(F)cc(F)c1)C(O)CNC1(c2cccc(C(C)(C)C)c2)CC1,0.85,-0.316,False,-0.9620052576065063
87,228,CC(=O)N[C@@H](Cc1cc(F)cc(F)c1)[C@H](O)CNC1(c2cccc(C(C)(C)CF)c2)CC1,CC(=O)NC(Cc1cc(F)cc(F)c1)C(O)CNC1(c2cccc(C3CCOC3)c2)CCCCC1,0.584,-0.518,False,-0.6743450164794922
87,236,CC(=O)N[C@@H](Cc1cc(F)cc(F)c1)[C@H](O)CNC1(c2cccc(C(C)(C)CF)c2)CC1,COC1CCC(NCC(O)C(Cc2cc(F)cc(F)c2)NC(C)=O)(c2cccc(C(C)(C)C)c2)CC1,0.714,-0.316,False,-0.6153310537338257
87,244,CC(=O)N[C@@H](Cc1cc(F)cc(F)c1)[C@H](O)CNC1(c2cccc(C(C)(C)CF)c2)CC1,CC(=O)NC(Cc1cc(F)cc(F)c1)C(O)CNC1(c2nc(C(C)(C)C)co2)CC1,0.569,2.17,True,-0.08014054596424103
87,249,CC(=O)N[C@@H](Cc1cc(F)cc(F)c1)[C@H](O)CNC1(c2cccc(C(C)(C)CF)c2)CC1,CC(=O)NC(Cc1cc(F)cc(F)c1)C(O)CNC1(c2cc(CC(C)(C)C)cs2)CCCCC1,0.541,-0.345,False,-0.3722468614578247
87,277,CC(=O)N[C@@H](Cc1cc(F)cc(F)c1)[C@H](O)CNC1(c2cccc(C(C)(C)CF)c2)CC1,CC(=O)N[C@@H](Cc1cc(F)cc(F)c1)[C@H](O)CNC(C)(C)c1cccc(C(C)(C)C)c1,0.567,-0.161,False,0.48056280612945557
87,279,CC(=O)N[C@@H](Cc1cc(F)cc(F)c1)[C@H](O)CNC1(c2cccc(C(C)(C)CF)c2)CC1,C=C(C)c1cccc(C2(NCC(O)C(Cc3cc(F)cc(F)c3)NC(C)=O)CCCCC2)c1,0.652,-0.462,False,-0.6526222229003906
87,292,CC(=O)N[C@@H](Cc1cc(F)cc(F)c1)[C@H](O)CNC1(c2cccc(C(C)(C)CF)c2)CC1,COC(=O)NC1CCC(NCC(O)C(Cc2cc(F)cc(F)c2)NC(C)=O)(c2cccc(C(C)(C)C)c2)CC1,0.694,-0.082,False,-0.24032683670520782
87,296,CC(=O)N[C@@H](Cc1cc(F)cc(F)c1)[C@H](O)CNC1(c2cccc(C(C)(C)CF)c2)CC1,CC(=O)N[C@@H](Cc1cc(F)cc(F)c1)[C@H](O)CNC1(c2cccc(C(C)(C)C(F)F)c2)CC1,0.81,-0.101,False,0.3357088565826416
89,180,CN1C(=O)C(c2cccc(-c3cncc(Cl)c3)c2)(C2CC2)N=C1N,CN1C(=O)C2(CC(C)(C)Cc3ccc(-c4cncc(Cl)c4)cc32)N=C1N,0.523,-0.294,False,-0.14667324721813202
89,186,CN1C(=O)C(c2cccc(-c3cncc(Cl)c3)c2)(C2CC2)N=C1N,CN1C(=O)C2(CC(C)(C)Sc3ccc(-c4cncc(Cl)c4)cc32)N=C1N,0.507,-0.428,False,-0.5103030204772949
89,259,CN1C(=O)C(c2cccc(-c3cncc(Cl)c3)c2)(C2CC2)N=C1N,CN1C(=O)[C@@](c2ccncc2)(c2cccc(-c3cccnc3)c2)N=C1N,0.5,0.007,False,-0.693434476852417
92,95,CCCCN(C)C(=O)n1cc(C(=O)NC(Cc2cc(F)cc(F)c2)C(O)CNCc2cccc(OC)c2)c2ccccc21,CCOC[C@H]1CCCCN1C(=O)n1cc(C(=O)N[C@@H](Cc2cc(F)cc(F)c2)[C@H](O)CNCc2cccc(OC)c2)c2cccnc21,0.538,0.546,False,0.04709808528423309
92,115,CCCCN(C)C(=O)n1cc(C(=O)NC(Cc2cc(F)cc(F)c2)C(O)CNCc2cccc(OC)c2)c2ccccc21,CCCN(CCC)C(=O)c1cc(C(=O)NC(Cc2cc(F)cc(F)c2)C(O)CNCc2cccc(OC)c2)cc(C(C)NC(C)=O)c1,0.547,0.432,False,-2.006958484649658
92,120,CCCCN(C)C(=O)n1cc(C(=O)NC(Cc2cc(F)cc(F)c2)C(O)CNCc2cccc(OC)c2)c2ccccc21,CCCCN(C)C(=O)n1cc(C(=O)NC(Cc2cc(F)cc(F)c2)C(O)CNCc2cccc(OC)c2)c2cc(C(=O)OCc3ccccc3)ccc21,0.809,2.065,True,-1.5563856363296509
92,142,CCCCN(C)C(=O)n1cc(C(=O)NC(Cc2cc(F)cc(F)c2)C(O)CNCc2cccc(OC)c2)c2ccccc21,CCCN(CCC)C(=O)c1cc(Oc2ccccc2)cc(C(=O)NC(Cc2cc(F)cc(F)c2)C(O)CNCc2cccc(OC)c2)c1,0.565,0.131,False,-0.6893125176429749
92,145,CCCCN(C)C(=O)n1cc(C(=O)NC(Cc2cc(F)cc(F)c2)C(O)CNCc2cccc(OC)c2)c2ccccc21,CCCCN(C)C(=O)n1cc(C(=O)NC(Cc2cc(F)cc(F)c2)C(O)CNCc2cccc(OC)c2)c2cccnc21,0.812,0.649,False,-0.14539842307567596
92,153,CCCCN(C)C(=O)n1cc(C(=O)NC(Cc2cc(F)cc(F)c2)C(O)CNCc2cccc(OC)c2)c2ccccc21,CCCCN(C)C(=O)n1cc(C(=O)NC(Cc2cc(F)cc(F)c2)C(O)CNCc2cccc(CC)c2)c2cccnc21,0.685,0.065,False,-1.6308039426803589
92,208,CCCCN(C)C(=O)n1cc(C(=O)NC(Cc2cc(F)cc(F)c2)C(O)CNCc2cccc(OC)c2)c2ccccc21,CCCN(CCC)C(=O)c1cc(C(N)=O)cc(C(=O)N[C@@H](Cc2cc(F)cc(F)c2)[C@H](O)CNCc2cccc(OC)c2)c1,0.56,0.172,False,-0.8855785727500916
92,209,CCCCN(C)C(=O)n1cc(C(=O)NC(Cc2cc(F)cc(F)c2)C(O)CNCc2cccc(OC)c2)c2ccccc21,COCCN(C)C(=O)n1cc(C(=O)NC(Cc2cc(F)cc(F)c2)C(O)CNCc2cccc(OC)c2)c2cccnc21,0.708,0.994,False,-0.6515852808952332
92,224,CCCCN(C)C(=O)n1cc(C(=O)NC(Cc2cc(F)cc(F)c2)C(O)CNCc2cccc(OC)c2)c2ccccc21,CCCCN(CCCC)C(=O)n1cc(C(=O)N[C@@H](Cc2ccccc2)[C@H](O)CNCc2cccc(OC)c2)c2ccccc21,0.778,1.104,False,0.5682018995285034
93,117,CCc1cn2c3c(cc(C(=O)NC(Cc4ccccc4)[C@H](O)CNCc4cccc(C(F)(F)F)c4)cc13)OS(=O)(=O)CC2,O=C(NC(Cc1ccccc1)C(O)CNCc1cccc(C(F)(F)F)c1)c1cccc(N2c3ccccc3OS2(=O)=O)c1,0.554,2.056,True,0.5135765075683594
93,134,CCc1cn2c3c(cc(C(=O)NC(Cc4ccccc4)[C@H](O)CNCc4cccc(C(F)(F)F)c4)cc13)OS(=O)(=O)CC2,CCc1c[nH]c2c(N3CCCC3=O)cc(C(=O)NC(Cc3ccccc3)C(O)CNCc3cccc(C(F)(F)F)c3)cc12,0.561,0.512,False,-0.2632104456424713
93,239,CCc1cn2c3c(cc(C(=O)NC(Cc4ccccc4)[C@H](O)CNCc4cccc(C(F)(F)F)c4)cc13)OS(=O)(=O)CC2,CCc1coc2c(N3CCCC3=O)cc(C(=O)NC(Cc3ccccc3)C(O)CNCc3cccc(C(F)(F)F)c3)cc12,0.577,1.036,False,-0.0959949791431427
94,130,CCCCC1CCN(C(CCc2ccccc2)C(=O)NC(Cc2cc(F)cc(F)c2)C(O)C2CC(OCCC)CN2)C1=O,CCCCC1CCN(C(CCc2ccccc2)C(=O)NC(Cc2cc(F)cc(F)c2)C(O)C2CC(O)CN2)C1=O,0.819,0.119,False,0.7299706935882568
94,295,CCCCC1CCN(C(CCc2ccccc2)C(=O)NC(Cc2cc(F)cc(F)c2)C(O)C2CC(OCCC)CN2)C1=O,CCCCC1CCN(C(C)C(=O)NC(Cc2cc(F)cc(F)c2)C(O)C2CC(O)CN2)C1=O,0.625,0.704,False,1.2577210664749146
95,145,CCOC[C@H]1CCCCN1C(=O)n1cc(C(=O)N[C@@H](Cc2cc(F)cc(F)c2)[C@H](O)CNCc2cccc(OC)c2)c2cccnc21,CCCCN(C)C(=O)n1cc(C(=O)NC(Cc2cc(F)cc(F)c2)C(O)CNCc2cccc(OC)c2)c2cccnc21,0.653,0.104,False,-0.14535699784755707
95,153,CCOC[C@H]1CCCCN1C(=O)n1cc(C(=O)N[C@@H](Cc2cc(F)cc(F)c2)[C@H](O)CNCc2cccc(OC)c2)c2cccnc21,CCCCN(C)C(=O)n1cc(C(=O)NC(Cc2cc(F)cc(F)c2)C(O)CNCc2cccc(CC)c2)c2cccnc21,0.552,-0.48,False,-1.6690195798873901
95,209,CCOC[C@H]1CCCCN1C(=O)n1cc(C(=O)N[C@@H](Cc2cc(F)cc(F)c2)[C@H](O)CNCc2cccc(OC)c2)c2cccnc21,COCCN(C)C(=O)n1cc(C(=O)NC(Cc2cc(F)cc(F)c2)C(O)CNCc2cccc(OC)c2)c2cccnc21,0.65,0.448,False,-0.6304199695587158
98,110,CC(=O)NC(Cc1cc(F)cc(F)c1)C(O)CNC1(c2cccc(N3CCOCC3=O)c2)CCCCC1,CCc1cccc(C2(NCC(O)C(Cc3cc(F)cc(F)c3)NC(C)=O)CCCCC2)c1,0.662,-0.275,False,0.3303906321525574
98,118,CC(=O)NC(Cc1cc(F)cc(F)c1)C(O)CNC1(c2cccc(N3CCOCC3=O)c2)CCCCC1,CC(=O)NC(Cc1cc(F)cc(F)c1)C(O)CNC1(c2cccc(C3CCCC3)c2)CCCCC1,0.628,-0.141,False,0.1009460836648941
98,124,CC(=O)NC(Cc1cc(F)cc(F)c1)C(O)CNC1(c2cccc(N3CCOCC3=O)c2)CCCCC1,CSC1CCC(NCC(O)C(Cc2cc(F)cc(F)c2)NC(C)=O)(c2cccc(C(C)(C)C)c2)CC1,0.541,-1.734,True,-0.4788728952407837
98,131,CC(=O)NC(Cc1cc(F)cc(F)c1)C(O)CNC1(c2cccc(N3CCOCC3=O)c2)CCCCC1,CC(=O)NC(Cc1cc(F)cc(F)c1)C(O)CNC1(c2cccc(C3CCCC3=O)c2)CCCCC1,0.61,-0.211,False,0.9305140972137451
98,144,CC(=O)NC(Cc1cc(F)cc(F)c1)C(O)CNC1(c2cccc(N3CCOCC3=O)c2)CCCCC1,CC(=O)NC(Cc1cc(F)cc(F)c1)C(O)CNC1(c2cccc(C(C)(C)C)c2)CCC(C(F)(F)F)CC1,0.529,-1.595,True,0.12200568616390228
98,165,CC(=O)NC(Cc1cc(F)cc(F)c1)C(O)CNC1(c2cccc(N3CCOCC3=O)c2)CCCCC1,CC(=O)N[C@@H](Cc1cc(F)cc(F)c1)[C@H](O)CNC1(c2cccc(C(C)(C)C)c2)CCC1,0.61,-0.329,False,0.4714154005050659
98,169,CC(=O)NC(Cc1cc(F)cc(F)c1)C(O)CNC1(c2cccc(N3CCOCC3=O)c2)CCCCC1,CC(=O)NC(Cc1cc(F)cc(F)c1)C(O)CNC1(c2ccn(C(C)(C)C)n2)CCCCC1,0.53,0.151,False,0.04392361640930176
98,171,CC(=O)NC(Cc1cc(F)cc(F)c1)C(O)CNC1(c2cccc(N3CCOCC3=O)c2)CCCCC1,CC(=O)NC(Cc1cc(F)cc(F)c1)C(O)CNC1(c2cccc(-c3cscn3)c2)CCCCC1,0.583,-1.073,False,0.04893632233142853
98,210,CC(=O)NC(Cc1cc(F)cc(F)c1)C(O)CNC1(c2cccc(N3CCOCC3=O)c2)CCCCC1,CC(=O)NC(Cc1cc(F)cc(F)c1)C(O)CNC1(c2cccs2)CCCCC1,0.564,1.363,False,0.667517900466919
98,227,CC(=O)NC(Cc1cc(F)cc(F)c1)C(O)CNC1(c2cccc(N3CCOCC3=O)c2)CCCCC1,CC(=O)NC(Cc1cc(F)cc(F)c1)C(O)CNC1(c2cccc(C(C)(C)C)c2)CC1,0.584,-0.968,False,0.02499924600124359
98,228,CC(=O)NC(Cc1cc(F)cc(F)c1)C(O)CNC1(c2cccc(N3CCOCC3=O)c2)CCCCC1,CC(=O)NC(Cc1cc(F)cc(F)c1)C(O)CNC1(c2cccc(C3CCOC3)c2)CCCCC1,0.642,-1.169,False,-0.31502383947372437
98,236,CC(=O)NC(Cc1cc(F)cc(F)c1)C(O)CNC1(c2cccc(N3CCOCC3=O)c2)CCCCC1,COC1CCC(NCC(O)C(Cc2cc(F)cc(F)c2)NC(C)=O)(c2cccc(C(C)(C)C)c2)CC1,0.541,-0.968,False,-0.1990875005722046
98,249,CC(=O)NC(Cc1cc(F)cc(F)c1)C(O)CNC1(c2cccc(N3CCOCC3=O)c2)CCCCC1,CC(=O)NC(Cc1cc(F)cc(F)c1)C(O)CNC1(c2cc(CC(C)(C)C)cs2)CCCCC1,0.506,-0.997,False,0.030994728207588196
98,279,CC(=O)NC(Cc1cc(F)cc(F)c1)C(O)CNC1(c2cccc(N3CCOCC3=O)c2)CCCCC1,C=C(C)c1cccc(C2(NCC(O)C(Cc3cc(F)cc(F)c3)NC(C)=O)CCCCC2)c1,0.645,-1.114,False,-0.04400615394115448
98,292,CC(=O)NC(Cc1cc(F)cc(F)c1)C(O)CNC1(c2cccc(N3CCOCC3=O)c2)CCCCC1,COC(=O)NC1CCC(NCC(O)C(Cc2cc(F)cc(F)c2)NC(C)=O)(c2cccc(C(C)(C)C)c2)CC1,0.529,-0.734,False,0.17582936584949493
98,296,CC(=O)NC(Cc1cc(F)cc(F)c1)C(O)CNC1(c2cccc(N3CCOCC3=O)c2)CCCCC1,CC(=O)N[C@@H](Cc1cc(F)cc(F)c1)[C@H](O)CNC1(c2cccc(C(C)(C)C(F)F)c2)CC1,0.562,-0.752,False,0.36119043827056885
99,102,N=C1NC2(c3cccc(NC(=O)c4ccc(Cl)cn4)c3)CC2CS1,N=C1COCC2CC2(c2cc(NC(=O)c3ccc(Cl)cn3)ccc2F)N1,0.5,-1.449,False,-1.2025961875915527
99,222,N=C1NC2(c3cccc(NC(=O)c4ccc(Cl)cn4)c3)CC2CS1,N=C1NC2(c3cccc(NC(=O)c4ccc(Cl)cn4)c3)CC2CCS1,0.845,1.734,True,-0.7877992391586304
100,104,Cc1cc2cc(n1)NCCCCOc1cccc(c1)CC(C(O)CNCc1cccc(C(C)C)c1)NC2=O,CC(C)c1cccc(CNCC(O)C2COCCCCCNC(=O)c3cc(cc(N(C)S(C)(=O)=O)c3)C(=O)N2)c1,0.521,-0.227,False,-1.0040881633758545
100,138,Cc1cc2cc(n1)NCCCCOc1cccc(c1)CC(C(O)CNCc1cccc(C(C)C)c1)NC2=O,COCc1cc2cc(c1)C(=O)NC(C(O)CNCc1cccc(C(C)C)c1)Cc1cccc(c1)OCCCCN2,0.724,0.347,False,-1.2555021047592163
100,150,Cc1cc2cc(n1)NCCCCOc1cccc(c1)CC(C(O)CNCc1cccc(C(C)C)c1)NC2=O,COCc1cc2cc(n1)OCCCCOc1cccc(c1)CC(C(O)CNC1(c3cccc(C(C)C)c3)CC1)NC2=O,0.535,-0.477,False,-0.4510422348976135
100,194,Cc1cc2cc(n1)NCCCCOc1cccc(c1)CC(C(O)CNCc1cccc(C(C)C)c1)NC2=O,COCc1cc2cc(c1)C(=O)N[C@H]([C@H](O)CNC1(c3cccc(C(C)C)c3)CC1)Cc1cccc(c1)OCCCCN2,0.571,-0.201,False,-0.9732441902160645
101,103,CN1C(=O)C(c2ccc(OC(F)(F)F)cc2)(c2cccc(-c3cncnc3)c2F)N=C1N,CN1C(=O)[C@](c2ccc(OC(F)(F)F)cc2)(c2ccc(F)c(-c3cncnc3)c2)N=C1N,0.714,0.009,False,0.6960114240646362
102,112,N=C1COCC2CC2(c2cc(NC(=O)c3ccc(Cl)cn3)ccc2F)N1,CC1(c2cc(NC(=O)c3ccc(Cl)cn3)ccc2F)CCCOC(=N)N1,0.549,-0.285,False,-0.966510534286499
102,223,N=C1COCC2CC2(c2cc(NC(=O)c3ccc(Cl)cn3)ccc2F)N1,C[C@@]1(c2cc(NC(=O)c3ccc(Cl)cn3)ccc2F)C[C@@H]2C[C@@H]2C(=N)N1,0.571,0.551,False,0.06378328800201416
103,197,CN1C(=O)[C@](c2ccc(OC(F)(F)F)cc2)(c2ccc(F)c(-c3cncnc3)c2)N=C1N,CN1C(=O)[C@@](c2ccncc2)(c2cccc(-c3cc(F)ccc3F)c2)N=C1N,0.522,-1.842,True,-0.273939847946167
104,138,CC(C)c1cccc(CNCC(O)C2COCCCCCNC(=O)c3cc(cc(N(C)S(C)(=O)=O)c3)C(=O)N2)c1,COCc1cc2cc(c1)C(=O)NC(C(O)CNCc1cccc(C(C)C)c1)Cc1cccc(c1)OCCCCN2,0.526,0.574,False,-0.06812001764774323
104,152,CC(C)c1cccc(CNCC(O)C2COCCCCCNC(=O)c3cc(cc(N(C)S(C)(=O)=O)c3)C(=O)N2)c1,Cc1cc2cc(c1)C(=O)NC(C(O)CNCc1cccc(C(C)C)c1)COC/C=C/CCNC2=O,0.612,1.495,False,1.183679223060608
105,107,CC(C)(C)c1cccc(CNC2CS(=O)(=O)CC(Cc3cc(F)c(N)c(-c4cc[nH]n4)c3)C2O)c1,CC(C)(C)c1cccc(CNC2CS(=O)(=O)CC(Cc3ccc4[nH]ncc4c3)C2O)c1,0.561,1.714,True,0.6381683349609375
105,128,CC(C)(C)c1cccc(CNC2CS(=O)(=O)CC(Cc3cc(F)c(N)c(-c4cc[nH]n4)c3)C2O)c1,CCOc1cc(CC2CS(=O)(=O)CC(NCc3cccc(C(C)(C)C)c3)C2O)cc(F)c1N,0.701,-0.067,False,0.20132382214069366
105,143,CC(C)(C)c1cccc(CNC2CS(=O)(=O)CC(Cc3cc(F)c(N)c(-c4cc[nH]n4)c3)C2O)c1,CCOC[C@H](Oc1cc(CC2CS(=O)(=O)CC(NCc3cccc(C(C)(C)C)c3)C2O)cc(F)c1N)C(F)(F)F,0.621,0.058,False,-0.4132554531097412
105,151,CC(C)(C)c1cccc(CNC2CS(=O)(=O)CC(Cc3cc(F)c(N)c(-c4cc[nH]n4)c3)C2O)c1,CC(C)(C)c1cccc(CNC2CS(=O)(=O)CC(Cc3ccc4[nH]ccc4c3)C2O)c1,0.575,1.992,True,0.8479591608047485
105,162,CC(C)(C)c1cccc(CNC2CS(=O)(=O)CC(Cc3cc(F)c(N)c(-c4cc[nH]n4)c3)C2O)c1,CC(C)(C)c1cccc(CNC2CS(=O)CC(Cc3cc(O)c(N)c(F)c3)C2O)c1,0.537,1.277,False,-0.0814971923828125
105,195,CC(C)(C)c1cccc(CNC2CS(=O)(=O)CC(Cc3cc(F)c(N)c(-c4cc[nH]n4)c3)C2O)c1,CC(C)(C)c1cccc(CN[C@H]2CS(=O)(=O)C[C@@H](Cc3cc(F)c4c(c3)C3(CCC(F)(F)CC3)CN4)[C@@H]2O)c1,0.575,0.699,False,-0.20366422832012177
105,246,CC(C)(C)c1cccc(CNC2CS(=O)(=O)CC(Cc3cc(F)c(N)c(-c4cc[nH]n4)c3)C2O)c1,CCCc1cc(CC2CS(=O)(=O)CC(NCc3cccc(C(C)(C)C)c3)C2O)cc(F)c1N,0.688,0.667,False,0.3349951505661011
105,270,CC(C)(C)c1cccc(CNC2CS(=O)(=O)CC(Cc3cc(F)c(N)c(-c4cc[nH]n4)c3)C2O)c1,CN(C)CC(=O)Nc1ccc(CC2CS(=O)(=O)CC(NCc3cccc(C(C)(C)C)c3)C2O)cc1F,0.565,0.338,False,-0.14734488725662231
105,300,CC(C)(C)c1cccc(CNC2CS(=O)(=O)CC(Cc3cc(F)c(N)c(-c4cc[nH]n4)c3)C2O)c1,CC(C)(C)c1cccc(CN[C@H]2CS(=O)C[C@@H](Cc3cc(F)c(N)c(OC(C(F)(F)F)C(F)(F)F)c3)[C@@H]2O)c1,0.506,-1.146,False,0.5933488607406616
106,161,CN1C(=O)C2(CC(C)(C)Oc3ccc(-c4cc(Cl)cc(Cl)c4)cc32)N=C1N,CN1C(=O)C2(CC(C)(C)Oc3ccc(-c4ccccn4)cc32)N=C1N,0.69,1.926,True,1.2536805868148804
106,180,CN1C(=O)C2(CC(C)(C)Oc3ccc(-c4cc(Cl)cc(Cl)c4)cc32)N=C1N,CN1C(=O)C2(CC(C)(C)Cc3ccc(-c4cncc(Cl)c4)cc32)N=C1N,0.556,0.03,False,0.7256860733032227
106,186,CN1C(=O)C2(CC(C)(C)Oc3ccc(-c4cc(Cl)cc(Cl)c4)cc32)N=C1N,CN1C(=O)C2(CC(C)(C)Sc3ccc(-c4cncc(Cl)c4)cc32)N=C1N,0.538,-0.105,False,0.28101253509521484
106,203,CN1C(=O)C2(CC(C)(C)Oc3ccc(-c4cc(Cl)cc(Cl)c4)cc32)N=C1N,CN1C(=O)C2(CC(C)(C)Oc3ccc(-c4cccnc4F)cc32)N=C1N,0.645,0.667,False,1.2933049201965332
107,128,CC(C)(C)c1cccc(CNC2CS(=O)(=O)CC(Cc3ccc4[nH]ncc4c3)C2O)c1,CCOc1cc(CC2CS(=O)(=O)CC(NCc3cccc(C(C)(C)C)c3)C2O)cc(F)c1N,0.557,-1.781,True,-0.47212958335876465
107,151,CC(C)(C)c1cccc(CNC2CS(=O)(=O)CC(Cc3ccc4[nH]ncc4c3)C2O)c1,CC(C)(C)c1cccc(CNC2CS(=O)(=O)CC(Cc3ccc4[nH]ccc4c3)C2O)c1,0.761,0.278,False,0.7593898177146912
107,195,CC(C)(C)c1cccc(CNC2CS(=O)(=O)CC(Cc3ccc4[nH]ncc4c3)C2O)c1,CC(C)(C)c1cccc(CN[C@H]2CS(=O)(=O)C[C@@H](Cc3cc(F)c4c(c3)C3(CCC(F)(F)CC3)CN4)[C@@H]2O)c1,0.536,-1.015,False,-0.9710357785224915
107,246,CC(C)(C)c1cccc(CNC2CS(=O)(=O)CC(Cc3ccc4[nH]ncc4c3)C2O)c1,CCCc1cc(CC2CS(=O)(=O)CC(NCc3cccc(C(C)(C)C)c3)C2O)cc(F)c1N,0.564,-1.047,False,-0.10305453836917877
107,270,CC(C)(C)c1cccc(CNC2CS(=O)(=O)CC(Cc3ccc4[nH]ncc4c3)C2O)c1,CN(C)CC(=O)Nc1ccc(CC2CS(=O)(=O)CC(NCc3cccc(C(C)(C)C)c3)C2O)cc1F,0.603,-1.376,False,-0.9835819005966187
108,205,COC(CNc1ccccc1)CC(O)C(COc1cc(F)cc(F)c1)NC(=O)c1cc(C(=O)NC(C)c2ccccc2)cc(N(C)S(C)(=O)=O)c1,C[C@@H](NC(=O)c1cc(C(=O)N[C@@H](Cc2ccccc2)[C@H](O)CNC2CC2)cc(N(C)S(C)(=O)=O)c1)c1ccccc1,0.5,-2.0,True,0.6813755035400391
108,252,COC(CNc1ccccc1)CC(O)C(COc1cc(F)cc(F)c1)NC(=O)c1cc(C(=O)NC(C)c2ccccc2)cc(N(C)S(C)(=O)=O)c1,COC(COCc1ccccc1)CC(O)C(COc1cc(F)cc(F)c1)NC(=O)c1cc(C(=O)NC(C)c2ccccc2)cc(N(C)S(C)(=O)=O)c1,0.79,-0.796,False,0.2973284125328064
109,174,CC(=O)c1ccccc1-c1ccc2nc(N)c(CC(C)C(=O)NCCC(C)(C)C)cc2c1,CC(Cc1cc2cc(-c3ncccc3Cl)ccc2nc1N)C(=O)NCCC(C)(C)C,0.652,-0.135,False,-0.42511266469955444
110,118,CCc1cccc(C2(NCC(O)C(Cc3cc(F)cc(F)c3)NC(C)=O)CCCCC2)c1,CC(=O)NC(Cc1cc(F)cc(F)c1)C(O)CNC1(c2cccc(C3CCCC3)c2)CCCCC1,0.754,0.134,False,-0.13947507739067078
110,124,CCc1cccc(C2(NCC(O)C(Cc3cc(F)cc(F)c3)NC(C)=O)CCCCC2)c1,CSC1CCC(NCC(O)C(Cc2cc(F)cc(F)c2)NC(C)=O)(c2cccc(C(C)(C)C)c2)CC1,0.616,-1.459,False,-0.7964696884155273
110,126,CCc1cccc(C2(NCC(O)C(Cc3cc(F)cc(F)c3)NC(C)=O)CCCCC2)c1,CC(=O)NC(Cc1cc(F)cc(F)c1)C(O)CNC1(c2cc(C(C)(C)C)ccn2)CC1,0.542,-0.033,False,0.20502988994121552
110,131,CCc1cccc(C2(NCC(O)C(Cc3cc(F)cc(F)c3)NC(C)=O)CCCCC2)c1,CC(=O)NC(Cc1cc(F)cc(F)c1)C(O)CNC1(c2cccc(C3CCCC3=O)c2)CCCCC1,0.7,0.064,False,0.6266582608222961
110,139,CCc1cccc(C2(NCC(O)C(Cc3cc(F)cc(F)c3)NC(C)=O)CCCCC2)c1,CC(=O)NC(Cc1cc(F)cc(F)c1)C(O)CNC1(c2cccc(C(C)(C)C)c2)CCc2nc(N)ncc2C1,0.524,-1.693,True,-1.362749695777893
110,144,CCc1cccc(C2(NCC(O)C(Cc3cc(F)cc(F)c3)NC(C)=O)CCCCC2)c1,CC(=O)NC(Cc1cc(F)cc(F)c1)C(O)CNC1(c2cccc(C(C)(C)C)c2)CCC(C(F)(F)F)CC1,0.625,-1.32,False,-0.26820889115333557
110,165,CCc1cccc(C2(NCC(O)C(Cc3cc(F)cc(F)c3)NC(C)=O)CCCCC2)c1,CC(=O)N[C@@H](Cc1cc(F)cc(F)c1)[C@H](O)CNC1(c2cccc(C(C)(C)C)c2)CCC1,0.734,-0.054,False,0.2537442445755005
110,169,CCc1cccc(C2(NCC(O)C(Cc3cc(F)cc(F)c3)NC(C)=O)CCCCC2)c1,CC(=O)NC(Cc1cc(F)cc(F)c1)C(O)CNC1(c2ccn(C(C)(C)C)n2)CCCCC1,0.606,0.426,False,-0.34986168146133423
110,171,CCc1cccc(C2(NCC(O)C(Cc3cc(F)cc(F)c3)NC(C)=O)CCCCC2)c1,CC(=O)NC(Cc1cc(F)cc(F)c1)C(O)CNC1(c2cccc(-c3cscn3)c2)CCCCC1,0.69,-0.797,False,-0.3337847590446472
110,173,CCc1cccc(C2(NCC(O)C(Cc3cc(F)cc(F)c3)NC(C)=O)CCCCC2)c1,CC(=O)N[C@@H](Cc1cc(F)cc(F)c1)[C@H](O)CN[C@]1(c2cccc(C(C)(C)C(F)F)c2)C[C@H]1C,0.533,0.392,False,-0.28517448902130127
110,210,CCc1cccc(C2(NCC(O)C(Cc3cc(F)cc(F)c3)NC(C)=O)CCCCC2)c1,CC(=O)NC(Cc1cc(F)cc(F)c1)C(O)CNC1(c2cccs2)CCCCC1,0.677,1.638,True,0.5282089710235596
110,227,CCc1cccc(C2(NCC(O)C(Cc3cc(F)cc(F)c3)NC(C)=O)CCCCC2)c1,CC(=O)NC(Cc1cc(F)cc(F)c1)C(O)CNC1(c2cccc(C(C)(C)C)c2)CC1,0.703,-0.693,False,-0.2607559561729431
110,228,CCc1cccc(C2(NCC(O)C(Cc3cc(F)cc(F)c3)NC(C)=O)CCCCC2)c1,CC(=O)NC(Cc1cc(F)cc(F)c1)C(O)CNC1(c2cccc(C3CCOC3)c2)CCCCC1,0.69,-0.894,False,-0.5356319546699524
110,236,CCc1cccc(C2(NCC(O)C(Cc3cc(F)cc(F)c3)NC(C)=O)CCCCC2)c1,COC1CCC(NCC(O)C(Cc2cc(F)cc(F)c2)NC(C)=O)(c2cccc(C(C)(C)C)c2)CC1,0.616,-0.693,False,-0.7437446117401123
110,244,CCc1cccc(C2(NCC(O)C(Cc3cc(F)cc(F)c3)NC(C)=O)CCCCC2)c1,CC(=O)NC(Cc1cc(F)cc(F)c1)C(O)CNC1(c2nc(C(C)(C)C)co2)CC1,0.521,1.793,True,-0.017359286546707153
110,249,CCc1cccc(C2(NCC(O)C(Cc3cc(F)cc(F)c3)NC(C)=O)CCCCC2)c1,CC(=O)NC(Cc1cc(F)cc(F)c1)C(O)CNC1(c2cc(CC(C)(C)C)cs2)CCCCC1,0.6,-0.722,False,-0.2660623788833618
110,279,CCc1cccc(C2(NCC(O)C(Cc3cc(F)cc(F)c3)NC(C)=O)CCCCC2)c1,C=C(C)c1cccc(C2(NCC(O)C(Cc3cc(F)cc(F)c3)NC(C)=O)CCCCC2)c1,0.778,-0.839,False,-0.3530880808830261
110,292,CCc1cccc(C2(NCC(O)C(Cc3cc(F)cc(F)c3)NC(C)=O)CCCCC2)c1,COC(=O)NC1CCC(NCC(O)C(Cc2cc(F)cc(F)c2)NC(C)=O)(c2cccc(C(C)(C)C)c2)CC1,0.6,-0.459,False,-0.24751155078411102
110,296,CCc1cccc(C2(NCC(O)C(Cc3cc(F)cc(F)c3)NC(C)=O)CCCCC2)c1,CC(=O)N[C@@H](Cc1cc(F)cc(F)c1)[C@H](O)CNC1(c2cccc(C(C)(C)C(F)F)c2)CC1,0.672,-0.477,False,0.14794959127902985
111,201,CC1CC2(CCN1Cc1ccc(O)c(Cl)c1)CN(C)S(=O)(=O)N2c1cccc(F)c1,CC(C)Oc1cc(CN2CC[C@@]3(C[C@@H]2C)CN(C)S(=O)(=O)N3c2cccc(F)c2)ccc1O,0.761,-1.204,False,0.7891851663589478
111,264,CC1CC2(CCN1Cc1ccc(O)c(Cl)c1)CN(C)S(=O)(=O)N2c1cccc(F)c1,CC(C)Oc1cccc(CN2CC[C@@]3(C[C@@H]2C)CN(C)S(=O)(=O)N3c2cccc(F)c2)c1,0.694,0.176,False,0.5160080194473267
111,280,CC1CC2(CCN1Cc1ccc(O)c(Cl)c1)CN(C)S(=O)(=O)N2c1cccc(F)c1,CCCOc1cccc(CN2CCC3(CNS(=O)(=O)N3c3cccc(F)c3)CC2C)c1,0.5,1.159,False,0.7497608065605164
112,167,CC1(c2cc(NC(=O)c3ccc(Cl)cn3)ccc2F)CCCOC(=N)N1,CN1CCC(C)(c2cc(NC(=O)c3ccc(Cl)cn3)ccc2F)N=C1N,0.521,-0.067,False,0.5663793087005615
112,223,CC1(c2cc(NC(=O)c3ccc(Cl)cn3)ccc2F)CCCOC(=N)N1,C[C@@]1(c2cc(NC(=O)c3ccc(Cl)cn3)ccc2F)C[C@@H]2C[C@@H]2C(=N)N1,0.618,0.836,False,0.9494889974594116
112,231,CC1(c2cc(NC(=O)c3ccc(Cl)cn3)ccc2F)CCCOC(=N)N1,C[C@@]1(c2cc(NC(=O)c3ccc(C#N)cn3)ccc2F)CCOC(=N)N1,0.712,0.561,False,2.1905269622802734
113,132,CC1(c2cc(NC(=O)c3nn(C(F)F)cc3Cl)ccc2F)N=C(N)OCC1(F)F,CC1(c2cc(NC(=O)c3cnc(OCC(F)(F)F)cn3)ccc2F)N=C(N)OCC1(F)F,0.577,0.119,False,1.2020679712295532
113,281,CC1(c2cc(NC(=O)c3nn(C(F)F)cc3Cl)ccc2F)N=C(N)OCC1(F)F,CC1(c2cc(NC(=O)c3ncc(Cl)cn3)ccc2F)N=C(N)OCC1(F)F,0.652,0.547,False,0.9079593420028687
115,120,CCCN(CCC)C(=O)c1cc(C(=O)NC(Cc2cc(F)cc(F)c2)C(O)CNCc2cccc(OC)c2)cc(C(C)NC(C)=O)c1,CCCCN(C)C(=O)n1cc(C(=O)NC(Cc2cc(F)cc(F)c2)C(O)CNCc2cccc(OC)c2)c2cc(C(=O)OCc3ccccc3)ccc21,0.505,1.633,True,-0.0867057517170906
115,142,CCCN(CCC)C(=O)c1cc(C(=O)NC(Cc2cc(F)cc(F)c2)C(O)CNCc2cccc(OC)c2)cc(C(C)NC(C)=O)c1,CCCN(CCC)C(=O)c1cc(Oc2ccccc2)cc(C(=O)NC(Cc2cc(F)cc(F)c2)C(O)CNCc2cccc(OC)c2)c1,0.785,-0.301,False,0.9844878911972046
115,145,CCCN(CCC)C(=O)c1cc(C(=O)NC(Cc2cc(F)cc(F)c2)C(O)CNCc2cccc(OC)c2)cc(C(C)NC(C)=O)c1,CCCCN(C)C(=O)n1cc(C(=O)NC(Cc2cc(F)cc(F)c2)C(O)CNCc2cccc(OC)c2)c2cccnc21,0.525,0.217,False,1.7443383932113647
115,155,CCCN(CCC)C(=O)c1cc(C(=O)NC(Cc2cc(F)cc(F)c2)C(O)CNCc2cccc(OC)c2)cc(C(C)NC(C)=O)c1,COCC1CCN(C(C)C(=O)NC(Cc2cc(F)cc(F)c2)C(O)CNCc2cccc(OC)c2)C1=O,0.5,1.38,False,1.2076998949050903
115,200,CCCN(CCC)C(=O)c1cc(C(=O)NC(Cc2cc(F)cc(F)c2)C(O)CNCc2cccc(OC)c2)cc(C(C)NC(C)=O)c1,COc1cccc(CNC[C@H](O)[C@H](Cc2cc(F)cc(F)c2)NC(=O)c2cc(C(C)=O)cc(N3CCCCS3(=O)=O)c2)c1,0.576,0.653,False,1.002090334892273
115,208,CCCN(CCC)C(=O)c1cc(C(=O)NC(Cc2cc(F)cc(F)c2)C(O)CNCc2cccc(OC)c2)cc(C(C)NC(C)=O)c1,CCCN(CCC)C(=O)c1cc(C(N)=O)cc(C(=O)N[C@@H](Cc2cc(F)cc(F)c2)[C@H](O)CNCc2cccc(OC)c2)c1,0.805,-0.26,False,1.0746945142745972
115,209,CCCN(CCC)C(=O)c1cc(C(=O)NC(Cc2cc(F)cc(F)c2)C(O)CNCc2cccc(OC)c2)cc(C(C)NC(C)=O)c1,COCCN(C)C(=O)n1cc(C(=O)NC(Cc2cc(F)cc(F)c2)C(O)CNCc2cccc(OC)c2)c2cccnc21,0.505,0.562,False,0.8365358114242554
115,301,CCCN(CCC)C(=O)c1cc(C(=O)NC(Cc2cc(F)cc(F)c2)C(O)CNCc2cccc(OC)c2)cc(C(C)NC(C)=O)c1,C=CCO/N=C(/C)c1cc(C(=O)N[C@@H](Cc2cc(F)cc(F)c2)[C@@H](O)CNCc2cccc(OC)c2)cc(N2CCCCS2(=O)=O)c1,0.51,0.744,False,-0.1985982209444046
117,239,O=C(NC(Cc1ccccc1)C(O)CNCc1cccc(C(F)(F)F)c1)c1cccc(N2c3ccccc3OS2(=O)=O)c1,CCc1coc2c(N3CCCC3=O)cc(C(=O)NC(Cc3ccccc3)C(O)CNCc3cccc(C(F)(F)F)c3)cc12,0.5,-1.02,False,-0.6205411553382874
117,263,O=C(NC(Cc1ccccc1)C(O)CNCc1cccc(C(F)(F)F)c1)c1cccc(N2c3ccccc3OS2(=O)=O)c1,CS(=O)(=O)N(c1ccncc1)c1cccc(C(=O)NC(Cc2ccccc2)C(O)CNCc2cccc(C(F)(F)F)c2)c1,0.54,-0.637,False,-0.7908108234405518
118,124,CC(=O)NC(Cc1cc(F)cc(F)c1)C(O)CNC1(c2cccc(C3CCCC3)c2)CCCCC1,CSC1CCC(NCC(O)C(Cc2cc(F)cc(F)c2)NC(C)=O)(c2cccc(C(C)(C)C)c2)CC1,0.627,-1.593,True,-0.8152244091033936
118,126,CC(=O)NC(Cc1cc(F)cc(F)c1)C(O)CNC1(c2cccc(C3CCCC3)c2)CCCCC1,CC(=O)NC(Cc1cc(F)cc(F)c1)C(O)CNC1(c2cc(C(C)(C)C)ccn2)CC1,0.513,-0.167,False,0.46220237016677856
118,131,CC(=O)NC(Cc1cc(F)cc(F)c1)C(O)CNC1(c2cccc(C3CCCC3)c2)CCCCC1,CC(=O)NC(Cc1cc(F)cc(F)c1)C(O)CNC1(c2cccc(C3CCCC3=O)c2)CCCCC1,0.783,-0.07,False,0.7594387531280518
118,139,CC(=O)NC(Cc1cc(F)cc(F)c1)C(O)CNC1(c2cccc(C3CCCC3)c2)CCCCC1,CC(=O)NC(Cc1cc(F)cc(F)c1)C(O)CNC1(c2cccc(C(C)(C)C)c2)CCc2nc(N)ncc2C1,0.5,-1.827,True,-0.8334190845489502
118,144,CC(=O)NC(Cc1cc(F)cc(F)c1)C(O)CNC1(c2cccc(C3CCCC3)c2)CCCCC1,CC(=O)NC(Cc1cc(F)cc(F)c1)C(O)CNC1(c2cccc(C(C)(C)C)c2)CCC(C(F)(F)F)CC1,0.635,-1.455,False,-0.020819909870624542
118,165,CC(=O)NC(Cc1cc(F)cc(F)c1)C(O)CNC1(c2cccc(C3CCCC3)c2)CCCCC1,CC(=O)N[C@@H](Cc1cc(F)cc(F)c1)[C@H](O)CNC1(c2cccc(C(C)(C)C)c2)CCC1,0.691,-0.188,False,0.4635496735572815
118,169,CC(=O)NC(Cc1cc(F)cc(F)c1)C(O)CNC1(c2cccc(C3CCCC3)c2)CCCCC1,CC(=O)NC(Cc1cc(F)cc(F)c1)C(O)CNC1(c2ccn(C(C)(C)C)n2)CCCCC1,0.573,0.292,False,-0.02455073595046997
118,171,CC(=O)NC(Cc1cc(F)cc(F)c1)C(O)CNC1(c2cccc(C3CCCC3)c2)CCCCC1,CC(=O)NC(Cc1cc(F)cc(F)c1)C(O)CNC1(c2cccc(-c3cscn3)c2)CCCCC1,0.653,-0.932,False,-0.11005562543869019
118,173,CC(=O)NC(Cc1cc(F)cc(F)c1)C(O)CNC1(c2cccc(C3CCCC3)c2)CCCCC1,CC(=O)N[C@@H](Cc1cc(F)cc(F)c1)[C@H](O)CN[C@]1(c2cccc(C(C)(C)C(F)F)c2)C[C@H]1C,0.526,0.257,False,-0.12964671850204468
118,210,CC(=O)NC(Cc1cc(F)cc(F)c1)C(O)CNC1(c2cccc(C3CCCC3)c2)CCCCC1,CC(=O)NC(Cc1cc(F)cc(F)c1)C(O)CNC1(c2cccs2)CCCCC1,0.638,1.504,True,0.808261513710022
118,227,CC(=O)NC(Cc1cc(F)cc(F)c1)C(O)CNC1(c2cccc(C3CCCC3)c2)CCCCC1,CC(=O)NC(Cc1cc(F)cc(F)c1)C(O)CNC1(c2cccc(C(C)(C)C)c2)CC1,0.662,-0.827,False,-0.08474545180797577
118,228,CC(=O)NC(Cc1cc(F)cc(F)c1)C(O)CNC1(c2cccc(C3CCCC3)c2)CCCCC1,CC(=O)NC(Cc1cc(F)cc(F)c1)C(O)CNC1(c2cccc(C3CCOC3)c2)CCCCC1,0.824,-1.029,False,-0.376035213470459
118,236,CC(=O)NC(Cc1cc(F)cc(F)c1)C(O)CNC1(c2cccc(C3CCCC3)c2)CCCCC1,COC1CCC(NCC(O)C(Cc2cc(F)cc(F)c2)NC(C)=O)(c2cccc(C(C)(C)C)c2)CC1,0.627,-0.827,False,-0.34778475761413574
118,249,CC(=O)NC(Cc1cc(F)cc(F)c1)C(O)CNC1(c2cccc(C3CCCC3)c2)CCCCC1,CC(=O)NC(Cc1cc(F)cc(F)c1)C(O)CNC1(c2cc(CC(C)(C)C)cs2)CCCCC1,0.568,-0.856,False,-0.11292801797389984
118,279,CC(=O)NC(Cc1cc(F)cc(F)c1)C(O)CNC1(c2cccc(C3CCCC3)c2)CCCCC1,C=C(C)c1cccc(C2(NCC(O)C(Cc3cc(F)cc(F)c3)NC(C)=O)CCCCC2)c1,0.731,-0.973,False,-0.18799573183059692
118,292,CC(=O)NC(Cc1cc(F)cc(F)c1)C(O)CNC1(c2cccc(C3CCCC3)c2)CCCCC1,COC(=O)NC1CCC(NCC(O)C(Cc2cc(F)cc(F)c2)NC(C)=O)(c2cccc(C(C)(C)C)c2)CC1,0.61,-0.593,False,0.0017139017581939697
118,296,CC(=O)NC(Cc1cc(F)cc(F)c1)C(O)CNC1(c2cccc(C3CCCC3)c2)CCCCC1,CC(=O)N[C@@H](Cc1cc(F)cc(F)c1)[C@H](O)CNC1(c2cccc(C(C)(C)C(F)F)c2)CC1,0.634,-0.611,False,0.32504141330718994
120,142,CCCCN(C)C(=O)n1cc(C(=O)NC(Cc2cc(F)cc(F)c2)C(O)CNCc2cccc(OC)c2)c2cc(C(=O)OCc3ccccc3)ccc21,CCCN(CCC)C(=O)c1cc(Oc2ccccc2)cc(C(=O)NC(Cc2cc(F)cc(F)c2)C(O)CNCc2cccc(OC)c2)c1,0.535,-1.934,True,0.8503159284591675
120,145,CCCCN(C)C(=O)n1cc(C(=O)NC(Cc2cc(F)cc(F)c2)C(O)CNCc2cccc(OC)c2)c2cc(C(=O)OCc3ccccc3)ccc21,CCCCN(C)C(=O)n1cc(C(=O)NC(Cc2cc(F)cc(F)c2)C(O)CNCc2cccc(OC)c2)c2cccnc21,0.701,-1.416,False,1.2171727418899536
120,153,CCCCN(C)C(=O)n1cc(C(=O)NC(Cc2cc(F)cc(F)c2)C(O)CNCc2cccc(OC)c2)c2cc(C(=O)OCc3ccccc3)ccc21,CCCCN(C)C(=O)n1cc(C(=O)NC(Cc2cc(F)cc(F)c2)C(O)CNCc2cccc(CC)c2)c2cccnc21,0.61,-2.0,True,0.02427154779434204
120,208,CCCCN(C)C(=O)n1cc(C(=O)NC(Cc2cc(F)cc(F)c2)C(O)CNCc2cccc(OC)c2)c2cc(C(=O)OCc3ccccc3)ccc21,CCCN(CCC)C(=O)c1cc(C(N)=O)cc(C(=O)N[C@@H](Cc2cc(F)cc(F)c2)[C@H](O)CNCc2cccc(OC)c2)c1,0.515,-1.893,True,0.8490982055664062
120,209,CCCCN(C)C(=O)n1cc(C(=O)NC(Cc2cc(F)cc(F)c2)C(O)CNCc2cccc(OC)c2)c2cc(C(=O)OCc3ccccc3)ccc21,COCCN(C)C(=O)n1cc(C(=O)NC(Cc2cc(F)cc(F)c2)C(O)CNCc2cccc(OC)c2)c2cccnc21,0.614,-1.071,False,0.667585015296936
120,224,CCCCN(C)C(=O)n1cc(C(=O)NC(Cc2cc(F)cc(F)c2)C(O)CNCc2cccc(OC)c2)c2cc(C(=O)OCc3ccccc3)ccc21,CCCCN(CCCC)C(=O)n1cc(C(=O)N[C@@H](Cc2ccccc2)[C@H](O)CNCc2cccc(OC)c2)c2ccccc21,0.649,-0.961,False,1.5639739036560059
121,168,CC(NC(=O)c1cc(COCC(N)(CF)Cc2ccccc2)cc(N(C)S(C)(=O)=O)c1)c1ccc(F)cc1,CC(NC(=O)c1cc(-c2nc(C(C)(N)Cc3ccccc3)no2)cc(N(C)S(C)(=O)=O)c1)c1ccc(F)cc1,0.581,0.264,False,-0.8954576849937439
121,181,CC(NC(=O)c1cc(COCC(N)(CF)Cc2ccccc2)cc(N(C)S(C)(=O)=O)c1)c1ccc(F)cc1,CC(NC(=O)c1cc(-c2noc(C(C)(N)Cc3ccccc3)n2)cc(N(C)S(C)(=O)=O)c1)c1ccc(F)cc1,0.595,0.315,False,-0.4367113709449768
121,220,CC(NC(=O)c1cc(COCC(N)(CF)Cc2ccccc2)cc(N(C)S(C)(=O)=O)c1)c1ccc(F)cc1,C[C@@H](NC(=O)c1cc(C(=O)OC[C@@](N)(CO)Cc2ccccc2)cc(N(C)S(C)(=O)=O)c1)c1ccc(F)cc1,0.701,-0.698,False,0.6198005080223083
121,221,CC(NC(=O)c1cc(COCC(N)(CF)Cc2ccccc2)cc(N(C)S(C)(=O)=O)c1)c1ccc(F)cc1,CC(NC(=O)c1cc(SCCC(N)(CO)Cc2ccccc2)cc(N(C)S(C)(=O)=O)c1)c1ccc(F)cc1,0.642,2.001,True,-0.9410429000854492
121,245,CC(NC(=O)c1cc(COCC(N)(CF)Cc2ccccc2)cc(N(C)S(C)(=O)=O)c1)c1ccc(F)cc1,CC(NC(=O)c1cc(NCCC(N)(CO)Cc2ccccc2)cc(N(C)S(C)(=O)=O)c1)c1ccc(F)cc1,0.679,2.001,True,-0.762927234172821
121,252,CC(NC(=O)c1cc(COCC(N)(CF)Cc2ccccc2)cc(N(C)S(C)(=O)=O)c1)c1ccc(F)cc1,COC(COCc1ccccc1)CC(O)C(COc1cc(F)cc(F)c1)NC(=O)c1cc(C(=O)NC(C)c2ccccc2)cc(N(C)S(C)(=O)=O)c1,0.511,-0.618,False,-0.5885396599769592
121,258,CC(NC(=O)c1cc(COCC(N)(CF)Cc2ccccc2)cc(N(C)S(C)(=O)=O)c1)c1ccc(F)cc1,C[C@@H](NC(=O)c1cc(C(=O)N[C@@H](Cc2ccccc2)[C@H](O)C2NC(C)(C)N(C)C2=O)cc(N(C)S(C)(=O)=O)c1)c1ccc(F)cc1,0.5,-1.147,False,-0.9767502546310425
122,127,CC1(C)Cc2cc(Cl)ccc2C(=NC(Cc2cscc2-c2ncco2)C(=O)O)N1,Cn1cc(-c2cscc2CC(N=C2NC(C)(C)Cc3cc(Cl)ccc32)C(=O)O)cn1,0.693,0.124,False,-0.8619030714035034
122,140,CC1(C)Cc2cc(Cl)ccc2C(=NC(Cc2cscc2-c2ncco2)C(=O)O)N1,CCc1cscc1CC(N=C1NC(C)(C)Cc2cc(Cl)ccc21)C(=O)O,0.721,-0.114,False,-0.6357299089431763
122,160,CC1(C)Cc2cc(Cl)ccc2C(=NC(Cc2cscc2-c2ncco2)C(=O)O)N1,CC1(C)Cc2cc(Cl)ccc2C(=NC(Cc2cscc2C2CC2)C(=O)O)N1,0.671,0.472,False,-0.08641259372234344
123,125,NC1=NC(c2ccccc2)(C2CCCCC2)C(=O)N1CC1CCCO1,NC1=NC(c2ccccc2)(C2CCCCC2)C(=O)N1Cc1cc(F)cc(F)c1,0.593,0.016,False,-1.1247875690460205
124,126,CSC1CCC(NCC(O)C(Cc2cc(F)cc(F)c2)NC(C)=O)(c2cccc(C(C)(C)C)c2)CC1,CC(=O)NC(Cc1cc(F)cc(F)c1)C(O)CNC1(c2cc(C(C)(C)C)ccn2)CC1,0.63,1.426,False,1.1558159589767456
124,131,CSC1CCC(NCC(O)C(Cc2cc(F)cc(F)c2)NC(C)=O)(c2cccc(C(C)(C)C)c2)CC1,CC(=O)NC(Cc1cc(F)cc(F)c1)C(O)CNC1(c2cccc(C3CCCC3=O)c2)CCCCC1,0.588,1.523,True,1.460636019706726
124,139,CSC1CCC(NCC(O)C(Cc2cc(F)cc(F)c2)NC(C)=O)(c2cccc(C(C)(C)C)c2)CC1,CC(=O)NC(Cc1cc(F)cc(F)c1)C(O)CNC1(c2cccc(C(C)(C)C)c2)CCc2nc(N)ncc2C1,0.619,-0.234,False,-0.37951815128326416
124,144,CSC1CCC(NCC(O)C(Cc2cc(F)cc(F)c2)NC(C)=O)(c2cccc(C(C)(C)C)c2)CC1,CC(=O)NC(Cc1cc(F)cc(F)c1)C(O)CNC1(c2cccc(C(C)(C)C)c2)CCC(C(F)(F)F)CC1,0.812,0.138,False,0.57328200340271
124,165,CSC1CCC(NCC(O)C(Cc2cc(F)cc(F)c2)NC(C)=O)(c2cccc(C(C)(C)C)c2)CC1,CC(=O)N[C@@H](Cc1cc(F)cc(F)c1)[C@H](O)CNC1(c2cccc(C(C)(C)C)c2)CCC1,0.803,1.405,False,1.1434038877487183
124,169,CSC1CCC(NCC(O)C(Cc2cc(F)cc(F)c2)NC(C)=O)(c2cccc(C(C)(C)C)c2)CC1,CC(=O)NC(Cc1cc(F)cc(F)c1)C(O)CNC1(c2ccn(C(C)(C)C)n2)CCCCC1,0.506,1.885,True,0.6593195199966431
124,171,CSC1CCC(NCC(O)C(Cc2cc(F)cc(F)c2)NC(C)=O)(c2cccc(C(C)(C)C)c2)CC1,CC(=O)NC(Cc1cc(F)cc(F)c1)C(O)CNC1(c2cccc(-c3cscn3)c2)CCCCC1,0.542,0.661,False,0.47077304124832153
124,173,CSC1CCC(NCC(O)C(Cc2cc(F)cc(F)c2)NC(C)=O)(c2cccc(C(C)(C)C)c2)CC1,CC(=O)N[C@@H](Cc1cc(F)cc(F)c1)[C@H](O)CN[C@]1(c2cccc(C(C)(C)C(F)F)c2)C[C@H]1C,0.597,1.85,True,0.6076047420501709
124,210,CSC1CCC(NCC(O)C(Cc2cc(F)cc(F)c2)NC(C)=O)(c2cccc(C(C)(C)C)c2)CC1,CC(=O)NC(Cc1cc(F)cc(F)c1)C(O)CNC1(c2cccs2)CCCCC1,0.519,3.097,True,1.489146113395691
124,227,CSC1CCC(NCC(O)C(Cc2cc(F)cc(F)c2)NC(C)=O)(c2cccc(C(C)(C)C)c2)CC1,CC(=O)NC(Cc1cc(F)cc(F)c1)C(O)CNC1(c2cccc(C(C)(C)C)c2)CC1,0.828,0.766,False,0.528198778629303
124,228,CSC1CCC(NCC(O)C(Cc2cc(F)cc(F)c2)NC(C)=O)(c2cccc(C(C)(C)C)c2)CC1,CC(=O)NC(Cc1cc(F)cc(F)c1)C(O)CNC1(c2cccc(C3CCOC3)c2)CCCCC1,0.58,0.564,False,0.23139049112796783
124,236,CSC1CCC(NCC(O)C(Cc2cc(F)cc(F)c2)NC(C)=O)(c2cccc(C(C)(C)C)c2)CC1,COC1CCC(NCC(O)C(Cc2cc(F)cc(F)c2)NC(C)=O)(c2cccc(C(C)(C)C)c2)CC1,0.8,0.766,False,0.1293879598379135
124,244,CSC1CCC(NCC(O)C(Cc2cc(F)cc(F)c2)NC(C)=O)(c2cccc(C(C)(C)C)c2)CC1,CC(=O)NC(Cc1cc(F)cc(F)c1)C(O)CNC1(c2nc(C(C)(C)C)co2)CC1,0.526,3.252,True,0.9862295389175415
124,249,CSC1CCC(NCC(O)C(Cc2cc(F)cc(F)c2)NC(C)=O)(c2cccc(C(C)(C)C)c2)CC1,CC(=O)NC(Cc1cc(F)cc(F)c1)C(O)CNC1(c2cc(CC(C)(C)C)cs2)CCCCC1,0.5,0.737,False,0.5103580355644226
124,277,CSC1CCC(NCC(O)C(Cc2cc(F)cc(F)c2)NC(C)=O)(c2cccc(C(C)(C)C)c2)CC1,CC(=O)N[C@@H](Cc1cc(F)cc(F)c1)[C@H](O)CNC(C)(C)c1cccc(C(C)(C)C)c1,0.586,0.921,False,1.1822915077209473
124,279,CSC1CCC(NCC(O)C(Cc2cc(F)cc(F)c2)NC(C)=O)(c2cccc(C(C)(C)C)c2)CC1,C=C(C)c1cccc(C2(NCC(O)C(Cc3cc(F)cc(F)c3)NC(C)=O)CCCCC2)c1,0.6,0.62,False,0.44849693775177
124,292,CSC1CCC(NCC(O)C(Cc2cc(F)cc(F)c2)NC(C)=O)(c2cccc(C(C)(C)C)c2)CC1,COC(=O)NC1CCC(NCC(O)C(Cc2cc(F)cc(F)c2)NC(C)=O)(c2cccc(C(C)(C)C)c2)CC1,0.778,1.0,False,0.4965841770172119
124,296,CSC1CCC(NCC(O)C(Cc2cc(F)cc(F)c2)NC(C)=O)(c2cccc(C(C)(C)C)c2)CC1,CC(=O)N[C@@H](Cc1cc(F)cc(F)c1)[C@H](O)CNC1(c2cccc(C(C)(C)C(F)F)c2)CC1,0.714,0.982,False,1.1114095449447632
126,139,CC(=O)NC(Cc1cc(F)cc(F)c1)C(O)CNC1(c2cc(C(C)(C)C)ccn2)CC1,CC(=O)NC(Cc1cc(F)cc(F)c1)C(O)CNC1(c2cccc(C(C)(C)C)c2)CCc2nc(N)ncc2C1,0.573,-1.66,True,-1.6003854274749756
126,144,CC(=O)NC(Cc1cc(F)cc(F)c1)C(O)CNC1(c2cc(C(C)(C)C)ccn2)CC1,CC(=O)NC(Cc1cc(F)cc(F)c1)C(O)CNC1(c2cccc(C(C)(C)C)c2)CCC(C(F)(F)F)CC1,0.616,-1.288,False,-0.4912114143371582
126,165,CC(=O)NC(Cc1cc(F)cc(F)c1)C(O)CNC1(c2cc(C(C)(C)C)ccn2)CC1,CC(=O)N[C@@H](Cc1cc(F)cc(F)c1)[C@H](O)CNC1(c2cccc(C(C)(C)C)c2)CCC1,0.672,-0.021,False,0.22350411117076874
126,169,CC(=O)NC(Cc1cc(F)cc(F)c1)C(O)CNC1(c2cc(C(C)(C)C)ccn2)CC1,CC(=O)NC(Cc1cc(F)cc(F)c1)C(O)CNC1(c2ccn(C(C)(C)C)n2)CCCCC1,0.62,0.459,False,-0.8401163816452026
126,171,CC(=O)NC(Cc1cc(F)cc(F)c1)C(O)CNC1(c2cc(C(C)(C)C)ccn2)CC1,CC(=O)NC(Cc1cc(F)cc(F)c1)C(O)CNC1(c2cccc(-c3cscn3)c2)CCCCC1,0.532,-0.765,False,-0.6219528317451477
126,173,CC(=O)NC(Cc1cc(F)cc(F)c1)C(O)CNC1(c2cc(C(C)(C)C)ccn2)CC1,CC(=O)N[C@@H](Cc1cc(F)cc(F)c1)[C@H](O)CN[C@]1(c2cccc(C(C)(C)C(F)F)c2)C[C@H]1C,0.506,0.424,False,-0.9047871828079224
126,210,CC(=O)NC(Cc1cc(F)cc(F)c1)C(O)CNC1(c2cc(C(C)(C)C)ccn2)CC1,CC(=O)NC(Cc1cc(F)cc(F)c1)C(O)CNC1(c2cccs2)CCCCC1,0.549,1.671,True,0.3465114235877991
126,227,CC(=O)NC(Cc1cc(F)cc(F)c1)C(O)CNC1(c2cc(C(C)(C)C)ccn2)CC1,CC(=O)NC(Cc1cc(F)cc(F)c1)C(O)CNC1(c2cccc(C(C)(C)C)c2)CC1,0.719,-0.66,False,-1.3730567693710327
126,236,CC(=O)NC(Cc1cc(F)cc(F)c1)C(O)CNC1(c2cc(C(C)(C)C)ccn2)CC1,COC1CCC(NCC(O)C(Cc2cc(F)cc(F)c2)NC(C)=O)(c2cccc(C(C)(C)C)c2)CC1,0.608,-0.66,False,-0.8272069096565247
126,244,CC(=O)NC(Cc1cc(F)cc(F)c1)C(O)CNC1(c2cc(C(C)(C)C)ccn2)CC1,CC(=O)NC(Cc1cc(F)cc(F)c1)C(O)CNC1(c2nc(C(C)(C)C)co2)CC1,0.623,1.826,True,-0.43164128065109253
126,249,CC(=O)NC(Cc1cc(F)cc(F)c1)C(O)CNC1(c2cc(C(C)(C)C)ccn2)CC1,CC(=O)NC(Cc1cc(F)cc(F)c1)C(O)CNC1(c2cc(CC(C)(C)C)cs2)CCCCC1,0.548,-0.689,False,-0.6252892017364502
126,277,CC(=O)NC(Cc1cc(F)cc(F)c1)C(O)CNC1(c2cc(C(C)(C)C)ccn2)CC1,CC(=O)N[C@@H](Cc1cc(F)cc(F)c1)[C@H](O)CNC(C)(C)c1cccc(C(C)(C)C)c1,0.576,-0.505,False,0.15333543717861176
126,279,CC(=O)NC(Cc1cc(F)cc(F)c1)C(O)CNC1(c2cc(C(C)(C)C)ccn2)CC1,C=C(C)c1cccc(C2(NCC(O)C(Cc3cc(F)cc(F)c3)NC(C)=O)CCCCC2)c1,0.527,-0.806,False,-1.0172932147979736
126,292,CC(=O)NC(Cc1cc(F)cc(F)c1)C(O)CNC1(c2cc(C(C)(C)C)ccn2)CC1,COC(=O)NC1CCC(NCC(O)C(Cc2cc(F)cc(F)c2)NC(C)=O)(c2cccc(C(C)(C)C)c2)CC1,0.592,-0.426,False,-0.4332050681114197
126,296,CC(=O)NC(Cc1cc(F)cc(F)c1)C(O)CNC1(c2cc(C(C)(C)C)ccn2)CC1,CC(=O)N[C@@H](Cc1cc(F)cc(F)c1)[C@H](O)CNC1(c2cccc(C(C)(C)C(F)F)c2)CC1,0.614,-0.444,False,-0.12839245796203613
127,140,Cn1cc(-c2cscc2CC(N=C2NC(C)(C)Cc3cc(Cl)ccc32)C(=O)O)cn1,CCc1cscc1CC(N=C1NC(C)(C)Cc2cc(Cl)ccc21)C(=O)O,0.731,-0.238,False,0.16730166971683502
127,160,Cn1cc(-c2cscc2CC(N=C2NC(C)(C)Cc3cc(Cl)ccc32)C(=O)O)cn1,CC1(C)Cc2cc(Cl)ccc2C(=NC(Cc2cscc2C2CC2)C(=O)O)N1,0.681,0.348,False,0.7487615346908569
128,143,CCOc1cc(CC2CS(=O)(=O)CC(NCc3cccc(C(C)(C)C)c3)C2O)cc(F)c1N,CCOC[C@H](Oc1cc(CC2CS(=O)(=O)CC(NCc3cccc(C(C)(C)C)c3)C2O)cc(F)c1N)C(F)(F)F,0.766,0.125,False,-0.7350249290466309
128,151,CCOc1cc(CC2CS(=O)(=O)CC(NCc3cccc(C(C)(C)C)c3)C2O)cc(F)c1N,CC(C)(C)c1cccc(CNC2CS(=O)(=O)CC(Cc3ccc4[nH]ccc4c3)C2O)c1,0.571,2.059,True,0.7501065731048584
128,162,CCOc1cc(CC2CS(=O)(=O)CC(NCc3cccc(C(C)(C)C)c3)C2O)cc(F)c1N,CC(C)(C)c1cccc(CNC2CS(=O)CC(Cc3cc(O)c(N)c(F)c3)C2O)c1,0.571,1.344,False,-0.40721064805984497
128,195,CCOc1cc(CC2CS(=O)(=O)CC(NCc3cccc(C(C)(C)C)c3)C2O)cc(F)c1N,CC(C)(C)c1cccc(CN[C@H]2CS(=O)(=O)C[C@@H](Cc3cc(F)c4c(c3)C3(CCC(F)(F)CC3)CN4)[C@@H]2O)c1,0.59,0.766,False,-0.4588908553123474
128,246,CCOc1cc(CC2CS(=O)(=O)CC(NCc3cccc(C(C)(C)C)c3)C2O)cc(F)c1N,CCCc1cc(CC2CS(=O)(=O)CC(NCc3cccc(C(C)(C)C)c3)C2O)cc(F)c1N,0.761,0.734,False,0.21568052470684052
128,270,CCOc1cc(CC2CS(=O)(=O)CC(NCc3cccc(C(C)(C)C)c3)C2O)cc(F)c1N,CN(C)CC(=O)Nc1ccc(CC2CS(=O)(=O)CC(NCc3cccc(C(C)(C)C)c3)C2O)cc1F,0.6,0.405,False,-0.40488409996032715
128,286,CCOc1cc(CC2CS(=O)(=O)CC(NCc3cccc(C(C)(C)C)c3)C2O)cc(F)c1N,COC[C@@H](Oc1cc(C[C@@H]2CS(=O)C[C@H](NCc3cccc(C(C)(C)C)c3)[C@H]2O)cc(F)c1N)C(F)(F)F,0.558,-0.778,False,-1.0026001930236816
128,300,CCOc1cc(CC2CS(=O)(=O)CC(NCc3cccc(C(C)(C)C)c3)C2O)cc(F)c1N,CC(C)(C)c1cccc(CN[C@H]2CS(=O)C[C@@H](Cc3cc(F)c(N)c(OC(C(F)(F)F)C(F)(F)F)c3)[C@@H]2O)c1,0.593,-1.079,False,0.6123957633972168
129,207,COc1cccc(-c2cccc(C3(C4CCN(C(C)=O)CC4)N=C(C)C(=N)N3)c2)c1,COc1cccc(-c2cccc(C3(c4ccncc4)N=C(C)C(=N)N3)c2)c1,0.5,-0.673,False,1.0141820907592773
130,295,CCCCC1CCN(C(CCc2ccccc2)C(=O)NC(Cc2cc(F)cc(F)c2)C(O)C2CC(O)CN2)C1=O,CCCCC1CCN(C(C)C(=O)NC(Cc2cc(F)cc(F)c2)C(O)C2CC(O)CN2)C1=O,0.769,0.584,False,0.8886170387268066
131,144,CC(=O)NC(Cc1cc(F)cc(F)c1)C(O)CNC1(c2cccc(C3CCCC3=O)c2)CCCCC1,CC(=O)NC(Cc1cc(F)cc(F)c1)C(O)CNC1(c2cccc(C(C)(C)C)c2)CCC(C(F)(F)F)CC1,0.595,-1.385,False,-0.7679260969161987
131,165,CC(=O)NC(Cc1cc(F)cc(F)c1)C(O)CNC1(c2cccc(C3CCCC3=O)c2)CCCCC1,CC(=O)N[C@@H](Cc1cc(F)cc(F)c1)[C@H](O)CNC1(c2cccc(C(C)(C)C)c2)CCC1,0.644,-0.118,False,-0.22475898265838623
131,169,CC(=O)NC(Cc1cc(F)cc(F)c1)C(O)CNC1(c2cccc(C3CCCC3=O)c2)CCCCC1,CC(=O)NC(Cc1cc(F)cc(F)c1)C(O)CNC1(c2ccn(C(C)(C)C)n2)CCCCC1,0.537,0.362,False,-0.9028201699256897
131,171,CC(=O)NC(Cc1cc(F)cc(F)c1)C(O)CNC1(c2cccc(C3CCCC3=O)c2)CCCCC1,CC(=O)NC(Cc1cc(F)cc(F)c1)C(O)CNC1(c2cccc(-c3cscn3)c2)CCCCC1,0.613,-0.862,False,-0.9106079339981079
131,173,CC(=O)NC(Cc1cc(F)cc(F)c1)C(O)CNC1(c2cccc(C3CCCC3=O)c2)CCCCC1,CC(=O)N[C@@H](Cc1cc(F)cc(F)c1)[C@H](O)CN[C@]1(c2cccc(C(C)(C)C(F)F)c2)C[C@H]1C,0.512,0.327,False,-0.9479634761810303
131,210,CC(=O)NC(Cc1cc(F)cc(F)c1)C(O)CNC1(c2cccc(C3CCCC3=O)c2)CCCCC1,CC(=O)NC(Cc1cc(F)cc(F)c1)C(O)CNC1(c2cccs2)CCCCC1,0.595,1.574,True,-0.1512676179409027
131,227,CC(=O)NC(Cc1cc(F)cc(F)c1)C(O)CNC1(c2cccc(C3CCCC3=O)c2)CCCCC1,CC(=O)NC(Cc1cc(F)cc(F)c1)C(O)CNC1(c2cccc(C(C)(C)C)c2)CC1,0.616,-0.757,False,-0.8410813212394714
131,228,CC(=O)NC(Cc1cc(F)cc(F)c1)C(O)CNC1(c2cccc(C3CCCC3=O)c2)CCCCC1,CC(=O)NC(Cc1cc(F)cc(F)c1)C(O)CNC1(c2cccc(C3CCOC3)c2)CCCCC1,0.72,-0.959,False,-1.522804856300354
131,236,CC(=O)NC(Cc1cc(F)cc(F)c1)C(O)CNC1(c2cccc(C3CCCC3=O)c2)CCCCC1,COC1CCC(NCC(O)C(Cc2cc(F)cc(F)c2)NC(C)=O)(c2cccc(C(C)(C)C)c2)CC1,0.588,-0.757,False,-0.999846339225769
131,249,CC(=O)NC(Cc1cc(F)cc(F)c1)C(O)CNC1(c2cccc(C3CCCC3=O)c2)CCCCC1,CC(=O)NC(Cc1cc(F)cc(F)c1)C(O)CNC1(c2cc(CC(C)(C)C)cs2)CCCCC1,0.532,-0.786,False,-0.7921473979949951
131,279,CC(=O)NC(Cc1cc(F)cc(F)c1)C(O)CNC1(c2cccc(C3CCCC3=O)c2)CCCCC1,C=C(C)c1cccc(C2(NCC(O)C(Cc3cc(F)cc(F)c3)NC(C)=O)CCCCC2)c1,0.681,-0.903,False,-1.1582839488983154
131,292,CC(=O)NC(Cc1cc(F)cc(F)c1)C(O)CNC1(c2cccc(C3CCCC3=O)c2)CCCCC1,COC(=O)NC1CCC(NCC(O)C(Cc2cc(F)cc(F)c2)NC(C)=O)(c2cccc(C(C)(C)C)c2)CC1,0.593,-0.523,False,-0.649787962436676
131,296,CC(=O)NC(Cc1cc(F)cc(F)c1)C(O)CNC1(c2cccc(C3CCCC3=O)c2)CCCCC1,CC(=O)N[C@@H](Cc1cc(F)cc(F)c1)[C@H](O)CNC1(c2cccc(C(C)(C)C(F)F)c2)CC1,0.592,-0.541,False,-0.4022268056869507
132,232,CC1(c2cc(NC(=O)c3cnc(OCC(F)(F)F)cn3)ccc2F)N=C(N)OCC1(F)F,N#Cc1ccc(C(=O)Nc2ccc(F)c([C@@]3(CF)N=C(N)OCC3(F)F)c2)nc1,0.525,0.292,False,-0.9333257675170898
132,281,CC1(c2cc(NC(=O)c3cnc(OCC(F)(F)F)cn3)ccc2F)N=C(N)OCC1(F)F,CC1(c2cc(NC(=O)c3ncc(Cl)cn3)ccc2F)N=C(N)OCC1(F)F,0.667,0.428,False,-0.3038325905799866
133,179,COc1ccc2c(c1)C1(COC(=N)N1)c1cc(-c3ccccc3)ccc1O2,COc1ccc2c(c1)C1(COC(=N)N1)c1cc(-c3ccc(Cl)cc3)ccc1O2,0.82,0.233,False,-0.9913346171379089
133,183,COc1ccc2c(c1)C1(COC(=N)N1)c1cc(-c3ccccc3)ccc1O2,COc1ccc2c(c1)C1(COC(=N)N1)c1cc(-c3ccncc3Cl)ccc1O2,0.65,0.252,False,-0.15151426196098328
133,247,COc1ccc2c(c1)C1(COC(=N)N1)c1cc(-c3ccccc3)ccc1O2,COc1ccc2c(c1)C1(COC(=N)N1)c1cc(-c3cccc(Cl)c3)ccc1O2,0.808,-0.958,False,-1.3575257062911987
134,239,CCc1c[nH]c2c(N3CCCC3=O)cc(C(=O)NC(Cc3ccccc3)C(O)CNCc3cccc(C(F)(F)F)c3)cc12,CCc1coc2c(N3CCCC3=O)cc(C(=O)NC(Cc3ccccc3)C(O)CNCc3cccc(C(F)(F)F)c3)cc12,0.77,0.525,False,0.2153189331293106
135,151,CC(C)c1cccc(CNC2CS(=O)(=O)CC(Cc3ccc(O)c(CO)c3)C2O)c1,CC(C)(C)c1cccc(CNC2CS(=O)(=O)CC(Cc3ccc4[nH]ccc4c3)C2O)c1,0.5,0.36,False,0.084030881524086
135,290,CC(C)c1cccc(CNC2CS(=O)(=O)CC(Cc3ccc(O)c(CO)c3)C2O)c1,O=S1(=O)C[C@@H](Cc2ccc(O)c(Br)c2)[C@H](O)[C@@H](NCc2cccc(C3CC3)c2)C1,0.58,-0.101,False,-0.5802179574966431
136,145,CCCCN(C)C(=O)n1cc(C(=O)NC(Cc2cc(F)cc(F)c2)C(O)C2Cc3ccccc3CN2)c2cccnc21,CCCCN(C)C(=O)n1cc(C(=O)NC(Cc2cc(F)cc(F)c2)C(O)CNCc2cccc(OC)c2)c2cccnc21,0.608,-1.561,True,0.41052180528640747
136,153,CCCCN(C)C(=O)n1cc(C(=O)NC(Cc2cc(F)cc(F)c2)C(O)C2Cc3ccccc3CN2)c2cccnc21,CCCCN(C)C(=O)n1cc(C(=O)NC(Cc2cc(F)cc(F)c2)C(O)CNCc2cccc(CC)c2)c2cccnc21,0.634,-2.145,True,-0.9082189798355103
136,209,CCCCN(C)C(=O)n1cc(C(=O)NC(Cc2cc(F)cc(F)c2)C(O)C2Cc3ccccc3CN2)c2cccnc21,COCCN(C)C(=O)n1cc(C(=O)NC(Cc2cc(F)cc(F)c2)C(O)CNCc2cccc(OC)c2)c2cccnc21,0.525,-1.216,False,0.022849813103675842
137,163,CN1C(=O)[C@@](c2ccc(OC(F)F)cc2)(c2cccc(C#CC3CC3)c2)N=C1N,CN1C(=O)[C@@](c2ccc(OC(F)F)cc2)(c2cccc(C#CCCF)c2)N=C1N,0.723,-0.301,False,-1.091557502746582
137,164,CN1C(=O)[C@@](c2ccc(OC(F)F)cc2)(c2cccc(C#CC3CC3)c2)N=C1N,CCCCc1cccc([C@@]2(c3ccc(OC(F)F)cc3)N=C(N)N(C)C2=O)c1,0.603,0.176,False,-0.25509417057037354
137,182,CN1C(=O)[C@@](c2ccc(OC(F)F)cc2)(c2cccc(C#CC3CC3)c2)N=C1N,CN1C(=O)[C@@](c2ccc(OC(F)F)cc2)(c2cccc(OCCC(F)F)c2)N=C1N,0.603,-0.301,False,0.7784157991409302
137,190,CN1C(=O)[C@@](c2ccc(OC(F)F)cc2)(c2cccc(C#CC3CC3)c2)N=C1N,CCCc1cccc([C@@]2(c3ccc(OC(F)F)cc3)N=C(N)N(C)C2=O)c1,0.621,0.653,False,-0.24996277689933777
137,196,CN1C(=O)[C@@](c2ccc(OC(F)F)cc2)(c2cccc(C#CC3CC3)c2)N=C1N,CN1C(=O)[C@@](c2ccc(OC(F)F)cc2)(c2cccc(C(=O)CCCF)c2)N=C1N,0.577,0.602,False,-0.674781084060669
137,199,CN1C(=O)[C@@](c2ccc(OC(F)F)cc2)(c2cccc(C#CC3CC3)c2)N=C1N,CN1C(=O)[C@@](c2ccc(OC(F)F)cc2)(c2cccc([C@H](F)CCCF)c2)N=C1N,0.586,0.602,False,-0.8425726890563965
137,273,CN1C(=O)[C@@](c2ccc(OC(F)F)cc2)(c2cccc(C#CC3CC3)c2)N=C1N,CN1C(=O)[C@@](c2ccc(OC(F)F)cc2)(c2ccc(F)c(OCCF)c2)N=C1N,0.543,0.778,False,-0.03457431495189667
137,278,CN1C(=O)[C@@](c2ccc(OC(F)F)cc2)(c2cccc(C#CC3CC3)c2)N=C1N,CN1C(=O)[C@@](c2ccc(OC(F)F)cc2)(c2cccc(OCCC(F)(F)F)c2)N=C1N,0.586,1.0,False,0.6706355810165405
138,150,COCc1cc2cc(c1)C(=O)NC(C(O)CNCc1cccc(C(C)C)c1)Cc1cccc(c1)OCCCCN2,COCc1cc2cc(n1)OCCCCOc1cccc(c1)CC(C(O)CNC1(c3cccc(C(C)C)c3)CC1)NC2=O,0.571,-0.824,False,0.5534060597419739
138,194,COCc1cc2cc(c1)C(=O)NC(C(O)CNCc1cccc(C(C)C)c1)Cc1cccc(c1)OCCCCN2,COCc1cc2cc(c1)C(=O)N[C@H]([C@H](O)CNC1(c3cccc(C(C)C)c3)CC1)Cc1cccc(c1)OCCCCN2,0.793,-0.548,False,0.3130252957344055
139,144,CC(=O)NC(Cc1cc(F)cc(F)c1)C(O)CNC1(c2cccc(C(C)(C)C)c2)CCc2nc(N)ncc2C1,CC(=O)NC(Cc1cc(F)cc(F)c1)C(O)CNC1(c2cccc(C(C)(C)C)c2)CCC(C(F)(F)F)CC1,0.627,0.372,False,0.9051445722579956
139,165,CC(=O)NC(Cc1cc(F)cc(F)c1)C(O)CNC1(c2cccc(C(C)(C)C)c2)CCc2nc(N)ncc2C1,CC(=O)N[C@@H](Cc1cc(F)cc(F)c1)[C@H](O)CNC1(c2cccc(C(C)(C)C)c2)CCC1,0.675,1.639,True,1.3038667440414429
139,171,CC(=O)NC(Cc1cc(F)cc(F)c1)C(O)CNC1(c2cccc(C(C)(C)C)c2)CCc2nc(N)ncc2C1,CC(=O)NC(Cc1cc(F)cc(F)c1)C(O)CNC1(c2cccc(-c3cscn3)c2)CCCCC1,0.5,0.895,False,0.737690806388855
139,173,CC(=O)NC(Cc1cc(F)cc(F)c1)C(O)CNC1(c2cccc(C(C)(C)C)c2)CCc2nc(N)ncc2C1,CC(=O)N[C@@H](Cc1cc(F)cc(F)c1)[C@H](O)CN[C@]1(c2cccc(C(C)(C)C(F)F)c2)C[C@H]1C,0.511,2.084,True,0.795580267906189
139,227,CC(=O)NC(Cc1cc(F)cc(F)c1)C(O)CNC1(c2cccc(C(C)(C)C)c2)CCc2nc(N)ncc2C1,CC(=O)NC(Cc1cc(F)cc(F)c1)C(O)CNC1(c2cccc(C(C)(C)C)c2)CC1,0.693,1.0,False,0.9049054384231567
139,236,CC(=O)NC(Cc1cc(F)cc(F)c1)C(O)CNC1(c2cccc(C(C)(C)C)c2)CCc2nc(N)ncc2C1,COC1CCC(NCC(O)C(Cc2cc(F)cc(F)c2)NC(C)=O)(c2cccc(C(C)(C)C)c2)CC1,0.639,1.0,False,0.533637285232544
139,244,CC(=O)NC(Cc1cc(F)cc(F)c1)C(O)CNC1(c2cccc(C(C)(C)C)c2)CCc2nc(N)ncc2C1,CC(=O)NC(Cc1cc(F)cc(F)c1)C(O)CNC1(c2nc(C(C)(C)C)co2)CC1,0.5,3.486,True,1.1509191989898682
139,277,CC(=O)NC(Cc1cc(F)cc(F)c1)C(O)CNC1(c2cccc(C(C)(C)C)c2)CCc2nc(N)ncc2C1,CC(=O)N[C@@H](Cc1cc(F)cc(F)c1)[C@H](O)CNC(C)(C)c1cccc(C(C)(C)C)c1,0.512,1.155,False,1.3168491125106812
139,279,CC(=O)NC(Cc1cc(F)cc(F)c1)C(O)CNC1(c2cccc(C(C)(C)C)c2)CCc2nc(N)ncc2C1,C=C(C)c1cccc(C2(NCC(O)C(Cc3cc(F)cc(F)c3)NC(C)=O)CCCCC2)c1,0.512,0.854,False,0.8246026635169983
139,292,CC(=O)NC(Cc1cc(F)cc(F)c1)C(O)CNC1(c2cccc(C(C)(C)C)c2)CCc2nc(N)ncc2C1,COC(=O)NC1CCC(NCC(O)C(Cc2cc(F)cc(F)c2)NC(C)=O)(c2cccc(C(C)(C)C)c2)CC1,0.605,1.234,False,0.8976378440856934
139,296,CC(=O)NC(Cc1cc(F)cc(F)c1)C(O)CNC1(c2cccc(C(C)(C)C)c2)CCc2nc(N)ncc2C1,CC(=O)N[C@@H](Cc1cc(F)cc(F)c1)[C@H](O)CNC1(c2cccc(C(C)(C)C(F)F)c2)CC1,0.605,1.216,False,1.183144450187683
140,160,CCc1cscc1CC(N=C1NC(C)(C)Cc2cc(Cl)ccc21)C(=O)O,CC1(C)Cc2cc(Cl)ccc2C(=NC(Cc2cscc2C2CC2)C(=O)O)N1,0.79,0.586,False,0.5553621053695679
140,302,CCc1cscc1CC(N=C1NC(C)(C)Cc2cc(Cl)ccc21)C(=O)O,CC1(C)Cc2ccccc2C(=NC(Cc2ccccc2)C(=O)O)N1,0.532,1.635,True,1.7546883821487427
141,214,COc1ccc(-c2ccc(-c3ccccc3Cl)n2Cc2cccc(N)n2)cc1,N#CCCCOc1ccc(-c2ccc(-c3ccccc3Cl)n2Cc2cccc(N)n2)cc1,0.695,-0.766,False,-0.8006829023361206
141,215,COc1ccc(-c2ccc(-c3ccccc3Cl)n2Cc2cccc(N)n2)cc1,CCCCCOc1ccc(-c2ccc(-c3ccccc3Cl)n2Cc2ccc(NCCO)c(N)n2)cc1,0.507,-1.159,False,-0.6100332140922546
142,145,CCCN(CCC)C(=O)c1cc(Oc2ccccc2)cc(C(=O)NC(Cc2cc(F)cc(F)c2)C(O)CNCc2cccc(OC)c2)c1,CCCCN(C)C(=O)n1cc(C(=O)NC(Cc2cc(F)cc(F)c2)C(O)CNCc2cccc(OC)c2)c2cccnc21,0.526,0.519,False,0.9098449945449829
142,155,CCCN(CCC)C(=O)c1cc(Oc2ccccc2)cc(C(=O)NC(Cc2cc(F)cc(F)c2)C(O)CNCc2cccc(OC)c2)c1,COCC1CCN(C(C)C(=O)NC(Cc2cc(F)cc(F)c2)C(O)CNCc2cccc(OC)c2)C1=O,0.5,1.681,True,0.5683625340461731
142,200,CCCN(CCC)C(=O)c1cc(Oc2ccccc2)cc(C(=O)NC(Cc2cc(F)cc(F)c2)C(O)CNCc2cccc(OC)c2)c1,COc1cccc(CNC[C@H](O)[C@H](Cc2cc(F)cc(F)c2)NC(=O)c2cc(C(C)=O)cc(N3CCCCS3(=O)=O)c2)c1,0.578,0.954,False,0.49165236949920654
142,208,CCCN(CCC)C(=O)c1cc(Oc2ccccc2)cc(C(=O)NC(Cc2cc(F)cc(F)c2)C(O)CNCc2cccc(OC)c2)c1,CCCN(CCC)C(=O)c1cc(C(N)=O)cc(C(=O)N[C@@H](Cc2cc(F)cc(F)c2)[C@H](O)CNCc2cccc(OC)c2)c1,0.838,0.041,False,0.18090976774692535
142,209,CCCN(CCC)C(=O)c1cc(Oc2ccccc2)cc(C(=O)NC(Cc2cc(F)cc(F)c2)C(O)CNCc2cccc(OC)c2)c1,COCCN(C)C(=O)n1cc(C(=O)NC(Cc2cc(F)cc(F)c2)C(O)CNCc2cccc(OC)c2)c2cccnc21,0.505,0.863,False,0.1115989238023758
142,224,CCCN(CCC)C(=O)c1cc(Oc2ccccc2)cc(C(=O)NC(Cc2cc(F)cc(F)c2)C(O)CNCc2cccc(OC)c2)c1,CCCCN(CCCC)C(=O)n1cc(C(=O)N[C@@H](Cc2ccccc2)[C@H](O)CNCc2cccc(OC)c2)c2ccccc21,0.516,0.973,False,1.2305740118026733
142,301,CCCN(CCC)C(=O)c1cc(Oc2ccccc2)cc(C(=O)NC(Cc2cc(F)cc(F)c2)C(O)CNCc2cccc(OC)c2)c1,C=CCO/N=C(/C)c1cc(C(=O)N[C@@H](Cc2cc(F)cc(F)c2)[C@@H](O)CNCc2cccc(OC)c2)cc(N2CCCCS2(=O)=O)c1,0.51,1.045,False,-1.0156490802764893
143,151,CCOC[C@H](Oc1cc(CC2CS(=O)(=O)CC(NCc3cccc(C(C)(C)C)c3)C2O)cc(F)c1N)C(F)(F)F,CC(C)(C)c1cccc(CNC2CS(=O)(=O)CC(Cc3ccc4[nH]ccc4c3)C2O)c1,0.506,1.934,True,1.2851245403289795
143,162,CCOC[C@H](Oc1cc(CC2CS(=O)(=O)CC(NCc3cccc(C(C)(C)C)c3)C2O)cc(F)c1N)C(F)(F)F,CC(C)(C)c1cccc(CNC2CS(=O)CC(Cc3cc(O)c(N)c(F)c3)C2O)c1,0.506,1.219,False,0.5489925146102905
143,195,CCOC[C@H](Oc1cc(CC2CS(=O)(=O)CC(NCc3cccc(C(C)(C)C)c3)C2O)cc(F)c1N)C(F)(F)F,CC(C)(C)c1cccc(CN[C@H]2CS(=O)(=O)C[C@@H](Cc3cc(F)c4c(c3)C3(CCC(F)(F)CC3)CN4)[C@@H]2O)c1,0.527,0.641,False,0.23253197968006134
143,246,CCOC[C@H](Oc1cc(CC2CS(=O)(=O)CC(NCc3cccc(C(C)(C)C)c3)C2O)cc(F)c1N)C(F)(F)F,CCCc1cc(CC2CS(=O)(=O)CC(NCc3cccc(C(C)(C)C)c3)C2O)cc(F)c1N,0.667,0.609,False,0.815459132194519
143,270,CCOC[C@H](Oc1cc(CC2CS(=O)(=O)CC(NCc3cccc(C(C)(C)C)c3)C2O)cc(F)c1N)C(F)(F)F,CN(C)CC(=O)Nc1ccc(CC2CS(=O)(=O)CC(NCc3cccc(C(C)(C)C)c3)C2O)cc1F,0.551,0.28,False,0.3934803009033203
143,272,CCOC[C@H](Oc1cc(CC2CS(=O)(=O)CC(NCc3cccc(C(C)(C)C)c3)C2O)cc(F)c1N)C(F)(F)F,COCC(Oc1cc(CC2CS(=O)CC(NCc3cccc(OC(F)(F)F)c3)C2O)cc(F)c1N)C(F)(F)F,0.543,0.821,False,1.6589024066925049
143,286,CCOC[C@H](Oc1cc(CC2CS(=O)(=O)CC(NCc3cccc(C(C)(C)C)c3)C2O)cc(F)c1N)C(F)(F)F,COC[C@@H](Oc1cc(C[C@@H]2CS(=O)C[C@H](NCc3cccc(C(C)(C)C)c3)[C@H]2O)cc(F)c1N)C(F)(F)F,0.674,-0.903,False,0.11865900456905365
143,300,CCOC[C@H](Oc1cc(CC2CS(=O)(=O)CC(NCc3cccc(C(C)(C)C)c3)C2O)cc(F)c1N)C(F)(F)F,CC(C)(C)c1cccc(CN[C@H]2CS(=O)C[C@@H](Cc3cc(F)c(N)c(OC(C(F)(F)F)C(F)(F)F)c3)[C@@H]2O)c1,0.616,-1.204,False,1.2967462539672852
144,165,CC(=O)NC(Cc1cc(F)cc(F)c1)C(O)CNC1(c2cccc(C(C)(C)C)c2)CCC(C(F)(F)F)CC1,CC(=O)N[C@@H](Cc1cc(F)cc(F)c1)[C@H](O)CNC1(c2cccc(C(C)(C)C)c2)CCC1,0.815,1.267,False,0.52378249168396
144,169,CC(=O)NC(Cc1cc(F)cc(F)c1)C(O)CNC1(c2cccc(C(C)(C)C)c2)CCC(C(F)(F)F)CC1,CC(=O)NC(Cc1cc(F)cc(F)c1)C(O)CNC1(c2ccn(C(C)(C)C)n2)CCCCC1,0.512,1.746,True,-0.11792003363370895
144,171,CC(=O)NC(Cc1cc(F)cc(F)c1)C(O)CNC1(c2cccc(C(C)(C)C)c2)CCC(C(F)(F)F)CC1,CC(=O)NC(Cc1cc(F)cc(F)c1)C(O)CNC1(c2cccc(-c3cscn3)c2)CCCCC1,0.549,0.523,False,-0.13303861021995544
144,173,CC(=O)NC(Cc1cc(F)cc(F)c1)C(O)CNC1(c2cccc(C(C)(C)C)c2)CCC(C(F)(F)F)CC1,CC(=O)N[C@@H](Cc1cc(F)cc(F)c1)[C@H](O)CN[C@]1(c2cccc(C(C)(C)C(F)F)c2)C[C@H]1C,0.605,1.712,True,-0.13290855288505554
144,210,CC(=O)NC(Cc1cc(F)cc(F)c1)C(O)CNC1(c2cccc(C(C)(C)C)c2)CCC(C(F)(F)F)CC1,CC(=O)NC(Cc1cc(F)cc(F)c1)C(O)CNC1(c2cccs2)CCCCC1,0.547,2.959,True,0.645967960357666
144,227,CC(=O)NC(Cc1cc(F)cc(F)c1)C(O)CNC1(c2cccc(C(C)(C)C)c2)CCC(C(F)(F)F)CC1,CC(=O)NC(Cc1cc(F)cc(F)c1)C(O)CNC1(c2cccc(C(C)(C)C)c2)CC1,0.841,0.628,False,-0.049523960798978806
144,228,CC(=O)NC(Cc1cc(F)cc(F)c1)C(O)CNC1(c2cccc(C(C)(C)C)c2)CCC(C(F)(F)F)CC1,CC(=O)NC(Cc1cc(F)cc(F)c1)C(O)CNC1(c2cccc(C3CCOC3)c2)CCCCC1,0.588,0.426,False,-0.3829306364059448
144,236,CC(=O)NC(Cc1cc(F)cc(F)c1)C(O)CNC1(c2cccc(C(C)(C)C)c2)CCC(C(F)(F)F)CC1,COC1CCC(NCC(O)C(Cc2cc(F)cc(F)c2)NC(C)=O)(c2cccc(C(C)(C)C)c2)CC1,0.812,0.628,False,-0.4662332534790039
144,244,CC(=O)NC(Cc1cc(F)cc(F)c1)C(O)CNC1(c2cccc(C(C)(C)C)c2)CCC(C(F)(F)F)CC1,CC(=O)NC(Cc1cc(F)cc(F)c1)C(O)CNC1(c2nc(C(C)(C)C)co2)CC1,0.532,3.114,True,0.1937629133462906
144,249,CC(=O)NC(Cc1cc(F)cc(F)c1)C(O)CNC1(c2cccc(C(C)(C)C)c2)CCC(C(F)(F)F)CC1,CC(=O)NC(Cc1cc(F)cc(F)c1)C(O)CNC1(c2cc(CC(C)(C)C)cs2)CCCCC1,0.506,0.599,False,-0.12876708805561066
144,277,CC(=O)NC(Cc1cc(F)cc(F)c1)C(O)CNC1(c2cccc(C(C)(C)C)c2)CCC(C(F)(F)F)CC1,CC(=O)N[C@@H](Cc1cc(F)cc(F)c1)[C@H](O)CNC(C)(C)c1cccc(C(C)(C)C)c1,0.594,0.783,False,0.5667541027069092
144,279,CC(=O)NC(Cc1cc(F)cc(F)c1)C(O)CNC1(c2cccc(C(C)(C)C)c2)CCC(C(F)(F)F)CC1,C=C(C)c1cccc(C2(NCC(O)C(Cc3cc(F)cc(F)c3)NC(C)=O)CCCCC2)c1,0.608,0.481,False,-0.1935698539018631
144,292,CC(=O)NC(Cc1cc(F)cc(F)c1)C(O)CNC1(c2cccc(C(C)(C)C)c2)CCC(C(F)(F)F)CC1,COC(=O)NC1CCC(NCC(O)C(Cc2cc(F)cc(F)c2)NC(C)=O)(c2cccc(C(C)(C)C)c2)CC1,0.789,0.862,False,-0.04735008627176285
144,296,CC(=O)NC(Cc1cc(F)cc(F)c1)C(O)CNC1(c2cccc(C(C)(C)C)c2)CCC(C(F)(F)F)CC1,CC(=O)N[C@@H](Cc1cc(F)cc(F)c1)[C@H](O)CNC1(c2cccc(C(C)(C)C(F)F)c2)CC1,0.725,0.843,False,0.42144763469696045
145,153,CCCCN(C)C(=O)n1cc(C(=O)NC(Cc2cc(F)cc(F)c2)C(O)CNCc2cccc(OC)c2)c2cccnc21,CCCCN(C)C(=O)n1cc(C(=O)NC(Cc2cc(F)cc(F)c2)C(O)CNCc2cccc(CC)c2)c2cccnc21,0.855,-0.584,False,-1.4017162322998047
145,208,CCCCN(C)C(=O)n1cc(C(=O)NC(Cc2cc(F)cc(F)c2)C(O)CNCc2cccc(OC)c2)c2cccnc21,CCCN(CCC)C(=O)c1cc(C(N)=O)cc(C(=O)N[C@@H](Cc2cc(F)cc(F)c2)[C@H](O)CNCc2cccc(OC)c2)c1,0.537,-0.477,False,-0.8052063584327698
145,209,CCCCN(C)C(=O)n1cc(C(=O)NC(Cc2cc(F)cc(F)c2)C(O)CNCc2cccc(OC)c2)c2cccnc21,COCCN(C)C(=O)n1cc(C(=O)NC(Cc2cc(F)cc(F)c2)C(O)CNCc2cccc(OC)c2)c2cccnc21,0.88,0.345,False,-0.4625093936920166
145,224,CCCCN(C)C(=O)n1cc(C(=O)NC(Cc2cc(F)cc(F)c2)C(O)CNCc2cccc(OC)c2)c2cccnc21,CCCCN(CCCC)C(=O)n1cc(C(=O)N[C@@H](Cc2ccccc2)[C@H](O)CNCc2cccc(OC)c2)c2ccccc21,0.626,0.455,False,0.698576807975769
146,147,COCC(=O)NC(Cc1cccc(-c2ncco2)c1)C(O)CNC1CC2(CCC2)Oc2ncc(CC(C)(C)C)cc21,COCC(=O)NC(Cc1cc(-c2nccs2)ccc1F)C(O)CNC1CC2(CCC2)Oc2ncc(CC(C)(C)C)cc21,0.653,-0.005,False,-0.6156066656112671
146,148,COCC(=O)NC(Cc1cccc(-c2ncco2)c1)C(O)CNC1CC2(CCC2)Oc2ncc(CC(C)(C)C)cc21,COCC(=O)NC(Cc1cccc(-c2ccccn2)c1)C(O)CNC1CC2(CCC2)Oc2ncc(CC(C)(C)C)cc21,0.811,-0.014,False,0.3054051399230957
146,154,COCC(=O)NC(Cc1cccc(-c2ncco2)c1)C(O)CNC1CC2(CCC2)Oc2ncc(CC(C)(C)C)cc21,CC(=O)NC(Cc1ccc(Cl)cc1)C(O)CNC1CC2(CCC2)Oc2ncc(CC(C)(C)C)cc21,0.602,-0.063,False,-0.12834841012954712
146,217,COCC(=O)NC(Cc1cccc(-c2ncco2)c1)C(O)CNC1CC2(CCC2)Oc2ncc(CC(C)(C)C)cc21,CCc1cnc2c(c1)C(NCC(O)C(Cc1ccccc1)NC(C)=O)CC1(CCC1)O2,0.559,0.977,False,1.0425970554351807
146,287,COCC(=O)NC(Cc1cccc(-c2ncco2)c1)C(O)CNC1CC2(CCC2)Oc2ncc(CC(C)(C)C)cc21,CC(=O)N[C@@H](Cc1ccc(F)cc1)[C@H](O)CN[C@H]1CC2(CCC2)Oc2ncc(CC(C)(C)C)cc21,0.602,-0.283,False,-0.02222241461277008
147,148,COCC(=O)NC(Cc1cc(-c2nccs2)ccc1F)C(O)CNC1CC2(CCC2)Oc2ncc(CC(C)(C)C)cc21,COCC(=O)NC(Cc1cccc(-c2ccccn2)c1)C(O)CNC1CC2(CCC2)Oc2ncc(CC(C)(C)C)cc21,0.66,-0.009,False,0.9390621185302734
147,154,COCC(=O)NC(Cc1cc(-c2nccs2)ccc1F)C(O)CNC1CC2(CCC2)Oc2ncc(CC(C)(C)C)cc21,CC(=O)NC(Cc1ccc(Cl)cc1)C(O)CNC1CC2(CCC2)Oc2ncc(CC(C)(C)C)cc21,0.583,-0.059,False,0.2906447649002075
147,287,COCC(=O)NC(Cc1cc(-c2nccs2)ccc1F)C(O)CNC1CC2(CCC2)Oc2ncc(CC(C)(C)C)cc21,CC(=O)N[C@@H](Cc1ccc(F)cc1)[C@H](O)CN[C@H]1CC2(CCC2)Oc2ncc(CC(C)(C)C)cc21,0.6,-0.279,False,0.41083163022994995
148,154,COCC(=O)NC(Cc1cccc(-c2ccccn2)c1)C(O)CNC1CC2(CCC2)Oc2ncc(CC(C)(C)C)cc21,CC(=O)NC(Cc1ccc(Cl)cc1)C(O)CNC1CC2(CCC2)Oc2ncc(CC(C)(C)C)cc21,0.609,-0.049,False,-0.32793140411376953
148,217,COCC(=O)NC(Cc1cccc(-c2ccccn2)c1)C(O)CNC1CC2(CCC2)Oc2ncc(CC(C)(C)C)cc21,CCc1cnc2c(c1)C(NCC(O)C(Cc1ccccc1)NC(C)=O)CC1(CCC1)O2,0.582,0.991,False,0.8347853422164917
148,287,COCC(=O)NC(Cc1cccc(-c2ccccn2)c1)C(O)CNC1CC2(CCC2)Oc2ncc(CC(C)(C)C)cc21,CC(=O)N[C@@H](Cc1ccc(F)cc1)[C@H](O)CN[C@H]1CC2(CCC2)Oc2ncc(CC(C)(C)C)cc21,0.609,-0.27,False,-0.4896555542945862
149,158,CC1(C)Cc2cc(Cl)ccc2C(=NC(Cc2ccccc2)c2nc(=O)cc[nH]2)N1,CC1(C)Cc2cc(Cl)ccc2C(=NC(Cc2ccccc2)c2nc(=O)c(C#N)c[nH]2)N1,0.725,-0.761,False,-0.879102349281311
149,170,CC1(C)Cc2cc(Cl)ccc2C(=NC(Cc2ccccc2)c2nc(=O)cc[nH]2)N1,CC1(C)Cc2cc(Cl)ccc2C(=NC(Cc2ccccc2)c2nc(=O)c(I)c[nH]2)N1,0.746,-0.662,False,-1.9696050882339478
150,194,COCc1cc2cc(n1)OCCCCOc1cccc(c1)CC(C(O)CNC1(c3cccc(C(C)C)c3)CC1)NC2=O,COCc1cc2cc(c1)C(=O)N[C@H]([C@H](O)CNC1(c3cccc(C(C)C)c3)CC1)Cc1cccc(c1)OCCCCN2,0.736,0.276,False,-0.3401543200016022
151,195,CC(C)(C)c1cccc(CNC2CS(=O)(=O)CC(Cc3ccc4[nH]ccc4c3)C2O)c1,CC(C)(C)c1cccc(CN[C@H]2CS(=O)(=O)C[C@@H](Cc3cc(F)c4c(c3)C3(CCC(F)(F)CC3)CN4)[C@@H]2O)c1,0.549,-1.293,False,-1.3003666400909424
151,246,CC(C)(C)c1cccc(CNC2CS(=O)(=O)CC(Cc3ccc4[nH]ccc4c3)C2O)c1,CCCc1cc(CC2CS(=O)(=O)CC(NCc3cccc(C(C)(C)C)c3)C2O)cc(F)c1N,0.579,-1.325,False,-0.4260619282722473
151,270,CC(C)(C)c1cccc(CNC2CS(=O)(=O)CC(Cc3ccc4[nH]ccc4c3)C2O)c1,CN(C)CC(=O)Nc1ccc(CC2CS(=O)(=O)CC(NCc3cccc(C(C)(C)C)c3)C2O)cc1F,0.597,-1.654,True,-1.3437714576721191
151,290,CC(C)(C)c1cccc(CNC2CS(=O)(=O)CC(Cc3ccc4[nH]ccc4c3)C2O)c1,O=S1(=O)C[C@@H](Cc2ccc(O)c(Br)c2)[C@H](O)[C@@H](NCc2cccc(C3CC3)c2)C1,0.5,-0.462,False,-0.8768516182899475
152,248,Cc1cc2cc(c1)C(=O)NC(C(O)CNCc1cccc(C(C)C)c1)COC/C=C/CCNC2=O,Cc1cc2cc(c1)[C@@H](O)N[C@@H](c1ccccc1)C/C=C/COC[C@@H]([C@H](O)CNCc1cccc(C(C)C)c1)NC2=O,0.709,-0.807,False,-0.2757827043533325
153,209,CCCCN(C)C(=O)n1cc(C(=O)NC(Cc2cc(F)cc(F)c2)C(O)CNCc2cccc(CC)c2)c2cccnc21,COCCN(C)C(=O)n1cc(C(=O)NC(Cc2cc(F)cc(F)c2)C(O)CNCc2cccc(OC)c2)c2cccnc21,0.747,0.929,False,1.2184308767318726
153,224,CCCCN(C)C(=O)n1cc(C(=O)NC(Cc2cc(F)cc(F)c2)C(O)CNCc2cccc(CC)c2)c2cccnc21,CCCCN(CCCC)C(=O)n1cc(C(=O)N[C@@H](Cc2ccccc2)[C@H](O)CNCc2cccc(OC)c2)c2ccccc21,0.516,1.039,False,1.7566038370132446
153,274,CCCCN(C)C(=O)n1cc(C(=O)NC(Cc2cc(F)cc(F)c2)C(O)CNCc2cccc(CC)c2)c2cccnc21,CCCCCS(=O)(=O)CC(NC(=O)c1cccnc1)C(=O)N[C@@H](Cc1cc(F)cc(F)c1)[C@H](O)CNCc1cccc(CC)c1,0.505,-0.633,False,0.7500277757644653
154,217,CC(=O)NC(Cc1ccc(Cl)cc1)C(O)CNC1CC2(CCC2)Oc2ncc(CC(C)(C)C)cc21,CCc1cnc2c(c1)C(NCC(O)C(Cc1ccccc1)NC(C)=O)CC1(CCC1)O2,0.733,1.04,False,1.132191777229309
154,287,CC(=O)NC(Cc1ccc(Cl)cc1)C(O)CNC1CC2(CCC2)Oc2ncc(CC(C)(C)C)cc21,CC(=O)N[C@@H](Cc1ccc(F)cc1)[C@H](O)CN[C@H]1CC2(CCC2)Oc2ncc(CC(C)(C)C)cc21,0.861,-0.22,False,0.045695215463638306
155,172,COCC1CCN(C(C)C(=O)NC(Cc2cc(F)cc(F)c2)C(O)CNCc2cccc(OC)c2)C1=O,COc1cccc(CNCC(O)C(Cc2ccccc2)NC(=O)C(CCc2ccccc2)N2CCC(CC3CC3)(NC(C)=O)C2=O)c1,0.51,-1.64,True,-0.4221709370613098
155,200,COCC1CCN(C(C)C(=O)NC(Cc2cc(F)cc(F)c2)C(O)CNCc2cccc(OC)c2)C1=O,COc1cccc(CNC[C@H](O)[C@H](Cc2cc(F)cc(F)c2)NC(=O)c2cc(C(C)=O)cc(N3CCCCS3(=O)=O)c2)c1,0.527,-0.727,False,-0.23632974922657013
155,208,COCC1CCN(C(C)C(=O)NC(Cc2cc(F)cc(F)c2)C(O)CNCc2cccc(OC)c2)C1=O,CCCN(CCC)C(=O)c1cc(C(N)=O)cc(C(=O)N[C@@H](Cc2cc(F)cc(F)c2)[C@H](O)CNCc2cccc(OC)c2)c1,0.511,-1.64,True,-0.48165082931518555
158,170,CC1(C)Cc2cc(Cl)ccc2C(=NC(Cc2ccccc2)c2nc(=O)c(C#N)c[nH]2)N1,CC1(C)Cc2cc(Cl)ccc2C(=NC(Cc2ccccc2)c2nc(=O)c(I)c[nH]2)N1,0.794,0.099,False,-0.7023509740829468
159,192,Cc1cc(C2(c3cccc(-c4cncnc4)c3)N=C(N)N(C)C2=O)c(Cl)s1,Cc1cc([C@]2(c3cccc(-c4cncnc4)c3)N=C(N)N(C)C2=O)ccn1,0.639,-0.769,False,0.04904681444168091
159,226,Cc1cc(C2(c3cccc(-c4cncnc4)c3)N=C(N)N(C)C2=O)c(Cl)s1,Cc1cc(C2(c3cccc(-c4cncnc4)c3)N=C(N)N(C)C2=O)cs1,0.695,-0.526,False,-0.14456482231616974
159,238,Cc1cc(C2(c3cccc(-c4cncnc4)c3)N=C(N)N(C)C2=O)c(Cl)s1,COc1ccc([C@]2(c3cccc(-c4cccnc4)c3)N=C(N)N(C)C2=O)cc1C,0.507,-1.07,False,-0.011752910912036896
159,241,Cc1cc(C2(c3cccc(-c4cncnc4)c3)N=C(N)N(C)C2=O)c(Cl)s1,CN1C(=O)C(c2ccsc2)(c2cccc(-c3cncnc3)c2)N=C1N,0.65,-0.827,False,1.912972331047058
159,255,Cc1cc(C2(c3cccc(-c4cncnc4)c3)N=C(N)N(C)C2=O)c(Cl)s1,CCc1cc(C2(c3cccc(-c4cncnc4)c3)N=C(N)N(C)C2=O)cs1,0.619,-0.769,False,0.010691903531551361
159,259,Cc1cc(C2(c3cccc(-c4cncnc4)c3)N=C(N)N(C)C2=O)c(Cl)s1,CN1C(=O)[C@@](c2ccncc2)(c2cccc(-c3cccnc3)c2)N=C1N,0.548,-0.894,False,0.807223379611969
159,266,Cc1cc(C2(c3cccc(-c4cncnc4)c3)N=C(N)N(C)C2=O)c(Cl)s1,CC(C)c1cc(C2(c3cccc(-c4cncnc4)c3)N=C(N)N(C)C2=O)ccn1,0.609,-0.827,False,0.16733993589878082
161,203,CN1C(=O)C2(CC(C)(C)Oc3ccc(-c4ccccn4)cc32)N=C1N,CN1C(=O)C2(CC(C)(C)Oc3ccc(-c4cccnc4F)cc32)N=C1N,0.733,-1.26,False,0.07466475665569305
162,246,CC(C)(C)c1cccc(CNC2CS(=O)CC(Cc3cc(O)c(N)c(F)c3)C2O)c1,CCCc1cc(CC2CS(=O)(=O)CC(NCc3cccc(C(C)(C)C)c3)C2O)cc(F)c1N,0.579,-0.61,False,0.39208984375
162,272,CC(C)(C)c1cccc(CNC2CS(=O)CC(Cc3cc(O)c(N)c(F)c3)C2O)c1,COCC(Oc1cc(CC2CS(=O)CC(NCc3cccc(OC(F)(F)F)c3)C2O)cc(F)c1N)C(F)(F)F,0.548,-0.398,False,0.9249273538589478
162,286,CC(C)(C)c1cccc(CNC2CS(=O)CC(Cc3cc(O)c(N)c(F)c3)C2O)c1,COC[C@@H](Oc1cc(C[C@@H]2CS(=O)C[C@H](NCc3cccc(C(C)(C)C)c3)[C@H]2O)cc(F)c1N)C(F)(F)F,0.697,-2.122,True,-0.4960424304008484
162,300,CC(C)(C)c1cccc(CNC2CS(=O)CC(Cc3cc(O)c(N)c(F)c3)C2O)c1,CC(C)(C)c1cccc(CN[C@H]2CS(=O)C[C@@H](Cc3cc(F)c(N)c(OC(C(F)(F)F)C(F)(F)F)c3)[C@@H]2O)c1,0.746,-2.423,True,0.790536642074585
163,164,CN1C(=O)[C@@](c2ccc(OC(F)F)cc2)(c2cccc(C#CCCF)c2)N=C1N,CCCCc1cccc([C@@]2(c3ccc(OC(F)F)cc3)N=C(N)N(C)C2=O)c1,0.627,0.477,False,0.2739614248275757
163,182,CN1C(=O)[C@@](c2ccc(OC(F)F)cc2)(c2cccc(C#CCCF)c2)N=C1N,CN1C(=O)[C@@](c2ccc(OC(F)F)cc2)(c2cccc(OCCC(F)F)c2)N=C1N,0.627,0.0,False,1.2936848402023315
163,190,CN1C(=O)[C@@](c2ccc(OC(F)F)cc2)(c2cccc(C#CCCF)c2)N=C1N,CCCc1cccc([C@@]2(c3ccc(OC(F)F)cc3)N=C(N)N(C)C2=O)c1,0.646,0.954,False,0.13885430991649628
163,196,CN1C(=O)[C@@](c2ccc(OC(F)F)cc2)(c2cccc(C#CCCF)c2)N=C1N,CN1C(=O)[C@@](c2ccc(OC(F)F)cc2)(c2cccc(C(=O)CCCF)c2)N=C1N,0.647,0.903,False,-0.17394398152828217
163,199,CN1C(=O)[C@@](c2ccc(OC(F)F)cc2)(c2cccc(C#CCCF)c2)N=C1N,CN1C(=O)[C@@](c2ccc(OC(F)F)cc2)(c2cccc([C@H](F)CCCF)c2)N=C1N,0.657,0.903,False,-0.40727460384368896
163,273,CN1C(=O)[C@@](c2ccc(OC(F)F)cc2)(c2cccc(C#CCCF)c2)N=C1N,CN1C(=O)[C@@](c2ccc(OC(F)F)cc2)(c2ccc(F)c(OCCF)c2)N=C1N,0.612,1.079,False,0.29441261291503906
163,278,CN1C(=O)[C@@](c2ccc(OC(F)F)cc2)(c2cccc(C#CCCF)c2)N=C1N,CN1C(=O)[C@@](c2ccc(OC(F)F)cc2)(c2cccc(OCCC(F)(F)F)c2)N=C1N,0.609,1.301,False,1.141417384147644
164,182,CCCCc1cccc([C@@]2(c3ccc(OC(F)F)cc3)N=C(N)N(C)C2=O)c1,CN1C(=O)[C@@](c2ccc(OC(F)F)cc2)(c2cccc(OCCC(F)F)c2)N=C1N,0.656,-0.477,False,1.1193430423736572
164,190,CCCCc1cccc([C@@]2(c3ccc(OC(F)F)cc3)N=C(N)N(C)C2=O)c1,CCCc1cccc([C@@]2(c3ccc(OC(F)F)cc3)N=C(N)N(C)C2=O)c1,0.891,0.477,False,-0.05641555041074753
164,196,CCCCc1cccc([C@@]2(c3ccc(OC(F)F)cc3)N=C(N)N(C)C2=O)c1,CN1C(=O)[C@@](c2ccc(OC(F)F)cc2)(c2cccc(C(=O)CCCF)c2)N=C1N,0.652,0.426,False,-0.6651738882064819
164,199,CCCCc1cccc([C@@]2(c3ccc(OC(F)F)cc3)N=C(N)N(C)C2=O)c1,CN1C(=O)[C@@](c2ccc(OC(F)F)cc2)(c2cccc([C@H](F)CCCF)c2)N=C1N,0.662,0.426,False,-1.1699451208114624
164,273,CCCCc1cccc([C@@]2(c3ccc(OC(F)F)cc3)N=C(N)N(C)C2=O)c1,CN1C(=O)[C@@](c2ccc(OC(F)F)cc2)(c2ccc(F)c(OCCF)c2)N=C1N,0.591,0.602,False,0.17410756647586823
164,278,CCCCc1cccc([C@@]2(c3ccc(OC(F)F)cc3)N=C(N)N(C)C2=O)c1,CN1C(=O)[C@@](c2ccc(OC(F)F)cc2)(c2cccc(OCCC(F)(F)F)c2)N=C1N,0.636,0.824,False,1.0038682222366333
165,169,CC(=O)N[C@@H](Cc1cc(F)cc(F)c1)[C@H](O)CNC1(c2cccc(C(C)(C)C)c2)CCC1,CC(=O)NC(Cc1cc(F)cc(F)c1)C(O)CNC1(c2ccn(C(C)(C)C)n2)CCCCC1,0.597,0.479,False,-0.7940763831138611
165,171,CC(=O)N[C@@H](Cc1cc(F)cc(F)c1)[C@H](O)CNC1(c2cccc(C(C)(C)C)c2)CCC1,CC(=O)NC(Cc1cc(F)cc(F)c1)C(O)CNC1(c2cccc(-c3cscn3)c2)CCCCC1,0.635,-0.744,False,-0.6541216969490051
165,173,CC(=O)N[C@@H](Cc1cc(F)cc(F)c1)[C@H](O)CNC1(c2cccc(C(C)(C)C)c2)CCC1,CC(=O)N[C@@H](Cc1cc(F)cc(F)c1)[C@H](O)CN[C@]1(c2cccc(C(C)(C)C(F)F)c2)C[C@H]1C,0.634,0.445,False,-1.0968605279922485
165,210,CC(=O)N[C@@H](Cc1cc(F)cc(F)c1)[C@H](O)CNC1(c2cccc(C(C)(C)C)c2)CCC1,CC(=O)NC(Cc1cc(F)cc(F)c1)C(O)CNC1(c2cccs2)CCCCC1,0.618,1.692,True,0.14819775521755219
165,227,CC(=O)N[C@@H](Cc1cc(F)cc(F)c1)[C@H](O)CNC1(c2cccc(C(C)(C)C)c2)CCC1,CC(=O)NC(Cc1cc(F)cc(F)c1)C(O)CNC1(c2cccc(C(C)(C)C)c2)CC1,0.93,-0.639,False,-1.5180715322494507
165,228,CC(=O)N[C@@H](Cc1cc(F)cc(F)c1)[C@H](O)CNC1(c2cccc(C(C)(C)C)c2)CCC1,CC(=O)NC(Cc1cc(F)cc(F)c1)C(O)CNC1(c2cccc(C3CCOC3)c2)CCCCC1,0.635,-0.841,False,-0.9660036563873291
165,236,CC(=O)N[C@@H](Cc1cc(F)cc(F)c1)[C@H](O)CNC1(c2cccc(C(C)(C)C)c2)CCC1,COC1CCC(NCC(O)C(Cc2cc(F)cc(F)c2)NC(C)=O)(c2cccc(C(C)(C)C)c2)CC1,0.803,-0.639,False,-0.8722493648529053
165,244,CC(=O)N[C@@H](Cc1cc(F)cc(F)c1)[C@H](O)CNC1(c2cccc(C(C)(C)C)c2)CCC1,CC(=O)NC(Cc1cc(F)cc(F)c1)C(O)CNC1(c2nc(C(C)(C)C)co2)CC1,0.577,1.847,True,-0.43282872438430786
165,249,CC(=O)N[C@@H](Cc1cc(F)cc(F)c1)[C@H](O)CNC1(c2cccc(C(C)(C)C)c2)CCC1,CC(=O)NC(Cc1cc(F)cc(F)c1)C(O)CNC1(c2cc(CC(C)(C)C)cs2)CCCCC1,0.592,-0.668,False,-0.6328706741333008
165,277,CC(=O)N[C@@H](Cc1cc(F)cc(F)c1)[C@H](O)CNC1(c2cccc(C(C)(C)C)c2)CCC1,CC(=O)N[C@@H](Cc1cc(F)cc(F)c1)[C@H](O)CNC(C)(C)c1cccc(C(C)(C)C)c1,0.651,-0.484,False,0.06824804842472076
165,279,CC(=O)N[C@@H](Cc1cc(F)cc(F)c1)[C@H](O)CNC1(c2cccc(C(C)(C)C)c2)CCC1,C=C(C)c1cccc(C2(NCC(O)C(Cc3cc(F)cc(F)c3)NC(C)=O)CCCCC2)c1,0.712,-0.785,False,-0.9862827658653259
165,292,CC(=O)N[C@@H](Cc1cc(F)cc(F)c1)[C@H](O)CNC1(c2cccc(C(C)(C)C)c2)CCC1,COC(=O)NC1CCC(NCC(O)C(Cc2cc(F)cc(F)c2)NC(C)=O)(c2cccc(C(C)(C)C)c2)CC1,0.779,-0.405,False,-0.5088119506835938
165,296,CC(=O)N[C@@H](Cc1cc(F)cc(F)c1)[C@H](O)CNC1(c2cccc(C(C)(C)C)c2)CCC1,CC(=O)N[C@@H](Cc1cc(F)cc(F)c1)[C@H](O)CNC1(c2cccc(C(C)(C)C(F)F)c2)CC1,0.794,-0.424,False,-0.34763383865356445
166,234,O=C(C1CNCC1c1ccccc1Br)N1CCC(c2ccccc2)CC1c1ccccc1,O=C(C1CNCC1c1ccccc1Br)N1CCCCC1c1ccccc1,0.741,1.978,True,0.39129048585891724
166,243,O=C(C1CNCC1c1ccccc1Br)N1CCC(c2ccccc2)CC1c1ccccc1,O=C(C1CNCC1c1ccccc1Br)N1CCOCC1c1ccccc1,0.684,1.894,True,0.5359899997711182
167,223,CN1CCC(C)(c2cc(NC(=O)c3ccc(Cl)cn3)ccc2F)N=C1N,C[C@@]1(c2cc(NC(=O)c3ccc(Cl)cn3)ccc2F)C[C@@H]2C[C@@H]2C(=N)N1,0.5,0.903,False,0.4847526550292969
168,181,CC(NC(=O)c1cc(-c2nc(C(C)(N)Cc3ccccc3)no2)cc(N(C)S(C)(=O)=O)c1)c1ccc(F)cc1,CC(NC(=O)c1cc(-c2noc(C(C)(N)Cc3ccccc3)n2)cc(N(C)S(C)(=O)=O)c1)c1ccc(F)cc1,0.792,0.051,False,1.367697834968567
168,220,CC(NC(=O)c1cc(-c2nc(C(C)(N)Cc3ccccc3)no2)cc(N(C)S(C)(=O)=O)c1)c1ccc(F)cc1,C[C@@H](NC(=O)c1cc(C(=O)OC[C@@](N)(CO)Cc2ccccc2)cc(N(C)S(C)(=O)=O)c1)c1ccc(F)cc1,0.588,-0.961,False,1.215638518333435
168,221,CC(NC(=O)c1cc(-c2nc(C(C)(N)Cc3ccccc3)no2)cc(N(C)S(C)(=O)=O)c1)c1ccc(F)cc1,CC(NC(=O)c1cc(SCCC(N)(CO)Cc2ccccc2)cc(N(C)S(C)(=O)=O)c1)c1ccc(F)cc1,0.575,1.738,True,0.18349595367908478
168,245,CC(NC(=O)c1cc(-c2nc(C(C)(N)Cc3ccccc3)no2)cc(N(C)S(C)(=O)=O)c1)c1ccc(F)cc1,CC(NC(=O)c1cc(NCCC(N)(CO)Cc2ccccc2)cc(N(C)S(C)(=O)=O)c1)c1ccc(F)cc1,0.588,1.738,True,0.1333220899105072
169,171,CC(=O)NC(Cc1cc(F)cc(F)c1)C(O)CNC1(c2ccn(C(C)(C)C)n2)CCCCC1,CC(=O)NC(Cc1cc(F)cc(F)c1)C(O)CNC1(c2cccc(-c3cscn3)c2)CCCCC1,0.55,-1.223,False,-0.0919082909822464
169,210,CC(=O)NC(Cc1cc(F)cc(F)c1)C(O)CNC1(c2ccn(C(C)(C)C)n2)CCCCC1,CC(=O)NC(Cc1cc(F)cc(F)c1)C(O)CNC1(c2cccs2)CCCCC1,0.614,1.212,False,0.9621058702468872
169,227,CC(=O)NC(Cc1cc(F)cc(F)c1)C(O)CNC1(c2ccn(C(C)(C)C)n2)CCCCC1,CC(=O)NC(Cc1cc(F)cc(F)c1)C(O)CNC1(c2cccc(C(C)(C)C)c2)CC1,0.569,-1.119,False,-0.03771375119686127
169,228,CC(=O)NC(Cc1cc(F)cc(F)c1)C(O)CNC1(c2ccn(C(C)(C)C)n2)CCCCC1,CC(=O)NC(Cc1cc(F)cc(F)c1)C(O)CNC1(c2cccc(C3CCOC3)c2)CCCCC1,0.531,-1.32,False,-0.32031965255737305
169,236,CC(=O)NC(Cc1cc(F)cc(F)c1)C(O)CNC1(c2ccn(C(C)(C)C)n2)CCCCC1,COC1CCC(NCC(O)C(Cc2cc(F)cc(F)c2)NC(C)=O)(c2cccc(C(C)(C)C)c2)CC1,0.506,-1.119,False,-0.3884955048561096
169,244,CC(=O)NC(Cc1cc(F)cc(F)c1)C(O)CNC1(c2ccn(C(C)(C)C)n2)CCCCC1,CC(=O)NC(Cc1cc(F)cc(F)c1)C(O)CNC1(c2nc(C(C)(C)C)co2)CC1,0.554,1.367,False,0.3743756413459778
169,249,CC(=O)NC(Cc1cc(F)cc(F)c1)C(O)CNC1(c2ccn(C(C)(C)C)n2)CCCCC1,CC(=O)NC(Cc1cc(F)cc(F)c1)C(O)CNC1(c2cc(CC(C)(C)C)cs2)CCCCC1,0.611,-1.148,False,-0.053708307445049286
169,279,CC(=O)NC(Cc1cc(F)cc(F)c1)C(O)CNC1(c2ccn(C(C)(C)C)n2)CCCCC1,C=C(C)c1cccc(C2(NCC(O)C(Cc3cc(F)cc(F)c3)NC(C)=O)CCCCC2)c1,0.589,-1.265,False,-0.15123723447322845
169,296,CC(=O)NC(Cc1cc(F)cc(F)c1)C(O)CNC1(c2ccn(C(C)(C)C)n2)CCCCC1,CC(=O)N[C@@H](Cc1cc(F)cc(F)c1)[C@H](O)CNC1(c2cccc(C(C)(C)C(F)F)c2)CC1,0.547,-0.903,False,0.4805976152420044
171,210,CC(=O)NC(Cc1cc(F)cc(F)c1)C(O)CNC1(c2cccc(-c3cscn3)c2)CCCCC1,CC(=O)NC(Cc1cc(F)cc(F)c1)C(O)CNC1(c2cccs2)CCCCC1,0.608,2.436,True,0.9328879117965698
171,227,CC(=O)NC(Cc1cc(F)cc(F)c1)C(O)CNC1(c2cccc(-c3cscn3)c2)CCCCC1,CC(=O)NC(Cc1cc(F)cc(F)c1)C(O)CNC1(c2cccc(C(C)(C)C)c2)CC1,0.608,0.105,False,0.018647097051143646
171,228,CC(=O)NC(Cc1cc(F)cc(F)c1)C(O)CNC1(c2cccc(-c3cscn3)c2)CCCCC1,CC(=O)NC(Cc1cc(F)cc(F)c1)C(O)CNC1(c2cccc(C3CCOC3)c2)CCCCC1,0.605,-0.097,False,-0.14972679316997528
171,236,CC(=O)NC(Cc1cc(F)cc(F)c1)C(O)CNC1(c2cccc(-c3cscn3)c2)CCCCC1,COC1CCC(NCC(O)C(Cc2cc(F)cc(F)c2)NC(C)=O)(c2cccc(C(C)(C)C)c2)CC1,0.542,0.105,False,-0.22665740549564362
171,249,CC(=O)NC(Cc1cc(F)cc(F)c1)C(O)CNC1(c2cccc(-c3cscn3)c2)CCCCC1,CC(=O)NC(Cc1cc(F)cc(F)c1)C(O)CNC1(c2cc(CC(C)(C)C)cs2)CCCCC1,0.564,0.076,False,0.11471821367740631
171,279,CC(=O)NC(Cc1cc(F)cc(F)c1)C(O)CNC1(c2cccc(-c3cscn3)c2)CCCCC1,C=C(C)c1cccc(C2(NCC(O)C(Cc3cc(F)cc(F)c3)NC(C)=O)CCCCC2)c1,0.671,-0.041,False,-0.10230941325426102
171,292,CC(=O)NC(Cc1cc(F)cc(F)c1)C(O)CNC1(c2cccc(-c3cscn3)c2)CCCCC1,COC(=O)NC1CCC(NCC(O)C(Cc2cc(F)cc(F)c2)NC(C)=O)(c2cccc(C(C)(C)C)c2)CC1,0.529,0.339,False,0.10922591388225555
171,296,CC(=O)NC(Cc1cc(F)cc(F)c1)C(O)CNC1(c2cccc(-c3cscn3)c2)CCCCC1,CC(=O)N[C@@H](Cc1cc(F)cc(F)c1)[C@H](O)CNC1(c2cccc(C(C)(C)C(F)F)c2)CC1,0.584,0.32,False,0.4250757694244385
173,227,CC(=O)N[C@@H](Cc1cc(F)cc(F)c1)[C@H](O)CN[C@]1(c2cccc(C(C)(C)C(F)F)c2)C[C@H]1C,CC(=O)NC(Cc1cc(F)cc(F)c1)C(O)CNC1(c2cccc(C(C)(C)C)c2)CC1,0.652,-1.084,False,0.07266347110271454
173,236,CC(=O)N[C@@H](Cc1cc(F)cc(F)c1)[C@H](O)CN[C@]1(c2cccc(C(C)(C)C(F)F)c2)C[C@H]1C,COC1CCC(NCC(O)C(Cc2cc(F)cc(F)c2)NC(C)=O)(c2cccc(C(C)(C)C)c2)CC1,0.618,-1.084,False,-0.22989165782928467
173,277,CC(=O)N[C@@H](Cc1cc(F)cc(F)c1)[C@H](O)CN[C@]1(c2cccc(C(C)(C)C(F)F)c2)C[C@H]1C,CC(=O)N[C@@H](Cc1cc(F)cc(F)c1)[C@H](O)CNC(C)(C)c1cccc(C(C)(C)C)c1,0.565,-0.929,False,1.0248216390609741
173,279,CC(=O)N[C@@H](Cc1cc(F)cc(F)c1)[C@H](O)CN[C@]1(c2cccc(C(C)(C)C(F)F)c2)C[C@H]1C,C=C(C)c1cccc(C2(NCC(O)C(Cc3cc(F)cc(F)c3)NC(C)=O)CCCCC2)c1,0.519,-1.23,False,-0.1070568859577179
173,292,CC(=O)N[C@@H](Cc1cc(F)cc(F)c1)[C@H](O)CN[C@]1(c2cccc(C(C)(C)C(F)F)c2)C[C@H]1C,COC(=O)NC1CCC(NCC(O)C(Cc2cc(F)cc(F)c2)NC(C)=O)(c2cccc(C(C)(C)C)c2)CC1,0.582,-0.85,False,0.13306932151317596
173,296,CC(=O)N[C@@H](Cc1cc(F)cc(F)c1)[C@H](O)CN[C@]1(c2cccc(C(C)(C)C(F)F)c2)C[C@H]1C,CC(=O)N[C@@H](Cc1cc(F)cc(F)c1)[C@H](O)CNC1(c2cccc(C(C)(C)C(F)F)c2)CC1,0.773,-0.869,False,1.3444613218307495
175,176,CCn1cc([C@@]2(c3cccc(-c4cccnc4F)c3)N=C(N)N(C)C2=O)cn1,CN1C(=O)C(c2cccc(-c3cccnc3F)c2)(c2cnn(CC(F)(F)F)c2)N=C1N,0.825,-1.815,True,0.18593664467334747
175,197,CCn1cc([C@@]2(c3cccc(-c4cccnc4F)c3)N=C(N)N(C)C2=O)cn1,CN1C(=O)[C@@](c2ccncc2)(c2cccc(-c3cc(F)ccc3F)c2)N=C1N,0.522,-1.991,True,-0.06812058389186859
175,259,CCn1cc([C@@]2(c3cccc(-c4cccnc4F)c3)N=C(N)N(C)C2=O)cn1,CN1C(=O)[C@@](c2ccncc2)(c2cccc(-c3cccnc3)c2)N=C1N,0.515,-1.514,True,0.3703758120536804
176,197,CN1C(=O)C(c2cccc(-c3cccnc3F)c2)(c2cnn(CC(F)(F)F)c2)N=C1N,CN1C(=O)[C@@](c2ccncc2)(c2cccc(-c3cc(F)ccc3F)c2)N=C1N,0.5,-0.176,False,-0.23169396817684174
177,178,COc1cccc(-c2cccc(C3(C)CSCC(=N)N3)c2)c1,COc1cccc(-c2cccc(C3(C)CCSC(=N)N3)c2)c1,0.608,0.0,False,-1.0678603649139404
179,183,COc1ccc2c(c1)C1(COC(=N)N1)c1cc(-c3ccc(Cl)cc3)ccc1O2,COc1ccc2c(c1)C1(COC(=N)N1)c1cc(-c3ccncc3Cl)ccc1O2,0.695,0.019,False,0.23848511278629303
179,247,COc1ccc2c(c1)C1(COC(=N)N1)c1cc(-c3ccc(Cl)cc3)ccc1O2,COc1ccc2c(c1)C1(COC(=N)N1)c1cc(-c3cccc(Cl)c3)ccc1O2,0.827,-1.191,False,-0.8417162895202637
180,186,CN1C(=O)C2(CC(C)(C)Cc3ccc(-c4cncc(Cl)c4)cc32)N=C1N,CN1C(=O)C2(CC(C)(C)Sc3ccc(-c4cncc(Cl)c4)cc32)N=C1N,0.7,-0.135,False,-1.1259373426437378
180,235,CN1C(=O)C2(CC(C)(C)Cc3ccc(-c4cncc(Cl)c4)cc32)N=C1N,CN1C(=O)[C@]2(CC(C)(C)Cc3ccc(-c4cncnc4)cc32)N=C1N,0.778,0.204,False,-1.416833519935608
181,220,CC(NC(=O)c1cc(-c2noc(C(C)(N)Cc3ccccc3)n2)cc(N(C)S(C)(=O)=O)c1)c1ccc(F)cc1,C[C@@H](NC(=O)c1cc(C(=O)OC[C@@](N)(CO)Cc2ccccc2)cc(N(C)S(C)(=O)=O)c1)c1ccc(F)cc1,0.602,-1.013,False,0.7853628396987915
181,221,CC(NC(=O)c1cc(-c2noc(C(C)(N)Cc3ccccc3)n2)cc(N(C)S(C)(=O)=O)c1)c1ccc(F)cc1,CC(NC(=O)c1cc(SCCC(N)(CO)Cc2ccccc2)cc(N(C)S(C)(=O)=O)c1)c1ccc(F)cc1,0.588,1.686,True,-0.26087504625320435
181,245,CC(NC(=O)c1cc(-c2noc(C(C)(N)Cc3ccccc3)n2)cc(N(C)S(C)(=O)=O)c1)c1ccc(F)cc1,CC(NC(=O)c1cc(NCCC(N)(CO)Cc2ccccc2)cc(N(C)S(C)(=O)=O)c1)c1ccc(F)cc1,0.602,1.686,True,-0.33689385652542114
182,190,CN1C(=O)[C@@](c2ccc(OC(F)F)cc2)(c2cccc(OCCC(F)F)c2)N=C1N,CCCc1cccc([C@@]2(c3ccc(OC(F)F)cc3)N=C(N)N(C)C2=O)c1,0.677,0.954,False,-1.2002917528152466
182,196,CN1C(=O)[C@@](c2ccc(OC(F)F)cc2)(c2cccc(OCCC(F)F)c2)N=C1N,CN1C(=O)[C@@](c2ccc(OC(F)F)cc2)(c2cccc(C(=O)CCCF)c2)N=C1N,0.627,0.903,False,-1.503731608390808
182,199,CN1C(=O)[C@@](c2ccc(OC(F)F)cc2)(c2cccc(OCCC(F)F)c2)N=C1N,CN1C(=O)[C@@](c2ccc(OC(F)F)cc2)(c2cccc([C@H](F)CCCF)c2)N=C1N,0.662,0.903,False,-1.8822399377822876
182,273,CN1C(=O)[C@@](c2ccc(OC(F)F)cc2)(c2cccc(OCCC(F)F)c2)N=C1N,CN1C(=O)[C@@](c2ccc(OC(F)F)cc2)(c2ccc(F)c(OCCF)c2)N=C1N,0.641,1.079,False,-0.9251079559326172
182,278,CN1C(=O)[C@@](c2ccc(OC(F)F)cc2)(c2cccc(OCCC(F)F)c2)N=C1N,CN1C(=O)[C@@](c2ccc(OC(F)F)cc2)(c2cccc(OCCC(F)(F)F)c2)N=C1N,0.8,1.301,False,-0.11356952041387558
183,247,COc1ccc2c(c1)C1(COC(=N)N1)c1cc(-c3ccncc3Cl)ccc1O2,COc1ccc2c(c1)C1(COC(=N)N1)c1cc(-c3cccc(Cl)c3)ccc1O2,0.661,-1.21,False,-0.8227508068084717
184,204,COc1ccc(N(c2cccc(C(=O)NC(Cc3ccccc3)C(O)CNC(C)C(=O)NC3CCCCC3)c2)S(C)(=O)=O)cc1,CC(NC[C@@H](O)[C@H](Cc1ccccc1)NC(=O)c1cccc(N(c2ccccc2)S(C)(=O)=O)c1)C(=O)NC1CCCCC1,0.89,0.135,False,0.4960913062095642
184,219,COc1ccc(N(c2cccc(C(=O)NC(Cc3ccccc3)C(O)CNC(C)C(=O)NC3CCCCC3)c2)S(C)(=O)=O)cc1,COc1ccccc1N(c1cccc(C(=O)NC(Cc2ccccc2)C(O)CNC(C)C(=O)NC2CCCCC2)c1)S(C)(=O)=O,0.825,1.059,False,1.5060945749282837
186,235,CN1C(=O)C2(CC(C)(C)Sc3ccc(-c4cncc(Cl)c4)cc32)N=C1N,CN1C(=O)[C@]2(CC(C)(C)Cc3ccc(-c4cncnc4)cc32)N=C1N,0.531,0.339,False,-0.8116101026535034
187,233,COc1cccc(-c2ccc(C3CC3c3cc(=O)n(C)c(N)n3)cc2)c1,CC(C)Oc1cccc(-c2ccc(C3CC3c3cc(=O)n(C)c(N)n3)cc2)c1,0.8,0.577,False,-0.14634695649147034
187,237,COc1cccc(-c2ccc(C3CC3c3cc(=O)n(C)c(N)n3)cc2)c1,Cn1c(N)nc(C2CC2c2ccc(-c3ccco3)cc2)cc1=O,0.649,0.616,False,-1.0979368686676025
188,269,NC1=N[C@](c2ccc(OC(F)(F)F)cc2)(c2cccc(-c3cccnc3F)c2)C2=NCCCCCN12,CC1(C)CN2C(N)=N[C@](c3ccc(OC(F)(F)F)cc3)(c3cccc(-c4cccnc4F)c3)C2=N1,0.714,0.165,False,-2.1219241619110107
188,276,NC1=N[C@](c2ccc(OC(F)(F)F)cc2)(c2cccc(-c3cccnc3F)c2)C2=NCCCCCN12,COc1ccc(C2(c3cccc(-c4cccnc4F)c3)N=C(N)N3CCCN=C32)cc1,0.761,-0.269,False,-0.5003506541252136
190,196,CCCc1cccc([C@@]2(c3ccc(OC(F)F)cc3)N=C(N)N(C)C2=O)c1,CN1C(=O)[C@@](c2ccc(OC(F)F)cc2)(c2cccc(C(=O)CCCF)c2)N=C1N,0.646,-0.051,False,-0.2639116644859314
190,199,CCCc1cccc([C@@]2(c3ccc(OC(F)F)cc3)N=C(N)N(C)C2=O)c1,CN1C(=O)[C@@](c2ccc(OC(F)F)cc2)(c2cccc([C@H](F)CCCF)c2)N=C1N,0.656,-0.051,False,-0.5687625408172607
190,273,CCCc1cccc([C@@]2(c3ccc(OC(F)F)cc3)N=C(N)N(C)C2=O)c1,CN1C(=O)[C@@](c2ccc(OC(F)F)cc2)(c2ccc(F)c(OCCF)c2)N=C1N,0.609,0.125,False,0.32808053493499756
190,278,CCCc1cccc([C@@]2(c3ccc(OC(F)F)cc3)N=C(N)N(C)C2=O)c1,CN1C(=O)[C@@](c2ccc(OC(F)F)cc2)(c2cccc(OCCC(F)(F)F)c2)N=C1N,0.656,0.347,False,1.1212226152420044
192,197,Cc1cc([C@]2(c3cccc(-c4cncnc4)c3)N=C(N)N(C)C2=O)ccn1,CN1C(=O)[C@@](c2ccncc2)(c2cccc(-c3cc(F)ccc3F)c2)N=C1N,0.54,-0.602,False,0.4027230739593506
192,226,Cc1cc([C@]2(c3cccc(-c4cncnc4)c3)N=C(N)N(C)C2=O)ccn1,Cc1cc(C2(c3cccc(-c4cncnc4)c3)N=C(N)N(C)C2=O)cs1,0.714,0.243,False,-0.17666983604431152
192,238,Cc1cc([C@]2(c3cccc(-c4cncnc4)c3)N=C(N)N(C)C2=O)ccn1,COc1ccc([C@]2(c3cccc(-c4cccnc4)c3)N=C(N)N(C)C2=O)cc1C,0.587,-0.301,False,-0.11323511600494385
192,241,Cc1cc([C@]2(c3cccc(-c4cncnc4)c3)N=C(N)N(C)C2=O)ccn1,CN1C(=O)C(c2ccsc2)(c2cccc(-c3cncnc3)c2)N=C1N,0.696,-0.058,False,1.8534011840820312
192,255,Cc1cc([C@]2(c3cccc(-c4cncnc4)c3)N=C(N)N(C)C2=O)ccn1,CCc1cc(C2(c3cccc(-c4cncnc4)c3)N=C(N)N(C)C2=O)cs1,0.661,0.0,False,0.0018948763608932495
192,259,Cc1cc([C@]2(c3cccc(-c4cncnc4)c3)N=C(N)N(C)C2=O)ccn1,CN1C(=O)[C@@](c2ccncc2)(c2cccc(-c3cccnc3)c2)N=C1N,0.673,-0.125,False,0.8607302308082581
192,266,Cc1cc([C@]2(c3cccc(-c4cncnc4)c3)N=C(N)N(C)C2=O)ccn1,CC(C)c1cc(C2(c3cccc(-c4cncnc4)c3)N=C(N)N(C)C2=O)ccn1,0.768,-0.058,False,0.02261732518672943
192,284,Cc1cc([C@]2(c3cccc(-c4cncnc4)c3)N=C(N)N(C)C2=O)ccn1,CN1C(=O)C(c2cccc(-c3cccnc3)c2)(c2ccc3c(c2)CCO3)N=C1N,0.537,0.176,False,-0.02536904811859131
193,206,O=C(C1CNC[C@]12CCCc1ccccc12)N1CC[C@@H](c2ccccc2)C[C@H]1c1ccccc1,O=C(C1CNCC12CCCc1cc(Br)ccc12)N1CCC(c2ccccc2)CC1c1ccccc1,0.81,-0.331,False,0.13676290214061737
195,246,CC(C)(C)c1cccc(CN[C@H]2CS(=O)(=O)C[C@@H](Cc3cc(F)c4c(c3)C3(CCC(F)(F)CC3)CN4)[C@@H]2O)c1,CCCc1cc(CC2CS(=O)(=O)CC(NCc3cccc(C(C)(C)C)c3)C2O)cc(F)c1N,0.598,-0.032,False,0.693631112575531
195,270,CC(C)(C)c1cccc(CN[C@H]2CS(=O)(=O)C[C@@H](Cc3cc(F)c4c(c3)C3(CCC(F)(F)CC3)CN4)[C@@H]2O)c1,CN(C)CC(=O)Nc1ccc(CC2CS(=O)(=O)CC(NCc3cccc(C(C)(C)C)c3)C2O)cc1F,0.558,-0.361,False,0.19356544315814972
196,199,CN1C(=O)[C@@](c2ccc(OC(F)F)cc2)(c2cccc(C(=O)CCCF)c2)N=C1N,CN1C(=O)[C@@](c2ccc(OC(F)F)cc2)(c2cccc([C@H](F)CCCF)c2)N=C1N,0.708,0.0,False,-0.5969621539115906
196,273,CN1C(=O)[C@@](c2ccc(OC(F)F)cc2)(c2cccc(C(=O)CCCF)c2)N=C1N,CN1C(=O)[C@@](c2ccc(OC(F)F)cc2)(c2ccc(F)c(OCCF)c2)N=C1N,0.636,0.176,False,0.40699124336242676
196,278,CN1C(=O)[C@@](c2ccc(OC(F)F)cc2)(c2cccc(C(=O)CCCF)c2)N=C1N,CN1C(=O)[C@@](c2ccc(OC(F)F)cc2)(c2cccc(OCCC(F)(F)F)c2)N=C1N,0.609,0.398,False,1.2661632299423218
197,241,CN1C(=O)[C@@](c2ccncc2)(c2cccc(-c3cc(F)ccc3F)c2)N=C1N,CN1C(=O)C(c2ccsc2)(c2cccc(-c3cncnc3)c2)N=C1N,0.5,0.544,False,1.6082030534744263
197,259,CN1C(=O)[C@@](c2ccncc2)(c2cccc(-c3cc(F)ccc3F)c2)N=C1N,CN1C(=O)[C@@](c2ccncc2)(c2cccc(-c3cccnc3)c2)N=C1N,0.661,0.477,False,0.4835697412490845
197,266,CN1C(=O)[C@@](c2ccncc2)(c2cccc(-c3cc(F)ccc3F)c2)N=C1N,CC(C)c1cc(C2(c3cccc(-c4cncnc4)c3)N=C(N)N(C)C2=O)ccn1,0.515,0.544,False,-0.45470505952835083
199,273,CN1C(=O)[C@@](c2ccc(OC(F)F)cc2)(c2cccc([C@H](F)CCCF)c2)N=C1N,CN1C(=O)[C@@](c2ccc(OC(F)F)cc2)(c2ccc(F)c(OCCF)c2)N=C1N,0.621,0.176,False,0.5963174700737
199,278,CN1C(=O)[C@@](c2ccc(OC(F)F)cc2)(c2cccc([C@H](F)CCCF)c2)N=C1N,CN1C(=O)[C@@](c2ccc(OC(F)F)cc2)(c2cccc(OCCC(F)(F)F)c2)N=C1N,0.618,0.398,False,1.675775170326233
200,208,COc1cccc(CNC[C@H](O)[C@H](Cc2cc(F)cc(F)c2)NC(=O)c2cc(C(C)=O)cc(N3CCCCS3(=O)=O)c2)c1,CCCN(CCC)C(=O)c1cc(C(N)=O)cc(C(=O)N[C@@H](Cc2cc(F)cc(F)c2)[C@H](O)CNCc2cccc(OC)c2)c1,0.591,-0.913,False,-0.5206165313720703
200,301,COc1cccc(CNC[C@H](O)[C@H](Cc2cc(F)cc(F)c2)NC(=O)c2cc(C(C)=O)cc(N3CCCCS3(=O)=O)c2)c1,C=CCO/N=C(/C)c1cc(C(=O)N[C@@H](Cc2cc(F)cc(F)c2)[C@@H](O)CNCc2cccc(OC)c2)cc(N2CCCCS2(=O)=O)c1,0.795,0.091,False,-2.3262429237365723
201,264,CC(C)Oc1cc(CN2CC[C@@]3(C[C@@H]2C)CN(C)S(=O)(=O)N3c2cccc(F)c2)ccc1O,CC(C)Oc1cccc(CN2CC[C@@]3(C[C@@H]2C)CN(C)S(=O)(=O)N3c2cccc(F)c2)c1,0.789,1.38,False,-0.12166260182857513
204,205,CC(NC[C@@H](O)[C@H](Cc1ccccc1)NC(=O)c1cccc(N(c2ccccc2)S(C)(=O)=O)c1)C(=O)NC1CCCCC1,C[C@@H](NC(=O)c1cc(C(=O)N[C@@H](Cc2ccccc2)[C@H](O)CNC2CC2)cc(N(C)S(C)(=O)=O)c1)c1ccccc1,0.524,0.0,False,-0.010422155261039734
204,219,CC(NC[C@@H](O)[C@H](Cc1ccccc1)NC(=O)c1cccc(N(c2ccccc2)S(C)(=O)=O)c1)C(=O)NC1CCCCC1,COc1ccccc1N(c1cccc(C(=O)NC(Cc2ccccc2)C(O)CNC(C)C(=O)NC2CCCCC2)c1)S(C)(=O)=O,0.84,0.924,False,0.9786707162857056
204,263,CC(NC[C@@H](O)[C@H](Cc1ccccc1)NC(=O)c1cccc(N(c2ccccc2)S(C)(=O)=O)c1)C(=O)NC1CCCCC1,CS(=O)(=O)N(c1ccncc1)c1cccc(C(=O)NC(Cc2ccccc2)C(O)CNCc2cccc(C(F)(F)F)c2)c1,0.535,1.146,False,0.3386484384536743
205,252,C[C@@H](NC(=O)c1cc(C(=O)N[C@@H](Cc2ccccc2)[C@H](O)CNC2CC2)cc(N(C)S(C)(=O)=O)c1)c1ccccc1,COC(COCc1ccccc1)CC(O)C(COc1cc(F)cc(F)c1)NC(=O)c1cc(C(=O)NC(C)c2ccccc2)cc(N(C)S(C)(=O)=O)c1,0.511,1.204,False,-0.24870555102825165
205,258,C[C@@H](NC(=O)c1cc(C(=O)N[C@@H](Cc2ccccc2)[C@H](O)CNC2CC2)cc(N(C)S(C)(=O)=O)c1)c1ccccc1,C[C@@H](NC(=O)c1cc(C(=O)N[C@@H](Cc2ccccc2)[C@H](O)C2NC(C)(C)N(C)C2=O)cc(N(C)S(C)(=O)=O)c1)c1ccc(F)cc1,0.553,0.675,False,-0.4711308479309082
207,213,COc1cccc(-c2cccc(C3(c4ccncc4)N=C(C)C(=N)N3)c2)c1,COc1c(C)cc([C@@]2(c3cccc(-c4cncnc4)c3)N=C(C)C(=N)N2)cc1C,0.596,-1.151,False,-0.9602804183959961
208,209,CCCN(CCC)C(=O)c1cc(C(N)=O)cc(C(=O)N[C@@H](Cc2cc(F)cc(F)c2)[C@H](O)CNCc2cccc(OC)c2)c1,COCCN(C)C(=O)n1cc(C(=O)NC(Cc2cc(F)cc(F)c2)C(O)CNCc2cccc(OC)c2)c2cccnc21,0.516,0.822,False,-0.028082676231861115
208,301,CCCN(CCC)C(=O)c1cc(C(N)=O)cc(C(=O)N[C@@H](Cc2cc(F)cc(F)c2)[C@H](O)CNCc2cccc(OC)c2)c1,C=CCO/N=C(/C)c1cc(C(=O)N[C@@H](Cc2cc(F)cc(F)c2)[C@@H](O)CNCc2cccc(OC)c2)cc(N2CCCCS2(=O)=O)c1,0.52,1.004,False,-1.172176480293274
209,224,COCCN(C)C(=O)n1cc(C(=O)NC(Cc2cc(F)cc(F)c2)C(O)CNCc2cccc(OC)c2)c2cccnc21,CCCCN(CCCC)C(=O)n1cc(C(=O)N[C@@H](Cc2ccccc2)[C@H](O)CNCc2cccc(OC)c2)c2ccccc21,0.553,0.11,False,0.8743137121200562
210,227,CC(=O)NC(Cc1cc(F)cc(F)c1)C(O)CNC1(c2cccs2)CCCCC1,CC(=O)NC(Cc1cc(F)cc(F)c1)C(O)CNC1(c2cccc(C(C)(C)C)c2)CC1,0.588,-2.331,True,-0.9291587471961975
210,228,CC(=O)NC(Cc1cc(F)cc(F)c1)C(O)CNC1(c2cccs2)CCCCC1,CC(=O)NC(Cc1cc(F)cc(F)c1)C(O)CNC1(c2cccc(C3CCOC3)c2)CCCCC1,0.587,-2.533,True,-1.5766522884368896
210,236,CC(=O)NC(Cc1cc(F)cc(F)c1)C(O)CNC1(c2cccs2)CCCCC1,COC1CCC(NCC(O)C(Cc2cc(F)cc(F)c2)NC(C)=O)(c2cccc(C(C)(C)C)c2)CC1,0.519,-2.331,True,-0.9899618625640869
210,244,CC(=O)NC(Cc1cc(F)cc(F)c1)C(O)CNC1(c2cccs2)CCCCC1,CC(=O)NC(Cc1cc(F)cc(F)c1)C(O)CNC1(c2nc(C(C)(C)C)co2)CC1,0.528,0.155,False,-0.4972662329673767
210,249,CC(=O)NC(Cc1cc(F)cc(F)c1)C(O)CNC1(c2cccs2)CCCCC1,CC(=O)NC(Cc1cc(F)cc(F)c1)C(O)CNC1(c2cc(CC(C)(C)C)cs2)CCCCC1,0.708,-2.36,True,-0.7694878578186035
210,279,CC(=O)NC(Cc1cc(F)cc(F)c1)C(O)CNC1(c2cccs2)CCCCC1,C=C(C)c1cccc(C2(NCC(O)C(Cc3cc(F)cc(F)c3)NC(C)=O)CCCCC2)c1,0.657,-2.477,True,-1.4368950128555298
210,292,CC(=O)NC(Cc1cc(F)cc(F)c1)C(O)CNC1(c2cccs2)CCCCC1,COC(=O)NC1CCC(NCC(O)C(Cc2cc(F)cc(F)c2)NC(C)=O)(c2cccc(C(C)(C)C)c2)CC1,0.526,-2.097,True,-0.600899338722229
210,296,CC(=O)NC(Cc1cc(F)cc(F)c1)C(O)CNC1(c2cccs2)CCCCC1,CC(=O)N[C@@H](Cc1cc(F)cc(F)c1)[C@H](O)CNC1(c2cccc(C(C)(C)C(F)F)c2)CC1,0.563,-2.115,True,-0.43838340044021606
212,218,C[C@]1(c2cc(NC(=O)c3ccc(C#N)cn3)ccc2F)N=C(N)OC[C@H]1F,C[C@]1(c2cc(NC(=O)c3ccc(C#N)cn3)ccc2F)N=C(N)O[C@H](C(F)(F)F)[C@@H]1F,0.704,-1.525,True,-0.43879401683807373
212,231,C[C@]1(c2cc(NC(=O)c3ccc(C#N)cn3)ccc2F)N=C(N)OC[C@H]1F,C[C@@]1(c2cc(NC(=O)c3ccc(C#N)cn3)ccc2F)CCOC(=N)N1,0.581,-0.931,False,1.8932071924209595
212,232,C[C@]1(c2cc(NC(=O)c3ccc(C#N)cn3)ccc2F)N=C(N)OC[C@H]1F,N#Cc1ccc(C(=O)Nc2ccc(F)c([C@@]3(CF)N=C(N)OCC3(F)F)c2)nc1,0.63,-0.948,False,-0.6007487773895264
212,254,C[C@]1(c2cc(NC(=O)c3ccc(C#N)cn3)ccc2F)N=C(N)OC[C@H]1F,N#Cc1ccc(C(=O)Nc2ccc(F)c([C@@]3(CF)N=C(N)OC[C@@H]3F)c2)nc1,0.765,-0.752,False,-1.32212495803833
214,215,N#CCCCOc1ccc(-c2ccc(-c3ccccc3Cl)n2Cc2cccc(N)n2)cc1,CCCCCOc1ccc(-c2ccc(-c3ccccc3Cl)n2Cc2ccc(NCCO)c(N)n2)cc1,0.533,-0.393,False,0.028974488377571106
216,253,CC(C)NC(=O)CCCn1c(N)nc2cc(Cl)ccc21,Nc1nc2cc(Cl)ccc2n1CCCC(=O)NCC1CCCCC1,0.655,-0.366,False,0.0009865760803222656
216,282,CC(C)NC(=O)CCCn1c(N)nc2cc(Cl)ccc21,Nc1nc2cc(Cl)ccc2n1CCCC(=O)NCc1ccccn1,0.617,0.344,False,0.5523269772529602
216,289,CC(C)NC(=O)CCCn1c(N)nc2cc(Cl)ccc21,CC(C)CC(CC(=O)NC(C)C)n1c(N)nc2cc(Cl)ccc21,0.586,0.105,False,-0.6923447847366333
217,287,CCc1cnc2c(c1)C(NCC(O)C(Cc1ccccc1)NC(C)=O)CC1(CCC1)O2,CC(=O)N[C@@H](Cc1ccc(F)cc1)[C@H](O)CN[C@H]1CC2(CCC2)Oc2ncc(CC(C)(C)C)cc21,0.733,-1.26,False,-1.6329617500305176
218,231,C[C@]1(c2cc(NC(=O)c3ccc(C#N)cn3)ccc2F)N=C(N)O[C@H](C(F)(F)F)[C@@H]1F,C[C@@]1(c2cc(NC(=O)c3ccc(C#N)cn3)ccc2F)CCOC(=N)N1,0.519,0.594,False,1.38870108127594
218,232,C[C@]1(c2cc(NC(=O)c3ccc(C#N)cn3)ccc2F)N=C(N)O[C@H](C(F)(F)F)[C@@H]1F,N#Cc1ccc(C(=O)Nc2ccc(F)c([C@@]3(CF)N=C(N)OCC3(F)F)c2)nc1,0.544,0.576,False,-0.10892453044652939
218,254,C[C@]1(c2cc(NC(=O)c3ccc(C#N)cn3)ccc2F)N=C(N)O[C@H](C(F)(F)F)[C@@H]1F,N#Cc1ccc(C(=O)Nc2ccc(F)c([C@@]3(CF)N=C(N)OC[C@@H]3F)c2)nc1,0.577,0.773,False,-0.3413275480270386
220,221,C[C@@H](NC(=O)c1cc(C(=O)OC[C@@](N)(CO)Cc2ccccc2)cc(N(C)S(C)(=O)=O)c1)c1ccc(F)cc1,CC(NC(=O)c1cc(SCCC(N)(CO)Cc2ccccc2)cc(N(C)S(C)(=O)=O)c1)c1ccc(F)cc1,0.714,2.699,True,-1.409422755241394
220,245,C[C@@H](NC(=O)c1cc(C(=O)OC[C@@](N)(CO)Cc2ccccc2)cc(N(C)S(C)(=O)=O)c1)c1ccc(F)cc1,CC(NC(=O)c1cc(NCCC(N)(CO)Cc2ccccc2)cc(N(C)S(C)(=O)=O)c1)c1ccc(F)cc1,0.733,2.699,True,-1.3635884523391724
220,258,C[C@@H](NC(=O)c1cc(C(=O)OC[C@@](N)(CO)Cc2ccccc2)cc(N(C)S(C)(=O)=O)c1)c1ccc(F)cc1,C[C@@H](NC(=O)c1cc(C(=O)N[C@@H](Cc2ccccc2)[C@H](O)C2NC(C)(C)N(C)C2=O)cc(N(C)S(C)(=O)=O)c1)c1ccc(F)cc1,0.505,-0.45,False,-1.5314152240753174
221,245,CC(NC(=O)c1cc(SCCC(N)(CO)Cc2ccccc2)cc(N(C)S(C)(=O)=O)c1)c1ccc(F)cc1,CC(NC(=O)c1cc(NCCC(N)(CO)Cc2ccccc2)cc(N(C)S(C)(=O)=O)c1)c1ccc(F)cc1,0.76,0.0,False,-0.048239223659038544
223,231,C[C@@]1(c2cc(NC(=O)c3ccc(Cl)cn3)ccc2F)C[C@@H]2C[C@@H]2C(=N)N1,C[C@@]1(c2cc(NC(=O)c3ccc(C#N)cn3)ccc2F)CCOC(=N)N1,0.507,-0.275,False,1.3446041345596313
226,238,Cc1cc(C2(c3cccc(-c4cncnc4)c3)N=C(N)N(C)C2=O)cs1,COc1ccc([C@]2(c3cccc(-c4cccnc4)c3)N=C(N)N(C)C2=O)cc1C,0.562,-0.544,False,0.12899620831012726
226,241,Cc1cc(C2(c3cccc(-c4cncnc4)c3)N=C(N)N(C)C2=O)cs1,CN1C(=O)C(c2ccsc2)(c2cccc(-c3cncnc3)c2)N=C1N,0.759,-0.301,False,1.892405390739441
226,255,Cc1cc(C2(c3cccc(-c4cncnc4)c3)N=C(N)N(C)C2=O)cs1,CCc1cc(C2(c3cccc(-c4cncnc4)c3)N=C(N)N(C)C2=O)cs1,0.782,-0.243,False,0.15555448830127716
226,259,Cc1cc(C2(c3cccc(-c4cncnc4)c3)N=C(N)N(C)C2=O)cs1,CN1C(=O)[C@@](c2ccncc2)(c2cccc(-c3cccnc3)c2)N=C1N,0.614,-0.368,False,0.8749657273292542
226,266,Cc1cc(C2(c3cccc(-c4cncnc4)c3)N=C(N)N(C)C2=O)cs1,CC(C)c1cc(C2(c3cccc(-c4cncnc4)c3)N=C(N)N(C)C2=O)ccn1,0.65,-0.301,False,0.21443717181682587
226,284,Cc1cc(C2(c3cccc(-c4cncnc4)c3)N=C(N)N(C)C2=O)cs1,CN1C(=O)C(c2cccc(-c3cccnc3)c2)(c2ccc3c(c2)CCO3)N=C1N,0.515,-0.067,False,0.20342911779880524
227,228,CC(=O)NC(Cc1cc(F)cc(F)c1)C(O)CNC1(c2cccc(C(C)(C)C)c2)CC1,CC(=O)NC(Cc1cc(F)cc(F)c1)C(O)CNC1(c2cccc(C3CCOC3)c2)CCCCC1,0.608,-0.202,False,-0.2723032832145691
227,236,CC(=O)NC(Cc1cc(F)cc(F)c1)C(O)CNC1(c2cccc(C(C)(C)C)c2)CC1,COC1CCC(NCC(O)C(Cc2cc(F)cc(F)c2)NC(C)=O)(c2cccc(C(C)(C)C)c2)CC1,0.828,0.0,False,-0.261786550283432
227,244,CC(=O)NC(Cc1cc(F)cc(F)c1)C(O)CNC1(c2cccc(C(C)(C)C)c2)CC1,CC(=O)NC(Cc1cc(F)cc(F)c1)C(O)CNC1(c2nc(C(C)(C)C)co2)CC1,0.618,2.486,True,0.5874601602554321
227,249,CC(=O)NC(Cc1cc(F)cc(F)c1)C(O)CNC1(c2cccc(C(C)(C)C)c2)CC1,CC(=O)NC(Cc1cc(F)cc(F)c1)C(O)CNC1(c2cc(CC(C)(C)C)cs2)CCCCC1,0.563,-0.029,False,0.018176011741161346
227,277,CC(=O)NC(Cc1cc(F)cc(F)c1)C(O)CNC1(c2cccc(C(C)(C)C)c2)CC1,CC(=O)N[C@@H](Cc1cc(F)cc(F)c1)[C@H](O)CNC(C)(C)c1cccc(C(C)(C)C)c1,0.672,0.155,False,1.194121241569519
227,279,CC(=O)NC(Cc1cc(F)cc(F)c1)C(O)CNC1(c2cccc(C(C)(C)C)c2)CC1,C=C(C)c1cccc(C2(NCC(O)C(Cc3cc(F)cc(F)c3)NC(C)=O)CCCCC2)c1,0.682,-0.146,False,-0.1381714791059494
227,292,CC(=O)NC(Cc1cc(F)cc(F)c1)C(O)CNC1(c2cccc(C(C)(C)C)c2)CC1,COC(=O)NC1CCC(NCC(O)C(Cc2cc(F)cc(F)c2)NC(C)=O)(c2cccc(C(C)(C)C)c2)CC1,0.803,0.234,False,0.1534295231103897
227,296,CC(=O)NC(Cc1cc(F)cc(F)c1)C(O)CNC1(c2cccc(C(C)(C)C)c2)CC1,CC(=O)N[C@@H](Cc1cc(F)cc(F)c1)[C@H](O)CNC1(c2cccc(C(C)(C)C(F)F)c2)CC1,0.85,0.216,False,0.878734290599823
228,236,CC(=O)NC(Cc1cc(F)cc(F)c1)C(O)CNC1(c2cccc(C3CCOC3)c2)CCCCC1,COC1CCC(NCC(O)C(Cc2cc(F)cc(F)c2)NC(C)=O)(c2cccc(C(C)(C)C)c2)CC1,0.58,0.202,False,-0.012312367558479309
228,249,CC(=O)NC(Cc1cc(F)cc(F)c1)C(O)CNC1(c2cccc(C3CCOC3)c2)CCCCC1,CC(=O)NC(Cc1cc(F)cc(F)c1)C(O)CNC1(c2cc(CC(C)(C)C)cs2)CCCCC1,0.525,0.173,False,0.2718573808670044
228,279,CC(=O)NC(Cc1cc(F)cc(F)c1)C(O)CNC1(c2cccc(C3CCOC3)c2)CCCCC1,C=C(C)c1cccc(C2(NCC(O)C(Cc3cc(F)cc(F)c3)NC(C)=O)CCCCC2)c1,0.671,0.056,False,0.1901118904352188
228,292,CC(=O)NC(Cc1cc(F)cc(F)c1)C(O)CNC1(c2cccc(C3CCOC3)c2)CCCCC1,COC(=O)NC1CCC(NCC(O)C(Cc2cc(F)cc(F)c2)NC(C)=O)(c2cccc(C(C)(C)C)c2)CC1,0.585,0.436,False,0.3439289331436157
228,296,CC(=O)NC(Cc1cc(F)cc(F)c1)C(O)CNC1(c2cccc(C3CCOC3)c2)CCCCC1,CC(=O)N[C@@H](Cc1cc(F)cc(F)c1)[C@H](O)CNC1(c2cccc(C(C)(C)C(F)F)c2)CC1,0.584,0.417,False,0.6161279678344727
229,257,CCC(CC(=O)NCc1ccccc1)n1c(N)nc2cc(Cl)ccc21,CCC(CC(=O)NC(COC(C)(C)C)C(=O)OC)n1c(N)nc2cc(Cl)ccc21,0.597,0.018,False,0.04073420166969299
229,262,CCC(CC(=O)NCc1ccccc1)n1c(N)nc2cc(Cl)ccc21,CCC(CC(=O)NCCC1CCNC1)n1c(N)nc2cc(Cl)ccc21,0.618,0.574,False,-0.8167240619659424
229,285,CCC(CC(=O)NCc1ccccc1)n1c(N)nc2cc(Cl)ccc21,CCC(CC(=O)NCc1cccc(F)c1)n1c(N)nc2cc(Cl)ccc21,0.828,0.674,False,-0.3729623556137085
229,289,CCC(CC(=O)NCc1ccccc1)n1c(N)nc2cc(Cl)ccc21,CC(C)CC(CC(=O)NC(C)C)n1c(N)nc2cc(Cl)ccc21,0.59,0.534,False,-1.0299851894378662
231,232,C[C@@]1(c2cc(NC(=O)c3ccc(C#N)cn3)ccc2F)CCOC(=N)N1,N#Cc1ccc(C(=O)Nc2ccc(F)c([C@@]3(CF)N=C(N)OCC3(F)F)c2)nc1,0.532,-0.017,False,-1.6137288808822632
231,254,C[C@@]1(c2cc(NC(=O)c3ccc(C#N)cn3)ccc2F)CCOC(=N)N1,N#Cc1ccc(C(=O)Nc2ccc(F)c([C@@]3(CF)N=C(N)OC[C@@H]3F)c2)nc1,0.526,0.179,False,-2.1541531085968018
232,254,N#Cc1ccc(C(=O)Nc2ccc(F)c([C@@]3(CF)N=C(N)OCC3(F)F)c2)nc1,N#Cc1ccc(C(=O)Nc2ccc(F)c([C@@]3(CF)N=C(N)OC[C@@H]3F)c2)nc1,0.681,0.196,False,-0.476905882358551
232,281,N#Cc1ccc(C(=O)Nc2ccc(F)c([C@@]3(CF)N=C(N)OCC3(F)F)c2)nc1,CC1(c2cc(NC(=O)c3ncc(Cl)cn3)ccc2F)N=C(N)OCC1(F)F,0.527,0.136,False,0.4936046600341797
233,237,CC(C)Oc1cccc(-c2ccc(C3CC3c3cc(=O)n(C)c(N)n3)cc2)c1,Cn1c(N)nc(C2CC2c2ccc(-c3ccco3)cc2)cc1=O,0.617,0.038,False,-0.9357763528823853
234,243,O=C(C1CNCC1c1ccccc1Br)N1CCCCC1c1ccccc1,O=C(C1CNCC1c1ccccc1Br)N1CCOCC1c1ccccc1,0.709,-0.084,False,0.4639052152633667
236,244,COC1CCC(NCC(O)C(Cc2cc(F)cc(F)c2)NC(C)=O)(c2cccc(C(C)(C)C)c2)CC1,CC(=O)NC(Cc1cc(F)cc(F)c1)C(O)CNC1(c2nc(C(C)(C)C)co2)CC1,0.526,2.486,True,0.6573444604873657
236,249,COC1CCC(NCC(O)C(Cc2cc(F)cc(F)c2)NC(C)=O)(c2cccc(C(C)(C)C)c2)CC1,CC(=O)NC(Cc1cc(F)cc(F)c1)C(O)CNC1(c2cc(CC(C)(C)C)cs2)CCCCC1,0.5,-0.029,False,0.3405689597129822
236,277,COC1CCC(NCC(O)C(Cc2cc(F)cc(F)c2)NC(C)=O)(c2cccc(C(C)(C)C)c2)CC1,CC(=O)N[C@@H](Cc1cc(F)cc(F)c1)[C@H](O)CNC(C)(C)c1cccc(C(C)(C)C)c1,0.586,0.155,False,0.9128535985946655
236,279,COC1CCC(NCC(O)C(Cc2cc(F)cc(F)c2)NC(C)=O)(c2cccc(C(C)(C)C)c2)CC1,C=C(C)c1cccc(C2(NCC(O)C(Cc3cc(F)cc(F)c3)NC(C)=O)CCCCC2)c1,0.6,-0.146,False,0.32812392711639404
236,292,COC1CCC(NCC(O)C(Cc2cc(F)cc(F)c2)NC(C)=O)(c2cccc(C(C)(C)C)c2)CC1,COC(=O)NC1CCC(NCC(O)C(Cc2cc(F)cc(F)c2)NC(C)=O)(c2cccc(C(C)(C)C)c2)CC1,0.829,0.234,False,0.6296098232269287
236,296,COC1CCC(NCC(O)C(Cc2cc(F)cc(F)c2)NC(C)=O)(c2cccc(C(C)(C)C)c2)CC1,CC(=O)N[C@@H](Cc1cc(F)cc(F)c1)[C@H](O)CNC1(c2cccc(C(C)(C)C(F)F)c2)CC1,0.714,0.216,False,0.7701074481010437
238,241,COc1ccc([C@]2(c3cccc(-c4cccnc4)c3)N=C(N)N(C)C2=O)cc1C,CN1C(=O)C(c2ccsc2)(c2cccc(-c3cncnc3)c2)N=C1N,0.547,0.243,False,1.9182912111282349
238,255,COc1ccc([C@]2(c3cccc(-c4cccnc4)c3)N=C(N)N(C)C2=O)cc1C,CCc1cc(C2(c3cccc(-c4cncnc4)c3)N=C(N)N(C)C2=O)cs1,0.522,0.301,False,0.030685126781463623
238,259,COc1ccc([C@]2(c3cccc(-c4cccnc4)c3)N=C(N)N(C)C2=O)cc1C,CN1C(=O)[C@@](c2ccncc2)(c2cccc(-c3cccnc3)c2)N=C1N,0.714,0.176,False,0.9080382585525513
238,266,COc1ccc([C@]2(c3cccc(-c4cccnc4)c3)N=C(N)N(C)C2=O)cc1C,CC(C)c1cc(C2(c3cccc(-c4cncnc4)c3)N=C(N)N(C)C2=O)ccn1,0.537,0.243,False,0.16787154972553253
238,284,COc1ccc([C@]2(c3cccc(-c4cccnc4)c3)N=C(N)N(C)C2=O)cc1C,CN1C(=O)C(c2cccc(-c3cccnc3)c2)(c2ccc3c(c2)CCO3)N=C1N,0.621,0.477,False,0.12920232117176056
241,255,CN1C(=O)C(c2ccsc2)(c2cccc(-c3cncnc3)c2)N=C1N,CCc1cc(C2(c3cccc(-c4cncnc4)c3)N=C(N)N(C)C2=O)cs1,0.732,0.058,False,-2.1329898834228516
241,259,CN1C(=O)C(c2ccsc2)(c2cccc(-c3cncnc3)c2)N=C1N,CN1C(=O)[C@@](c2ccncc2)(c2cccc(-c3cccnc3)c2)N=C1N,0.625,-0.067,False,-1.9093425273895264
241,266,CN1C(=O)C(c2ccsc2)(c2cccc(-c3cncnc3)c2)N=C1N,CC(C)c1cc(C2(c3cccc(-c4cncnc4)c3)N=C(N)N(C)C2=O)ccn1,0.661,0.0,False,-2.480783462524414
241,284,CN1C(=O)C(c2ccsc2)(c2cccc(-c3cncnc3)c2)N=C1N,CN1C(=O)C(c2cccc(-c3cccnc3)c2)(c2ccc3c(c2)CCO3)N=C1N,0.522,0.234,False,-1.749714970588684
244,249,CC(=O)NC(Cc1cc(F)cc(F)c1)C(O)CNC1(c2nc(C(C)(C)C)co2)CC1,CC(=O)NC(Cc1cc(F)cc(F)c1)C(O)CNC1(c2cc(CC(C)(C)C)cs2)CCCCC1,0.548,-2.515,True,-0.41688382625579834
244,277,CC(=O)NC(Cc1cc(F)cc(F)c1)C(O)CNC1(c2nc(C(C)(C)C)co2)CC1,CC(=O)N[C@@H](Cc1cc(F)cc(F)c1)[C@H](O)CNC(C)(C)c1cccc(C(C)(C)C)c1,0.507,-2.331,True,0.48739326000213623
244,279,CC(=O)NC(Cc1cc(F)cc(F)c1)C(O)CNC1(c2nc(C(C)(C)C)co2)CC1,C=C(C)c1cccc(C2(NCC(O)C(Cc3cc(F)cc(F)c3)NC(C)=O)CCCCC2)c1,0.507,-2.632,True,-0.4822062849998474
244,292,CC(=O)NC(Cc1cc(F)cc(F)c1)C(O)CNC1(c2nc(C(C)(C)C)co2)CC1,COC(=O)NC1CCC(NCC(O)C(Cc2cc(F)cc(F)c2)NC(C)=O)(c2cccc(C(C)(C)C)c2)CC1,0.512,-2.252,True,-0.2358330339193344
244,296,CC(=O)NC(Cc1cc(F)cc(F)c1)C(O)CNC1(c2nc(C(C)(C)C)co2)CC1,CC(=O)N[C@@H](Cc1cc(F)cc(F)c1)[C@H](O)CNC1(c2cccc(C(C)(C)C(F)F)c2)CC1,0.569,-2.271,True,0.24151332676410675
246,270,CCCc1cc(CC2CS(=O)(=O)CC(NCc3cccc(C(C)(C)C)c3)C2O)cc(F)c1N,CN(C)CC(=O)Nc1ccc(CC2CS(=O)(=O)CC(NCc3cccc(C(C)(C)C)c3)C2O)cc1F,0.608,-0.329,False,-0.6617222428321838
246,300,CCCc1cc(CC2CS(=O)(=O)CC(NCc3cccc(C(C)(C)C)c3)C2O)cc(F)c1N,CC(C)(C)c1cccc(CN[C@H]2CS(=O)C[C@@H](Cc3cc(F)c(N)c(OC(C(F)(F)F)C(F)(F)F)c3)[C@@H]2O)c1,0.524,-1.813,True,0.26418638229370117
249,279,CC(=O)NC(Cc1cc(F)cc(F)c1)C(O)CNC1(c2cc(CC(C)(C)C)cs2)CCCCC1,C=C(C)c1cccc(C2(NCC(O)C(Cc3cc(F)cc(F)c3)NC(C)=O)CCCCC2)c1,0.583,-0.117,False,-0.044483114033937454
249,292,CC(=O)NC(Cc1cc(F)cc(F)c1)C(O)CNC1(c2cc(CC(C)(C)C)cs2)CCCCC1,COC(=O)NC1CCC(NCC(O)C(Cc2cc(F)cc(F)c2)NC(C)=O)(c2cccc(C(C)(C)C)c2)CC1,0.506,0.263,False,0.0736813098192215
249,296,CC(=O)NC(Cc1cc(F)cc(F)c1)C(O)CNC1(c2cc(CC(C)(C)C)cs2)CCCCC1,CC(=O)N[C@@H](Cc1cc(F)cc(F)c1)[C@H](O)CNC1(c2cccc(C(C)(C)C(F)F)c2)CC1,0.541,0.244,False,0.45451241731643677
250,294,N=C1NC2(c3cccc(-c4cncc(Cl)c4)c3)CCOCC2O1,N=C1NC2(c3cccc(NC(=O)c4ccc(F)cn4)c3)CCOCC2O1,0.521,-0.225,False,-1.1408063173294067
253,282,Nc1nc2cc(Cl)ccc2n1CCCC(=O)NCC1CCCCC1,Nc1nc2cc(Cl)ccc2n1CCCC(=O)NCc1ccccn1,0.609,0.71,False,0.6305660009384155
255,259,CCc1cc(C2(c3cccc(-c4cncnc4)c3)N=C(N)N(C)C2=O)cs1,CN1C(=O)[C@@](c2ccncc2)(c2cccc(-c3cccnc3)c2)N=C1N,0.593,-0.125,False,0.9312272071838379
255,266,CCc1cc(C2(c3cccc(-c4cncnc4)c3)N=C(N)N(C)C2=O)cs1,CC(C)c1cc(C2(c3cccc(-c4cncnc4)c3)N=C(N)N(C)C2=O)ccn1,0.629,-0.058,False,0.07965201139450073
255,284,CCc1cc(C2(c3cccc(-c4cncnc4)c3)N=C(N)N(C)C2=O)cs1,CN1C(=O)C(c2cccc(-c3cccnc3)c2)(c2ccc3c(c2)CCO3)N=C1N,0.522,0.176,False,0.09793280065059662
257,262,CCC(CC(=O)NC(COC(C)(C)C)C(=O)OC)n1c(N)nc2cc(Cl)ccc21,CCC(CC(=O)NCCC1CCNC1)n1c(N)nc2cc(Cl)ccc21,0.519,0.556,False,-0.9217168092727661
257,285,CCC(CC(=O)NC(COC(C)(C)C)C(=O)OC)n1c(N)nc2cc(Cl)ccc21,CCC(CC(=O)NCc1cccc(F)c1)n1c(N)nc2cc(Cl)ccc21,0.548,0.656,False,-0.2521389126777649
257,289,CCC(CC(=O)NC(COC(C)(C)C)C(=O)OC)n1c(N)nc2cc(Cl)ccc21,CC(C)CC(CC(=O)NC(C)C)n1c(N)nc2cc(Cl)ccc21,0.576,0.516,False,-1.0642236471176147
259,266,CN1C(=O)[C@@](c2ccncc2)(c2cccc(-c3cccnc3)c2)N=C1N,CC(C)c1cc(C2(c3cccc(-c4cncnc4)c3)N=C(N)N(C)C2=O)ccn1,0.638,0.067,False,-0.8561080694198608
259,284,CN1C(=O)[C@@](c2ccncc2)(c2cccc(-c3cccnc3)c2)N=C1N,CN1C(=O)C(c2cccc(-c3cccnc3)c2)(c2ccc3c(c2)CCO3)N=C1N,0.678,0.301,False,-0.8509385585784912
260,268,COc1ccc([C@]2(c3cccc(-c4cncnc4)c3)N=C(N)c3nc(C)sc32)cc1,COc1ccc(C2(c3cccc(-c4cncnc4)c3)N=C(N)N3CC(F)(F)CN=C32)cc1,0.514,-0.799,False,-1.5914074182510376
262,285,CCC(CC(=O)NCCC1CCNC1)n1c(N)nc2cc(Cl)ccc21,CCC(CC(=O)NCc1cccc(F)c1)n1c(N)nc2cc(Cl)ccc21,0.568,0.1,False,0.5955886244773865
262,289,CCC(CC(=O)NCCC1CCNC1)n1c(N)nc2cc(Cl)ccc21,CC(C)CC(CC(=O)NC(C)C)n1c(N)nc2cc(Cl)ccc21,0.507,-0.04,False,-0.22473415732383728
264,280,CC(C)Oc1cccc(CN2CC[C@@]3(C[C@@H]2C)CN(C)S(=O)(=O)N3c2cccc(F)c2)c1,CCCOc1cccc(CN2CCC3(CNS(=O)(=O)N3c3cccc(F)c3)CC2C)c1,0.582,0.983,False,0.12385670840740204
266,284,CC(C)c1cc(C2(c3cccc(-c4cncnc4)c3)N=C(N)N(C)C2=O)ccn1,CN1C(=O)C(c2cccc(-c3cccnc3)c2)(c2ccc3c(c2)CCO3)N=C1N,0.514,0.234,False,-0.08017195761203766
268,276,COc1ccc(C2(c3cccc(-c4cncnc4)c3)N=C(N)N3CC(F)(F)CN=C32)cc1,COc1ccc(C2(c3cccc(-c4cccnc4F)c3)N=C(N)N3CCCN=C32)cc1,0.521,-0.155,False,1.971521258354187
269,276,CC1(C)CN2C(N)=N[C@](c3ccc(OC(F)(F)F)cc3)(c3cccc(-c4cccnc4F)c3)C2=N1,COc1ccc(C2(c3cccc(-c4cccnc4F)c3)N=C(N)N3CCCN=C32)cc1,0.611,-0.434,False,1.5047322511672974
272,286,COCC(Oc1cc(CC2CS(=O)CC(NCc3cccc(OC(F)(F)F)c3)C2O)cc(F)c1N)C(F)(F)F,COC[C@@H](Oc1cc(C[C@@H]2CS(=O)C[C@H](NCc3cccc(C(C)(C)C)c3)[C@H]2O)cc(F)c1N)C(F)(F)F,0.81,-1.724,True,-1.6098653078079224
272,300,COCC(Oc1cc(CC2CS(=O)CC(NCc3cccc(OC(F)(F)F)c3)C2O)cc(F)c1N)C(F)(F)F,CC(C)(C)c1cccc(CN[C@H]2CS(=O)C[C@@H](Cc3cc(F)c(N)c(OC(C(F)(F)F)C(F)(F)F)c3)[C@@H]2O)c1,0.663,-2.025,True,-0.17721638083457947
273,278,CN1C(=O)[C@@](c2ccc(OC(F)F)cc2)(c2ccc(F)c(OCCF)c2)N=C1N,CN1C(=O)[C@@](c2ccc(OC(F)F)cc2)(c2cccc(OCCC(F)(F)F)c2)N=C1N,0.621,0.222,False,0.8705335855484009
276,299,COc1ccc(C2(c3cccc(-c4cccnc4F)c3)N=C(N)N3CCCN=C32)cc1,COc1cccc([C@@]2(c3ccccc3)N=C(N)N3CCCN=C32)c1,0.629,2.462,True,1.3350937366485596
277,292,CC(=O)N[C@@H](Cc1cc(F)cc(F)c1)[C@H](O)CNC(C)(C)c1cccc(C(C)(C)C)c1,COC(=O)NC1CCC(NCC(O)C(Cc2cc(F)cc(F)c2)NC(C)=O)(c2cccc(C(C)(C)C)c2)CC1,0.569,0.079,False,-0.5555791258811951
277,296,CC(=O)N[C@@H](Cc1cc(F)cc(F)c1)[C@H](O)CNC(C)(C)c1cccc(C(C)(C)C)c1,CC(=O)N[C@@H](Cc1cc(F)cc(F)c1)[C@H](O)CNC1(c2cccc(C(C)(C)C(F)F)c2)CC1,0.591,0.061,False,-0.24347487092018127
279,292,C=C(C)c1cccc(C2(NCC(O)C(Cc3cc(F)cc(F)c3)NC(C)=O)CCCCC2)c1,COC(=O)NC1CCC(NCC(O)C(Cc2cc(F)cc(F)c2)NC(C)=O)(c2cccc(C(C)(C)C)c2)CC1,0.584,0.38,False,0.23544619977474213
279,296,C=C(C)c1cccc(C2(NCC(O)C(Cc3cc(F)cc(F)c3)NC(C)=O)CCCCC2)c1,CC(=O)N[C@@H](Cc1cc(F)cc(F)c1)[C@H](O)CNC1(c2cccc(C(C)(C)C(F)F)c2)CC1,0.652,0.362,False,0.7209732532501221
283,288,CCCN(CCC)C(=O)c1cc(C)cc(C(=O)N[C@@H](Cc2cc(F)cc(F)c2)[C@H](O)C2NCN(Cc3ccccc3)C2=O)c1,CCCN(CCC)C(=O)c1cc(C)cc(C(=O)N[C@@H](Cc2cc(F)cc(F)c2)[C@H](O)[C@H]2C[C@@H](OCC)CCN2)c1,0.575,0.146,False,0.34298133850097656
285,289,CCC(CC(=O)NCc1cccc(F)c1)n1c(N)nc2cc(Cl)ccc21,CC(C)CC(CC(=O)NC(C)C)n1c(N)nc2cc(Cl)ccc21,0.561,-0.141,False,-0.8487388491630554
286,300,COC[C@@H](Oc1cc(C[C@@H]2CS(=O)C[C@H](NCc3cccc(C(C)(C)C)c3)[C@H]2O)cc(F)c1N)C(F)(F)F,CC(C)(C)c1cccc(CN[C@H]2CS(=O)C[C@@H](Cc3cc(F)c(N)c(OC(C(F)(F)F)C(F)(F)F)c3)[C@@H]2O)c1,0.827,-0.301,False,1.6265007257461548
291,294,N=C1NC2(c3cccc(NC(=O)c4ccccn4)c3)CCCCC2O1,N=C1NC2(c3cccc(NC(=O)c4ccc(F)cn4)c3)CCOCC2O1,0.6,-0.865,False,0.09413118660449982
292,296,COC(=O)NC1CCC(NCC(O)C(Cc2cc(F)cc(F)c2)NC(C)=O)(c2cccc(C(C)(C)C)c2)CC1,CC(=O)N[C@@H](Cc1cc(F)cc(F)c1)[C@H](O)CNC1(c2cccc(C(C)(C)C(F)F)c2)CC1,0.694,-0.018,False,0.3155354857444763
