idx1,idx2,smiles1,smiles2,tanimoto,dpic50,is_cliff
0,109,Cc1ccccc1-c1ccc2nc(N)c(CC(C)C(=O)NCCC(C)(C)C)cc2c1,CC(=O)c1ccccc1-c1ccc2nc(N)c(CC(C)C(=O)NCCC(C)(C)C)cc2c1,0.803,1.363,False
0,174,Cc1ccccc1-c1ccc2nc(N)c(CC(C)C(=O)NCCC(C)(C)C)cc2c1,CC(Cc1cc2cc(-c3ncccc3Cl)ccc2nc1N)C(=O)NCCC(C)(C)C,0.672,1.228,False
0,211,Cc1ccccc1-c1ccc2nc(N)c(CC(C)C(=O)NCCC(C)(C)C)cc2c1,CCCC(Cc1cc2cc(-c3ccccc3C)ccc2nc1N)C(=O)NCC1CCCCC1,0.533,1.228,False
1,90,Cc1ccccc1-c1ccc2nc(N)c(CCC(=O)N(C)C3CCCCC3)cc2c1,CN(C(=O)CCc1cc2ccccc2nc1N)C1CCCCC1,0.724,0.868,False
1,211,Cc1ccccc1-c1ccc2nc(N)c(CCC(=O)N(C)C3CCCCC3)cc2c1,CCCC(Cc1cc2cc(-c3ccccc3C)ccc2nc1N)C(=O)NCC1CCCCC1,0.547,-2.675,True
2,4,CC(=O)NC(Cc1cc(F)cc(F)c1)C(O)CNC1(c2cc(C(C)C)cs2)CCCCC1,CC(=O)NC1CCC(NCC(O)C(Cc2cc(F)cc(F)c2)NC(C)=O)(c2cccc(C(C)(C)C)c2)CC1,0.506,-0.002,False
2,26,CC(=O)NC(Cc1cc(F)cc(F)c1)C(O)CNC1(c2cc(C(C)C)cs2)CCCCC1,CC(=O)NC(Cc1cc(F)cc(F)c1)C(O)CNC1(c2cccc(N(C)C)c2)CCCCC1,0.592,0.066,False
2,31,CC(=O)NC(Cc1cc(F)cc(F)c1)C(O)CNC1(c2cc(C(C)C)cs2)CCCCC1,CC(=O)NC(Cc1cc(F)cc(F)c1)C(O)CNC1(c2cn(C34CC5CC(CC(C5)C3)C4)nn2)CCCCC1,0.545,0.047,False
2,39,CC(=O)NC(Cc1cc(F)cc(F)c1)C(O)CNC1(c2cc(C(C)C)cs2)CCCCC1,CC(=O)NC(Cc1cc(F)cc(F)c1)C(O)CNC1(c2ccc(C(C)C)s2)CCCCC1,0.723,1.057,False
2,49,CC(=O)NC(Cc1cc(F)cc(F)c1)C(O)CNC1(c2cc(C(C)C)cs2)CCCCC1,CC(=O)NC(Cc1cc(F)cc(F)c1)C(O)CNC1(c2cccc(C3CCCCC3)c2)CCCCC1,0.575,1.453,False
2,87,CC(=O)NC(Cc1cc(F)cc(F)c1)C(O)CNC1(c2cc(C(C)C)cs2)CCCCC1,CC(=O)N[C@@H](Cc1cc(F)cc(F)c1)[C@H](O)CNC1(c2cccc(C(C)(C)CF)c2)CC1,0.507,-0.084,False
2,98,CC(=O)NC(Cc1cc(F)cc(F)c1)C(O)CNC1(c2cc(C(C)C)cs2)CCCCC1,CC(=O)NC(Cc1cc(F)cc(F)c1)C(O)CNC1(c2cccc(N3CCOCC3=O)c2)CCCCC1,0.512,0.567,False
2,110,CC(=O)NC(Cc1cc(F)cc(F)c1)C(O)CNC1(c2cc(C(C)C)cs2)CCCCC1,CCc1cccc(C2(NCC(O)C(Cc3cc(F)cc(F)c3)NC(C)=O)CCCCC2)c1,0.609,0.292,False
2,118,CC(=O)NC(Cc1cc(F)cc(F)c1)C(O)CNC1(c2cc(C(C)C)cs2)CCCCC1,CC(=O)NC(Cc1cc(F)cc(F)c1)C(O)CNC1(c2cccc(C3CCCC3)c2)CCCCC1,0.575,0.427,False
2,126,CC(=O)NC(Cc1cc(F)cc(F)c1)C(O)CNC1(c2cc(C(C)C)cs2)CCCCC1,CC(=O)NC(Cc1cc(F)cc(F)c1)C(O)CNC1(c2cc(C(C)(C)C)ccn2)CC1,0.514,0.26,False
2,131,CC(=O)NC(Cc1cc(F)cc(F)c1)C(O)CNC1(c2cc(C(C)C)cs2)CCCCC1,CC(=O)NC(Cc1cc(F)cc(F)c1)C(O)CNC1(c2cccc(C3CCCC3=O)c2)CCCCC1,0.538,0.357,False
2,165,CC(=O)NC(Cc1cc(F)cc(F)c1)C(O)CNC1(c2cc(C(C)C)cs2)CCCCC1,CC(=O)N[C@@H](Cc1cc(F)cc(F)c1)[C@H](O)CNC1(c2cccc(C(C)(C)C)c2)CCC1,0.556,0.239,False
2,169,CC(=O)NC(Cc1cc(F)cc(F)c1)C(O)CNC1(c2cc(C(C)C)cs2)CCCCC1,CC(=O)NC(Cc1cc(F)cc(F)c1)C(O)CNC1(c2ccn(C(C)(C)C)n2)CCCCC1,0.575,0.718,False
2,171,CC(=O)NC(Cc1cc(F)cc(F)c1)C(O)CNC1(c2cc(C(C)C)cs2)CCCCC1,CC(=O)NC(Cc1cc(F)cc(F)c1)C(O)CNC1(c2cccc(-c3cscn3)c2)CCCCC1,0.571,-0.505,False
2,210,CC(=O)NC(Cc1cc(F)cc(F)c1)C(O)CNC1(c2cc(C(C)C)cs2)CCCCC1,CC(=O)NC(Cc1cc(F)cc(F)c1)C(O)CNC1(c2cccs2)CCCCC1,0.719,1.931,True
2,227,CC(=O)NC(Cc1cc(F)cc(F)c1)C(O)CNC1(c2cc(C(C)C)cs2)CCCCC1,CC(=O)NC(Cc1cc(F)cc(F)c1)C(O)CNC1(c2cccc(C(C)(C)C)c2)CC1,0.528,-0.4,False
2,228,CC(=O)NC(Cc1cc(F)cc(F)c1)C(O)CNC1(c2cc(C(C)C)cs2)CCCCC1,CC(=O)NC(Cc1cc(F)cc(F)c1)C(O)CNC1(c2cccc(C3CCOC3)c2)CCCCC1,0.532,-0.602,False
2,244,CC(=O)NC(Cc1cc(F)cc(F)c1)C(O)CNC1(c2cc(C(C)C)cs2)CCCCC1,CC(=O)NC(Cc1cc(F)cc(F)c1)C(O)CNC1(c2nc(C(C)(C)C)co2)CC1,0.514,2.086,True
2,249,CC(=O)NC(Cc1cc(F)cc(F)c1)C(O)CNC1(c2cc(C(C)C)cs2)CCCCC1,CC(=O)NC(Cc1cc(F)cc(F)c1)C(O)CNC1(c2cc(CC(C)(C)C)cs2)CCCCC1,0.766,-0.429,False
2,279,CC(=O)NC(Cc1cc(F)cc(F)c1)C(O)CNC1(c2cc(C(C)C)cs2)CCCCC1,C=C(C)c1cccc(C2(NCC(O)C(Cc3cc(F)cc(F)c3)NC(C)=O)CCCCC2)c1,0.592,-0.547,False
2,296,CC(=O)NC(Cc1cc(F)cc(F)c1)C(O)CNC1(c2cc(C(C)C)cs2)CCCCC1,CC(=O)N[C@@H](Cc1cc(F)cc(F)c1)[C@H](O)CNC1(c2cccc(C(C)(C)C(F)F)c2)CC1,0.507,-0.185,False
3,104,CC(C)c1cccc(CNCC(O)C2COC/C=C/C[C@H](c3ccccc3)NC(=O)c3cc(cc(N(C)S(C)(=O)=O)c3)C(=O)N2)c1,CC(C)c1cccc(CNCC(O)C2COCCCCCNC(=O)c3cc(cc(N(C)S(C)(=O)=O)c3)C(=O)N2)c1,0.698,0.699,False
3,152,CC(C)c1cccc(CNCC(O)C2COC/C=C/C[C@H](c3ccccc3)NC(=O)c3cc(cc(N(C)S(C)(=O)=O)c3)C(=O)N2)c1,Cc1cc2cc(c1)C(=O)NC(C(O)CNCc1cccc(C(C)C)c1)COC/C=C/CCNC2=O,0.616,2.194,True
3,248,CC(C)c1cccc(CNCC(O)C2COC/C=C/C[C@H](c3ccccc3)NC(=O)c3cc(cc(N(C)S(C)(=O)=O)c3)C(=O)N2)c1,Cc1cc2cc(c1)[C@@H](O)N[C@@H](c1ccccc1)C/C=C/COC[C@@H]([C@H](O)CNCc1cccc(C(C)C)c1)NC2=O,0.694,1.387,False
4,18,CC(=O)NC1CCC(NCC(O)C(Cc2cc(F)cc(F)c2)NC(C)=O)(c2cccc(C(C)(C)C)c2)CC1,CC(=O)NC(Cc1cc(F)cc(F)c1)C(O)CNC1(c2cccc(C(C)(C)C)c2)CCCN(C(N)=O)C1,0.693,-0.026,False
4,26,CC(=O)NC1CCC(NCC(O)C(Cc2cc(F)cc(F)c2)NC(C)=O)(c2cccc(C(C)(C)C)c2)CC1,CC(=O)NC(Cc1cc(F)cc(F)c1)C(O)CNC1(c2cccc(N(C)C)c2)CCCCC1,0.625,0.069,False
4,39,CC(=O)NC1CCC(NCC(O)C(Cc2cc(F)cc(F)c2)NC(C)=O)(c2cccc(C(C)(C)C)c2)CC1,CC(=O)NC(Cc1cc(F)cc(F)c1)C(O)CNC1(c2ccc(C(C)C)s2)CCCCC1,0.547,1.059,False
4,49,CC(=O)NC1CCC(NCC(O)C(Cc2cc(F)cc(F)c2)NC(C)=O)(c2cccc(C(C)(C)C)c2)CC1,CC(=O)NC(Cc1cc(F)cc(F)c1)C(O)CNC1(c2cccc(C3CCCCC3)c2)CCCCC1,0.653,1.456,False
4,87,CC(=O)NC1CCC(NCC(O)C(Cc2cc(F)cc(F)c2)NC(C)=O)(c2cccc(C(C)(C)C)c2)CC1,CC(=O)N[C@@H](Cc1cc(F)cc(F)c1)[C@H](O)CNC1(c2cccc(C(C)(C)CF)c2)CC1,0.746,-0.082,False
4,98,CC(=O)NC1CCC(NCC(O)C(Cc2cc(F)cc(F)c2)NC(C)=O)(c2cccc(C(C)(C)C)c2)CC1,CC(=O)NC(Cc1cc(F)cc(F)c1)C(O)CNC1(c2cccc(N3CCOCC3=O)c2)CCCCC1,0.542,0.57,False
4,110,CC(=O)NC1CCC(NCC(O)C(Cc2cc(F)cc(F)c2)NC(C)=O)(c2cccc(C(C)(C)C)c2)CC1,CCc1cccc(C2(NCC(O)C(Cc3cc(F)cc(F)c3)NC(C)=O)CCCCC2)c1,0.643,0.295,False
4,118,CC(=O)NC1CCC(NCC(O)C(Cc2cc(F)cc(F)c2)NC(C)=O)(c2cccc(C(C)(C)C)c2)CC1,CC(=O)NC(Cc1cc(F)cc(F)c1)C(O)CNC1(c2cccc(C3CCCC3)c2)CCCCC1,0.653,0.429,False
4,124,CC(=O)NC1CCC(NCC(O)C(Cc2cc(F)cc(F)c2)NC(C)=O)(c2cccc(C(C)(C)C)c2)CC1,CSC1CCC(NCC(O)C(Cc2cc(F)cc(F)c2)NC(C)=O)(c2cccc(C(C)(C)C)c2)CC1,0.836,-1.164,False
4,126,CC(=O)NC1CCC(NCC(O)C(Cc2cc(F)cc(F)c2)NC(C)=O)(c2cccc(C(C)(C)C)c2)CC1,CC(=O)NC(Cc1cc(F)cc(F)c1)C(O)CNC1(c2cc(C(C)(C)C)ccn2)CC1,0.634,0.262,False
4,131,CC(=O)NC1CCC(NCC(O)C(Cc2cc(F)cc(F)c2)NC(C)=O)(c2cccc(C(C)(C)C)c2)CC1,CC(=O)NC(Cc1cc(F)cc(F)c1)C(O)CNC1(c2cccc(C3CCCC3=O)c2)CCCCC1,0.61,0.359,False
4,139,CC(=O)NC1CCC(NCC(O)C(Cc2cc(F)cc(F)c2)NC(C)=O)(c2cccc(C(C)(C)C)c2)CC1,CC(=O)NC(Cc1cc(F)cc(F)c1)C(O)CNC1(c2cccc(C(C)(C)C)c2)CCc2nc(N)ncc2C1,0.642,-1.398,False
4,144,CC(=O)NC1CCC(NCC(O)C(Cc2cc(F)cc(F)c2)NC(C)=O)(c2cccc(C(C)(C)C)c2)CC1,CC(=O)NC(Cc1cc(F)cc(F)c1)C(O)CNC1(c2cccc(C(C)(C)C)c2)CCC(C(F)(F)F)CC1,0.848,-1.026,False
4,165,CC(=O)NC1CCC(NCC(O)C(Cc2cc(F)cc(F)c2)NC(C)=O)(c2cccc(C(C)(C)C)c2)CC1,CC(=O)N[C@@H](Cc1cc(F)cc(F)c1)[C@H](O)CNC1(c2cccc(C(C)(C)C)c2)CCC1,0.841,0.241,False
4,169,CC(=O)NC1CCC(NCC(O)C(Cc2cc(F)cc(F)c2)NC(C)=O)(c2cccc(C(C)(C)C)c2)CC1,CC(=O)NC(Cc1cc(F)cc(F)c1)C(O)CNC1(c2ccn(C(C)(C)C)n2)CCCCC1,0.526,0.721,False
4,171,CC(=O)NC1CCC(NCC(O)C(Cc2cc(F)cc(F)c2)NC(C)=O)(c2cccc(C(C)(C)C)c2)CC1,CC(=O)NC(Cc1cc(F)cc(F)c1)C(O)CNC1(c2cccc(-c3cscn3)c2)CCCCC1,0.562,-0.503,False
4,173,CC(=O)NC1CCC(NCC(O)C(Cc2cc(F)cc(F)c2)NC(C)=O)(c2cccc(C(C)(C)C)c2)CC1,CC(=O)N[C@@H](Cc1cc(F)cc(F)c1)[C@H](O)CN[C@]1(c2cccc(C(C)(C)C(F)F)c2)C[C@H]1C,0.622,0.686,False
4,210,CC(=O)NC1CCC(NCC(O)C(Cc2cc(F)cc(F)c2)NC(C)=O)(c2cccc(C(C)(C)C)c2)CC1,CC(=O)NC(Cc1cc(F)cc(F)c1)C(O)CNC1(c2cccs2)CCCCC1,0.562,1.933,True
4,227,CC(=O)NC1CCC(NCC(O)C(Cc2cc(F)cc(F)c2)NC(C)=O)(c2cccc(C(C)(C)C)c2)CC1,CC(=O)NC(Cc1cc(F)cc(F)c1)C(O)CNC1(c2cccc(C(C)(C)C)c2)CC1,0.869,-0.398,False
4,228,CC(=O)NC1CCC(NCC(O)C(Cc2cc(F)cc(F)c2)NC(C)=O)(c2cccc(C(C)(C)C)c2)CC1,CC(=O)NC(Cc1cc(F)cc(F)c1)C(O)CNC1(c2cccc(C3CCOC3)c2)CCCCC1,0.603,-0.6,False
4,236,CC(=O)NC1CCC(NCC(O)C(Cc2cc(F)cc(F)c2)NC(C)=O)(c2cccc(C(C)(C)C)c2)CC1,COC1CCC(NCC(O)C(Cc2cc(F)cc(F)c2)NC(C)=O)(c2cccc(C(C)(C)C)c2)CC1,0.836,-0.398,False
4,244,CC(=O)NC1CCC(NCC(O)C(Cc2cc(F)cc(F)c2)NC(C)=O)(c2cccc(C(C)(C)C)c2)CC1,CC(=O)NC(Cc1cc(F)cc(F)c1)C(O)CNC1(c2nc(C(C)(C)C)co2)CC1,0.547,2.088,True
4,249,CC(=O)NC1CCC(NCC(O)C(Cc2cc(F)cc(F)c2)NC(C)=O)(c2cccc(C(C)(C)C)c2)CC1,CC(=O)NC(Cc1cc(F)cc(F)c1)C(O)CNC1(c2cc(CC(C)(C)C)cs2)CCCCC1,0.539,-0.427,False
4,277,CC(=O)NC1CCC(NCC(O)C(Cc2cc(F)cc(F)c2)NC(C)=O)(c2cccc(C(C)(C)C)c2)CC1,CC(=O)N[C@@H](Cc1cc(F)cc(F)c1)[C@H](O)CNC(C)(C)c1cccc(C(C)(C)C)c1,0.612,-0.243,False
4,279,CC(=O)NC1CCC(NCC(O)C(Cc2cc(F)cc(F)c2)NC(C)=O)(c2cccc(C(C)(C)C)c2)CC1,C=C(C)c1cccc(C2(NCC(O)C(Cc3cc(F)cc(F)c3)NC(C)=O)CCCCC2)c1,0.625,-0.544,False
4,292,CC(=O)NC1CCC(NCC(O)C(Cc2cc(F)cc(F)c2)NC(C)=O)(c2cccc(C(C)(C)C)c2)CC1,COC(=O)NC1CCC(NCC(O)C(Cc2cc(F)cc(F)c2)NC(C)=O)(c2cccc(C(C)(C)C)c2)CC1,0.894,-0.164,False
4,296,CC(=O)NC1CCC(NCC(O)C(Cc2cc(F)cc(F)c2)NC(C)=O)(c2cccc(C(C)(C)C)c2)CC1,CC(=O)N[C@@H](Cc1cc(F)cc(F)c1)[C@H](O)CNC1(c2cccc(C(C)(C)C(F)F)c2)CC1,0.746,-0.182,False
5,61,CN1C(=O)CC(C)(C2CC2c2cccc(-c3cccs3)c2)N=C1N,CN1C(=O)CC(C)(C2CC2c2cccc(-c3cccnc3)c2)N=C1N,0.7,0.287,False
5,84,CN1C(=O)CC(C)(C2CC2c2cccc(-c3cccs3)c2)N=C1N,CN1C(=O)CC(C)(C2CC2c2cccc(-c3ccccc3)c2)N=C1N,0.75,0.183,False
5,156,CN1C(=O)CC(C)(C2CC2c2cccc(-c3cccs3)c2)N=C1N,CN1C(=O)CC(C)(C2CC2c2cccc(/C=C/c3ccccc3)c2)N=C1N,0.629,-0.323,False
6,27,CCOc1cc(C(=O)NC(Cc2ccccc2)C(O)CNCc2cccc(C(F)(F)F)c2)cc(N(c2ccccc2)S(C)(=O)=O)c1,Cc1ccc(N(c2ccccc2)S(C)(=O)=O)cc1C(=O)NC(Cc1ccccc1)C(O)CNCc1cccc(C(F)(F)F)c1,0.688,3.063,True
6,263,CCOc1cc(C(=O)NC(Cc2ccccc2)C(O)CNCc2cccc(C(F)(F)F)c2)cc(N(c2ccccc2)S(C)(=O)=O)c1,CS(=O)(=O)N(c1ccncc1)c1cccc(C(=O)NC(Cc2ccccc2)C(O)CNCc2cccc(C(F)(F)F)c2)c1,0.734,1.845,True
7,47,CCn1cc2c3c(cc(C(=O)NC(Cc4ccccc4)[C@H](O)CNCCC(F)(F)F)cc31)N(C)S(=O)(=O)CC2,CCn1cc2c3c(cc(C(=O)NC(Cc4ccccc4)C(O)(O)CNC4CCOCC4)cc31)N(C)S(=O)(=O)CC2,0.587,0.637,False
7,81,CCn1cc2c3c(cc(C(=O)NC(Cc4ccccc4)[C@H](O)CNCCC(F)(F)F)cc31)N(C)S(=O)(=O)CC2,CCc1cn2c3c(cc(C(=O)NC(Cc4ccccc4)[C@H](O)CNCCF)cc13)N(C)S(=O)(=O)CC2,0.549,1.222,False
7,116,CCn1cc2c3c(cc(C(=O)NC(Cc4ccccc4)[C@H](O)CNCCC(F)(F)F)cc31)N(C)S(=O)(=O)CC2,CCn1cc2c3c(cc(C(=O)NC(Cc4ccccc4)[C@H](O)CNCC(F)F)cc31)N(C)S(=O)(=O)CC2,0.831,0.824,False
8,121,CC(NC(=O)c1cc(COCC(C)(N)Cc2ccccc2)cc(N(C)S(C)(=O)=O)c1)c1ccc(F)cc1,CC(NC(=O)c1cc(COCC(N)(CF)Cc2ccccc2)cc(N(C)S(C)(=O)=O)c1)c1ccc(F)cc1,0.831,0.462,False
8,168,CC(NC(=O)c1cc(COCC(C)(N)Cc2ccccc2)cc(N(C)S(C)(=O)=O)c1)c1ccc(F)cc1,CC(NC(=O)c1cc(-c2nc(C(C)(N)Cc3ccccc3)no2)cc(N(C)S(C)(=O)=O)c1)c1ccc(F)cc1,0.614,0.726,False
8,181,CC(NC(=O)c1cc(COCC(C)(N)Cc2ccccc2)cc(N(C)S(C)(=O)=O)c1)c1ccc(F)cc1,CC(NC(=O)c1cc(-c2noc(C(C)(N)Cc3ccccc3)n2)cc(N(C)S(C)(=O)=O)c1)c1ccc(F)cc1,0.63,0.777,False
8,220,CC(NC(=O)c1cc(COCC(C)(N)Cc2ccccc2)cc(N(C)S(C)(=O)=O)c1)c1ccc(F)cc1,C[C@@H](NC(=O)c1cc(C(=O)OC[C@@](N)(CO)Cc2ccccc2)cc(N(C)S(C)(=O)=O)c1)c1ccc(F)cc1,0.675,-0.236,False
8,221,CC(NC(=O)c1cc(COCC(C)(N)Cc2ccccc2)cc(N(C)S(C)(=O)=O)c1)c1ccc(F)cc1,CC(NC(=O)c1cc(SCCC(N)(CO)Cc2ccccc2)cc(N(C)S(C)(=O)=O)c1)c1ccc(F)cc1,0.617,2.463,True
8,245,CC(NC(=O)c1cc(COCC(C)(N)Cc2ccccc2)cc(N(C)S(C)(=O)=O)c1)c1ccc(F)cc1,CC(NC(=O)c1cc(NCCC(N)(CO)Cc2ccccc2)cc(N(C)S(C)(=O)=O)c1)c1ccc(F)cc1,0.654,2.463,True
8,252,CC(NC(=O)c1cc(COCC(C)(N)Cc2ccccc2)cc(N(C)S(C)(=O)=O)c1)c1ccc(F)cc1,COC(COCc1ccccc1)CC(O)C(COc1cc(F)cc(F)c1)NC(=O)c1cc(C(=O)NC(C)c2ccccc2)cc(N(C)S(C)(=O)=O)c1,0.522,-0.156,False
8,258,CC(NC(=O)c1cc(COCC(C)(N)Cc2ccccc2)cc(N(C)S(C)(=O)=O)c1)c1ccc(F)cc1,C[C@@H](NC(=O)c1cc(C(=O)N[C@@H](Cc2ccccc2)[C@H](O)C2NC(C)(C)N(C)C2=O)cc(N(C)S(C)(=O)=O)c1)c1ccc(F)cc1,0.511,-0.685,False
9,111,CC(=O)Nc1ccc(CN2CCC3(CC2C)CN(C)S(=O)(=O)N3c2cccc(F)c2)cc1,CC1CC2(CCN1Cc1ccc(O)c(Cl)c1)CN(C)S(=O)(=O)N2c1cccc(F)c1,0.743,-0.602,False
9,201,CC(=O)Nc1ccc(CN2CCC3(CC2C)CN(C)S(=O)(=O)N3c2cccc(F)c2)cc1,CC(C)Oc1cc(CN2CC[C@@]3(C[C@@H]2C)CN(C)S(=O)(=O)N3c2cccc(F)c2)ccc1O,0.671,-1.806,True
9,264,CC(=O)Nc1ccc(CN2CCC3(CC2C)CN(C)S(=O)(=O)N3c2cccc(F)c2)cc1,CC(C)Oc1cccc(CN2CC[C@@]3(C[C@@H]2C)CN(C)S(=O)(=O)N3c2cccc(F)c2)c1,0.676,-0.426,False
10,34,CCCOC1CNC(C(O)C(Cc2cc(F)cc(F)c2)NC(=O)C(CCc2ccccc2)N2CCC(NC(C)=O)(C(C)CC)C2=O)C1,CCC(C)C1(NC(C)=O)CCN(C(CCc2ccccc2)C(=O)NC(Cc2cc(F)cc(F)c2)C(O)C2CC(Oc3cccnc3)CN2)C1=O,0.788,0.356,False
10,44,CCCOC1CNC(C(O)C(Cc2cc(F)cc(F)c2)NC(=O)C(CCc2ccccc2)N2CCC(NC(C)=O)(C(C)CC)C2=O)C1,CCC(C)C1(NC(C)=O)CCN(C(CCc2ccccc2)C(=O)NC(Cc2cc(F)cc(F)c2)C(O)C2CC(OCc3cccnc3)CN2)C1=O,0.825,-0.269,False
10,94,CCCOC1CNC(C(O)C(Cc2cc(F)cc(F)c2)NC(=O)C(CCc2ccccc2)N2CCC(NC(C)=O)(C(C)CC)C2=O)C1,CCCCC1CCN(C(CCc2ccccc2)C(=O)NC(Cc2cc(F)cc(F)c2)C(O)C2CC(OCCC)CN2)C1=O,0.68,0.864,False
10,130,CCCOC1CNC(C(O)C(Cc2cc(F)cc(F)c2)NC(=O)C(CCc2ccccc2)N2CCC(NC(C)=O)(C(C)CC)C2=O)C1,CCCCC1CCN(C(CCc2ccccc2)C(=O)NC(Cc2cc(F)cc(F)c2)C(O)C2CC(O)CN2)C1=O,0.549,0.983,False
11,38,CN1C(=O)[C@@](c2ccc(OC(F)F)cc2)(c2cccc(C#CC3CCCCC3)c2)N=C1N,CN1C(=O)[C@@](c2ccc(OC(F)F)cc2)(c2cccc(/C=C/CCF)c2)N=C1N,0.554,-0.916,False
11,43,CN1C(=O)[C@@](c2ccc(OC(F)F)cc2)(c2cccc(C#CC3CCCCC3)c2)N=C1N,CCC#Cc1cccc([C@@]2(c3ccc(OC(F)F)cc3)N=C(N)N(C)C2=O)c1,0.712,-0.916,False
11,137,CN1C(=O)[C@@](c2ccc(OC(F)F)cc2)(c2cccc(C#CC3CCCCC3)c2)N=C1N,CN1C(=O)[C@@](c2ccc(OC(F)F)cc2)(c2cccc(C#CC3CC3)c2)N=C1N,0.917,-1.217,False
11,163,CN1C(=O)[C@@](c2ccc(OC(F)F)cc2)(c2cccc(C#CC3CCCCC3)c2)N=C1N,CN1C(=O)[C@@](c2ccc(OC(F)F)cc2)(c2cccc(C#CCCF)c2)N=C1N,0.691,-1.519,True
11,164,CN1C(=O)[C@@](c2ccc(OC(F)F)cc2)(c2cccc(C#CC3CCCCC3)c2)N=C1N,CCCCc1cccc([C@@]2(c3ccc(OC(F)F)cc3)N=C(N)N(C)C2=O)c1,0.577,-1.041,False
11,182,CN1C(=O)[C@@](c2ccc(OC(F)F)cc2)(c2cccc(C#CC3CCCCC3)c2)N=C1N,CN1C(=O)[C@@](c2ccc(OC(F)F)cc2)(c2cccc(OCCC(F)F)c2)N=C1N,0.577,-1.519,True
11,190,CN1C(=O)[C@@](c2ccc(OC(F)F)cc2)(c2cccc(C#CC3CCCCC3)c2)N=C1N,CCCc1cccc([C@@]2(c3ccc(OC(F)F)cc3)N=C(N)N(C)C2=O)c1,0.594,-0.564,False
11,196,CN1C(=O)[C@@](c2ccc(OC(F)F)cc2)(c2cccc(C#CC3CCCCC3)c2)N=C1N,CN1C(=O)[C@@](c2ccc(OC(F)F)cc2)(c2cccc(C(=O)CCCF)c2)N=C1N,0.554,-0.615,False
11,199,CN1C(=O)[C@@](c2ccc(OC(F)F)cc2)(c2cccc(C#CC3CCCCC3)c2)N=C1N,CN1C(=O)[C@@](c2ccc(OC(F)F)cc2)(c2cccc([C@H](F)CCCF)c2)N=C1N,0.562,-0.615,False
11,273,CN1C(=O)[C@@](c2ccc(OC(F)F)cc2)(c2cccc(C#CC3CCCCC3)c2)N=C1N,CN1C(=O)[C@@](c2ccc(OC(F)F)cc2)(c2ccc(F)c(OCCF)c2)N=C1N,0.521,-0.439,False
11,278,CN1C(=O)[C@@](c2ccc(OC(F)F)cc2)(c2cccc(C#CC3CCCCC3)c2)N=C1N,CN1C(=O)[C@@](c2ccc(OC(F)F)cc2)(c2cccc(OCCC(F)(F)F)c2)N=C1N,0.562,-0.217,False
12,28,CC1(c2cc(NC(=O)c3ncc(Cl)cc3Cl)ccc2F)COCC(=N)N1,CC1(c2cc(NC(=O)c3ncc(Cl)cc3Cl)ccc2F)CCOC(=N)N1,0.708,-0.062,False
12,102,CC1(c2cc(NC(=O)c3ncc(Cl)cc3Cl)ccc2F)COCC(=N)N1,N=C1COCC2CC2(c2cc(NC(=O)c3ccc(Cl)cn3)ccc2F)N1,0.549,-0.222,False
12,112,CC1(c2cc(NC(=O)c3ncc(Cl)cc3Cl)ccc2F)COCC(=N)N1,CC1(c2cc(NC(=O)c3ccc(Cl)cn3)ccc2F)CCCOC(=N)N1,0.549,-0.507,False
12,223,CC1(c2cc(NC(=O)c3ncc(Cl)cc3Cl)ccc2F)COCC(=N)N1,C[C@@]1(c2cc(NC(=O)c3ccc(Cl)cn3)ccc2F)C[C@@H]2C[C@@H]2C(=N)N1,0.528,0.329,False
13,42,CC(C)CNC(=O)C(C)C[C@H](O)[C@H](CC(C)C)NC(=O)C(Cc1ccccc1)NC(=O)c1ccccc1,CC(C)CNC(=O)C(C)C[C@H](O)[C@H](CC(C)C)NC(=O)C(Cc1ccc([N+](=O)[O-])cc1)NC(=O)c1ccc(Cl)cc1Cl,0.569,-0.213,False
13,46,CC(C)CNC(=O)C(C)C[C@H](O)[C@H](CC(C)C)NC(=O)C(Cc1ccccc1)NC(=O)c1ccccc1,CC(C)CNC(=O)C(C)C[C@H](O)[C@H](CC(C)C)NC(=O)C(Cc1ccccc1)NC(=O)c1ccc2c(c1)OCO2,0.746,0.066,False
14,41,CC(=O)NC(Cc1ccc(F)c(C#N)c1)C(O)CNC1CC2(CCC2)Oc2ncc(CC(C)(C)C)cc21,CC(=O)NC(Cc1ccccc1)C(O)CNC1CC2(CCC2)Oc2ncc(CC(C)C)cc21,0.635,0.319,False
14,71,CC(=O)NC(Cc1ccc(F)c(C#N)c1)C(O)CNC1CC2(CCC2)Oc2ncc(CC(C)(C)C)cc21,CC(=O)NC(Cc1cccc(F)c1)C(O)CNC1CC2(CCC2)Oc2ncc(CC(C)(C)C)cc21,0.768,-0.38,False
14,146,CC(=O)NC(Cc1ccc(F)c(C#N)c1)C(O)CNC1CC2(CCC2)Oc2ncc(CC(C)(C)C)cc21,COCC(=O)NC(Cc1cccc(-c2ncco2)c1)C(O)CNC1CC2(CCC2)Oc2ncc(CC(C)(C)C)cc21,0.57,0.602,False
14,147,CC(=O)NC(Cc1ccc(F)c(C#N)c1)C(O)CNC1CC2(CCC2)Oc2ncc(CC(C)(C)C)cc21,COCC(=O)NC(Cc1cc(-c2nccs2)ccc1F)C(O)CNC1CC2(CCC2)Oc2ncc(CC(C)(C)C)cc21,0.584,0.598,False
14,148,CC(=O)NC(Cc1ccc(F)c(C#N)c1)C(O)CNC1CC2(CCC2)Oc2ncc(CC(C)(C)C)cc21,COCC(=O)NC(Cc1cccc(-c2ccccn2)c1)C(O)CNC1CC2(CCC2)Oc2ncc(CC(C)(C)C)cc21,0.576,0.588,False
14,154,CC(=O)NC(Cc1ccc(F)c(C#N)c1)C(O)CNC1CC2(CCC2)Oc2ncc(CC(C)(C)C)cc21,CC(=O)NC(Cc1ccc(Cl)cc1)C(O)CNC1CC2(CCC2)Oc2ncc(CC(C)(C)C)cc21,0.775,0.539,False
14,217,CC(=O)NC(Cc1ccc(F)c(C#N)c1)C(O)CNC1CC2(CCC2)Oc2ncc(CC(C)(C)C)cc21,CCc1cnc2c(c1)C(NCC(O)C(Cc1ccccc1)NC(C)=O)CC1(CCC1)O2,0.643,1.579,True
14,287,CC(=O)NC(Cc1ccc(F)c(C#N)c1)C(O)CNC1CC2(CCC2)Oc2ncc(CC(C)(C)C)cc21,CC(=O)N[C@@H](Cc1ccc(F)cc1)[C@H](O)CN[C@H]1CC2(CCC2)Oc2ncc(CC(C)(C)C)cc21,0.797,0.319,False
16,72,COc1ccc(Cc2cccc([C@@]3(c4ccccc4)N=C(N)N4CCCN=C43)c2)cc1,NC1=NC(c2ccccc2)(c2cccc(Cc3ccc(F)cc3)c2)C2=NCCCN12,0.772,0.063,False
16,73,COc1ccc(Cc2cccc([C@@]3(c4ccccc4)N=C(N)N4CCCN=C43)c2)cc1,COc1ccc(C2(c3cccc(-c4cc(Cl)cc(Cl)c4)c3)N=C(N)N3CCCN=C32)cc1,0.641,-2.501,True
16,276,COc1ccc(Cc2cccc([C@@]3(c4ccccc4)N=C(N)N4CCCN=C43)c2)cc1,COc1ccc(C2(c3cccc(-c4cccnc4F)c3)N=C(N)N3CCCN=C32)cc1,0.603,-2.006,True
16,299,COc1ccc(Cc2cccc([C@@]3(c4ccccc4)N=C(N)N4CCCN=C43)c2)cc1,COc1cccc([C@@]2(c3ccccc3)N=C(N)N3CCCN=C32)c1,0.745,0.456,False
17,19,CC(C)(CO)c1cccc(CNC2CS(=O)(=O)CC(Cc3cc(F)c(N)c(OC(C(F)(F)F)C(F)(F)F)c3)C2O)c1,CC(C)(C)c1cccc(CNC2CS(=O)(=O)CC(Cc3cc(F)c(N)c(OC(C(F)(F)F)C(F)(F)F)c3)C2O)c1,0.875,0.0,False
17,105,CC(C)(CO)c1cccc(CNC2CS(=O)(=O)CC(Cc3cc(F)c(N)c(OC(C(F)(F)F)C(F)(F)F)c3)C2O)c1,CC(C)(C)c1cccc(CNC2CS(=O)(=O)CC(Cc3cc(F)c(N)c(-c4cc[nH]n4)c3)C2O)c1,0.593,1.146,False
17,128,CC(C)(CO)c1cccc(CNC2CS(=O)(=O)CC(Cc3cc(F)c(N)c(OC(C(F)(F)F)C(F)(F)F)c3)C2O)c1,CCOc1cc(CC2CS(=O)(=O)CC(NCc3cccc(C(C)(C)C)c3)C2O)cc(F)c1N,0.692,1.079,False
17,143,CC(C)(CO)c1cccc(CNC2CS(=O)(=O)CC(Cc3cc(F)c(N)c(OC(C(F)(F)F)C(F)(F)F)c3)C2O)c1,CCOC[C@H](Oc1cc(CC2CS(=O)(=O)CC(NCc3cccc(C(C)(C)C)c3)C2O)cc(F)c1N)C(F)(F)F,0.711,1.204,False
17,195,CC(C)(CO)c1cccc(CNC2CS(=O)(=O)CC(Cc3cc(F)c(N)c(OC(C(F)(F)F)C(F)(F)F)c3)C2O)c1,CC(C)(C)c1cccc(CN[C@H]2CS(=O)(=O)C[C@@H](Cc3cc(F)c4c(c3)C3(CCC(F)(F)CC3)CN4)[C@@H]2O)c1,0.5,1.845,True
17,246,CC(C)(CO)c1cccc(CNC2CS(=O)(=O)CC(Cc3cc(F)c(N)c(OC(C(F)(F)F)C(F)(F)F)c3)C2O)c1,CCCc1cc(CC2CS(=O)(=O)CC(NCc3cccc(C(C)(C)C)c3)C2O)cc(F)c1N,0.617,1.813,True
17,270,CC(C)(CO)c1cccc(CNC2CS(=O)(=O)CC(Cc3cc(F)c(N)c(OC(C(F)(F)F)C(F)(F)F)c3)C2O)c1,CN(C)CC(=O)Nc1ccc(CC2CS(=O)(=O)CC(NCc3cccc(C(C)(C)C)c3)C2O)cc1F,0.523,1.484,False
17,272,CC(C)(CO)c1cccc(CNC2CS(=O)(=O)CC(Cc3cc(F)c(N)c(OC(C(F)(F)F)C(F)(F)F)c3)C2O)c1,COCC(Oc1cc(CC2CS(=O)CC(NCc3cccc(OC(F)(F)F)c3)C2O)cc(F)c1N)C(F)(F)F,0.5,2.025,True
17,286,CC(C)(CO)c1cccc(CNC2CS(=O)(=O)CC(Cc3cc(F)c(N)c(OC(C(F)(F)F)C(F)(F)F)c3)C2O)c1,COC[C@@H](Oc1cc(C[C@@H]2CS(=O)C[C@H](NCc3cccc(C(C)(C)C)c3)[C@H]2O)cc(F)c1N)C(F)(F)F,0.556,0.301,False
17,300,CC(C)(CO)c1cccc(CNC2CS(=O)(=O)CC(Cc3cc(F)c(N)c(OC(C(F)(F)F)C(F)(F)F)c3)C2O)c1,CC(C)(C)c1cccc(CN[C@H]2CS(=O)C[C@@H](Cc3cc(F)c(N)c(OC(C(F)(F)F)C(F)(F)F)c3)[C@@H]2O)c1,0.667,0.0,False
18,26,CC(=O)NC(Cc1cc(F)cc(F)c1)C(O)CNC1(c2cccc(C(C)(C)C)c2)CCCN(C(N)=O)C1,CC(=O)NC(Cc1cc(F)cc(F)c1)C(O)CNC1(c2cccc(N(C)C)c2)CCCCC1,0.59,0.094,False
18,39,CC(=O)NC(Cc1cc(F)cc(F)c1)C(O)CNC1(c2cccc(C(C)(C)C)c2)CCCN(C(N)=O)C1,CC(=O)NC(Cc1cc(F)cc(F)c1)C(O)CNC1(c2ccc(C(C)C)s2)CCCCC1,0.519,1.085,False
18,49,CC(=O)NC(Cc1cc(F)cc(F)c1)C(O)CNC1(c2cccc(C(C)(C)C)c2)CCCN(C(N)=O)C1,CC(=O)NC(Cc1cc(F)cc(F)c1)C(O)CNC1(c2cccc(C3CCCCC3)c2)CCCCC1,0.575,1.481,False
18,87,CC(=O)NC(Cc1cc(F)cc(F)c1)C(O)CNC1(c2cccc(C(C)(C)C)c2)CCCN(C(N)=O)C1,CC(=O)N[C@@H](Cc1cc(F)cc(F)c1)[C@H](O)CNC1(c2cccc(C(C)(C)CF)c2)CC1,0.653,-0.056,False
18,98,CC(=O)NC(Cc1cc(F)cc(F)c1)C(O)CNC1(c2cccc(C(C)(C)C)c2)CCCN(C(N)=O)C1,CC(=O)NC(Cc1cc(F)cc(F)c1)C(O)CNC1(c2cccc(N3CCOCC3=O)c2)CCCCC1,0.552,0.595,False
18,110,CC(=O)NC(Cc1cc(F)cc(F)c1)C(O)CNC1(c2cccc(C(C)(C)C)c2)CCCN(C(N)=O)C1,CCc1cccc(C2(NCC(O)C(Cc3cc(F)cc(F)c3)NC(C)=O)CCCCC2)c1,0.605,0.32,False
18,118,CC(=O)NC(Cc1cc(F)cc(F)c1)C(O)CNC1(c2cccc(C(C)(C)C)c2)CCCN(C(N)=O)C1,CC(=O)NC(Cc1cc(F)cc(F)c1)C(O)CNC1(c2cccc(C3CCCC3)c2)CCCCC1,0.575,0.455,False
18,124,CC(=O)NC(Cc1cc(F)cc(F)c1)C(O)CNC1(c2cccc(C(C)(C)C)c2)CCCN(C(N)=O)C1,CSC1CCC(NCC(O)C(Cc2cc(F)cc(F)c2)NC(C)=O)(c2cccc(C(C)(C)C)c2)CC1,0.667,-1.138,False
18,126,CC(=O)NC(Cc1cc(F)cc(F)c1)C(O)CNC1(c2cccc(C(C)(C)C)c2)CCCN(C(N)=O)C1,CC(=O)NC(Cc1cc(F)cc(F)c1)C(O)CNC1(c2cc(C(C)(C)C)ccn2)CC1,0.577,0.288,False
18,131,CC(=O)NC(Cc1cc(F)cc(F)c1)C(O)CNC1(c2cccc(C(C)(C)C)c2)CCCN(C(N)=O)C1,CC(=O)NC(Cc1cc(F)cc(F)c1)C(O)CNC1(c2cccc(C3CCCC3=O)c2)CCCCC1,0.541,0.385,False
18,139,CC(=O)NC(Cc1cc(F)cc(F)c1)C(O)CNC1(c2cccc(C(C)(C)C)c2)CCCN(C(N)=O)C1,CC(=O)NC(Cc1cc(F)cc(F)c1)C(O)CNC1(c2cccc(C(C)(C)C)c2)CCc2nc(N)ncc2C1,0.609,-1.372,False
18,144,CC(=O)NC(Cc1cc(F)cc(F)c1)C(O)CNC1(c2cccc(C(C)(C)C)c2)CCCN(C(N)=O)C1,CC(=O)NC(Cc1cc(F)cc(F)c1)C(O)CNC1(c2cccc(C(C)(C)C)c2)CCC(C(F)(F)F)CC1,0.675,-1.0,False
18,165,CC(=O)NC(Cc1cc(F)cc(F)c1)C(O)CNC1(c2cccc(C(C)(C)C)c2)CCCN(C(N)=O)C1,CC(=O)N[C@@H](Cc1cc(F)cc(F)c1)[C@H](O)CNC1(c2cccc(C(C)(C)C)c2)CCC1,0.783,0.267,False
18,169,CC(=O)NC(Cc1cc(F)cc(F)c1)C(O)CNC1(c2cccc(C(C)(C)C)c2)CCCN(C(N)=O)C1,CC(=O)NC(Cc1cc(F)cc(F)c1)C(O)CNC1(c2ccn(C(C)(C)C)n2)CCCCC1,0.537,0.746,False
18,171,CC(=O)NC(Cc1cc(F)cc(F)c1)C(O)CNC1(c2cccc(C(C)(C)C)c2)CCCN(C(N)=O)C1,CC(=O)NC(Cc1cc(F)cc(F)c1)C(O)CNC1(c2cccc(-c3cscn3)c2)CCCCC1,0.535,-0.477,False
18,173,CC(=O)NC(Cc1cc(F)cc(F)c1)C(O)CNC1(c2cccc(C(C)(C)C)c2)CCCN(C(N)=O)C1,CC(=O)N[C@@H](Cc1cc(F)cc(F)c1)[C@H](O)CN[C@]1(c2cccc(C(C)(C)C(F)F)c2)C[C@H]1C,0.549,0.712,False
18,210,CC(=O)NC(Cc1cc(F)cc(F)c1)C(O)CNC1(c2cccc(C(C)(C)C)c2)CCCN(C(N)=O)C1,CC(=O)NC(Cc1cc(F)cc(F)c1)C(O)CNC1(c2cccs2)CCCCC1,0.532,1.959,True
18,227,CC(=O)NC(Cc1cc(F)cc(F)c1)C(O)CNC1(c2cccc(C(C)(C)C)c2)CCCN(C(N)=O)C1,CC(=O)NC(Cc1cc(F)cc(F)c1)C(O)CNC1(c2cccc(C(C)(C)C)c2)CC1,0.754,-0.372,False
18,228,CC(=O)NC(Cc1cc(F)cc(F)c1)C(O)CNC1(c2cccc(C(C)(C)C)c2)CCCN(C(N)=O)C1,CC(=O)NC(Cc1cc(F)cc(F)c1)C(O)CNC1(c2cccc(C3CCOC3)c2)CCCCC1,0.535,-0.574,False
18,236,CC(=O)NC(Cc1cc(F)cc(F)c1)C(O)CNC1(c2cccc(C(C)(C)C)c2)CCCN(C(N)=O)C1,COC1CCC(NCC(O)C(Cc2cc(F)cc(F)c2)NC(C)=O)(c2cccc(C(C)(C)C)c2)CC1,0.667,-0.372,False
18,244,CC(=O)NC(Cc1cc(F)cc(F)c1)C(O)CNC1(c2cccc(C(C)(C)C)c2)CCCN(C(N)=O)C1,CC(=O)NC(Cc1cc(F)cc(F)c1)C(O)CNC1(c2nc(C(C)(C)C)co2)CC1,0.5,2.114,True
18,249,CC(=O)NC(Cc1cc(F)cc(F)c1)C(O)CNC1(c2cccc(C(C)(C)C)c2)CCCN(C(N)=O)C1,CC(=O)NC(Cc1cc(F)cc(F)c1)C(O)CNC1(c2cc(CC(C)(C)C)cs2)CCCCC1,0.512,-0.401,False
18,277,CC(=O)NC(Cc1cc(F)cc(F)c1)C(O)CNC1(c2cccc(C(C)(C)C)c2)CCCN(C(N)=O)C1,CC(=O)N[C@@H](Cc1cc(F)cc(F)c1)[C@H](O)CNC(C)(C)c1cccc(C(C)(C)C)c1,0.554,-0.217,False
18,279,CC(=O)NC(Cc1cc(F)cc(F)c1)C(O)CNC1(c2cccc(C(C)(C)C)c2)CCCN(C(N)=O)C1,C=C(C)c1cccc(C2(NCC(O)C(Cc3cc(F)cc(F)c3)NC(C)=O)CCCCC2)c1,0.59,-0.519,False
18,292,CC(=O)NC(Cc1cc(F)cc(F)c1)C(O)CNC1(c2cccc(C(C)(C)C)c2)CCCN(C(N)=O)C1,COC(=O)NC1CCC(NCC(O)C(Cc2cc(F)cc(F)c2)NC(C)=O)(c2cccc(C(C)(C)C)c2)CC1,0.65,-0.138,False
18,296,CC(=O)NC(Cc1cc(F)cc(F)c1)C(O)CNC1(c2cccc(C(C)(C)C)c2)CCCN(C(N)=O)C1,CC(=O)N[C@@H](Cc1cc(F)cc(F)c1)[C@H](O)CNC1(c2cccc(C(C)(C)C(F)F)c2)CC1,0.653,-0.157,False
19,105,CC(C)(C)c1cccc(CNC2CS(=O)(=O)CC(Cc3cc(F)c(N)c(OC(C(F)(F)F)C(F)(F)F)c3)C2O)c1,CC(C)(C)c1cccc(CNC2CS(=O)(=O)CC(Cc3cc(F)c(N)c(-c4cc[nH]n4)c3)C2O)c1,0.675,1.146,False
19,107,CC(C)(C)c1cccc(CNC2CS(=O)(=O)CC(Cc3cc(F)c(N)c(OC(C(F)(F)F)C(F)(F)F)c3)C2O)c1,CC(C)(C)c1cccc(CNC2CS(=O)(=O)CC(Cc3ccc4[nH]ncc4c3)C2O)c1,0.537,2.86,True
19,128,CC(C)(C)c1cccc(CNC2CS(=O)(=O)CC(Cc3cc(F)c(N)c(OC(C(F)(F)F)C(F)(F)F)c3)C2O)c1,CCOc1cc(CC2CS(=O)(=O)CC(NCc3cccc(C(C)(C)C)c3)C2O)cc(F)c1N,0.792,1.079,False
19,143,CC(C)(C)c1cccc(CNC2CS(=O)(=O)CC(Cc3cc(F)c(N)c(OC(C(F)(F)F)C(F)(F)F)c3)C2O)c1,CCOC[C@H](Oc1cc(CC2CS(=O)(=O)CC(NCc3cccc(C(C)(C)C)c3)C2O)cc(F)c1N)C(F)(F)F,0.805,1.204,False
19,151,CC(C)(C)c1cccc(CNC2CS(=O)(=O)CC(Cc3cc(F)c(N)c(OC(C(F)(F)F)C(F)(F)F)c3)C2O)c1,CC(C)(C)c1cccc(CNC2CS(=O)(=O)CC(Cc3ccc4[nH]ccc4c3)C2O)c1,0.55,3.138,True
19,162,CC(C)(C)c1cccc(CNC2CS(=O)(=O)CC(Cc3cc(F)c(N)c(OC(C(F)(F)F)C(F)(F)F)c3)C2O)c1,CC(C)(C)c1cccc(CNC2CS(=O)CC(Cc3cc(O)c(N)c(F)c3)C2O)c1,0.55,2.423,True
19,195,CC(C)(C)c1cccc(CNC2CS(=O)(=O)CC(Cc3cc(F)c(N)c(OC(C(F)(F)F)C(F)(F)F)c3)C2O)c1,CC(C)(C)c1cccc(CN[C@H]2CS(=O)(=O)C[C@@H](Cc3cc(F)c4c(c3)C3(CCC(F)(F)CC3)CN4)[C@@H]2O)c1,0.57,1.845,True
19,246,CC(C)(C)c1cccc(CNC2CS(=O)(=O)CC(Cc3cc(F)c(N)c(OC(C(F)(F)F)C(F)(F)F)c3)C2O)c1,CCCc1cc(CC2CS(=O)(=O)CC(NCc3cccc(C(C)(C)C)c3)C2O)cc(F)c1N,0.707,1.813,True
19,270,CC(C)(C)c1cccc(CNC2CS(=O)(=O)CC(Cc3cc(F)c(N)c(OC(C(F)(F)F)C(F)(F)F)c3)C2O)c1,CN(C)CC(=O)Nc1ccc(CC2CS(=O)(=O)CC(NCc3cccc(C(C)(C)C)c3)C2O)cc1F,0.598,1.484,False
19,272,CC(C)(C)c1cccc(CNC2CS(=O)(=O)CC(Cc3cc(F)c(N)c(OC(C(F)(F)F)C(F)(F)F)c3)C2O)c1,COCC(Oc1cc(CC2CS(=O)CC(NCc3cccc(OC(F)(F)F)c3)C2O)cc(F)c1N)C(F)(F)F,0.5,2.025,True
19,286,CC(C)(C)c1cccc(CNC2CS(=O)(=O)CC(Cc3cc(F)c(N)c(OC(C(F)(F)F)C(F)(F)F)c3)C2O)c1,COC[C@@H](Oc1cc(C[C@@H]2CS(=O)C[C@H](NCc3cccc(C(C)(C)C)c3)[C@H]2O)cc(F)c1N)C(F)(F)F,0.631,0.301,False
19,300,CC(C)(C)c1cccc(CNC2CS(=O)(=O)CC(Cc3cc(F)c(N)c(OC(C(F)(F)F)C(F)(F)F)c3)C2O)c1,CC(C)(C)c1cccc(CN[C@H]2CS(=O)C[C@@H](Cc3cc(F)c(N)c(OC(C(F)(F)F)C(F)(F)F)c3)[C@@H]2O)c1,0.76,0.0,False
20,225,CCCCNC(=O)NCc1ccc(CN2C(=O)C(C)(CC3CCCCC3)N=C2N)cc1,CCCCNC(=O)NCc1ccc(CN2C(=O)C(CCc3ccccc3)(CC(C)C)N=C2N)cc1,0.527,1.0,False
21,91,COc1ccc(C2(c3cccc(-c4cccnc4)c3)COC(=N)N2)cc1,COc1ccc(C2(c3cccc(-c4cccnc4)c3)CC(OC)C(=N)N2)cc1,0.661,-0.368,False
22,133,COc1ccc2c(c1)C1(COC(=N)N1)c1cc(-c3ccccc3Cl)ccc1O2,COc1ccc2c(c1)C1(COC(=N)N1)c1cc(-c3ccccc3)ccc1O2,0.759,-0.617,False
22,179,COc1ccc2c(c1)C1(COC(=N)N1)c1cc(-c3ccccc3Cl)ccc1O2,COc1ccc2c(c1)C1(COC(=N)N1)c1cc(-c3ccc(Cl)cc3)ccc1O2,0.745,-0.383,False
22,183,COc1ccc2c(c1)C1(COC(=N)N1)c1cc(-c3ccccc3Cl)ccc1O2,COc1ccc2c(c1)C1(COC(=N)N1)c1cc(-c3ccncc3Cl)ccc1O2,0.763,-0.364,False
22,247,COc1ccc2c(c1)C1(COC(=N)N1)c1cc(-c3ccccc3Cl)ccc1O2,COc1ccc2c(c1)C1(COC(=N)N1)c1cc(-c3cccc(Cl)c3)ccc1O2,0.737,-1.574,True
23,40,CC(C)c1ccnc(CNC2CS(=O)(=O)CC(Cc3ccc(O)c(Br)c3)C2O)c1,O=S1(=O)CC(Cc2ccc(O)c(Br)c2)C(O)C(NCc2cc(Cl)cc(Cl)c2)C1,0.615,-0.01,False
23,135,CC(C)c1ccnc(CNC2CS(=O)(=O)CC(Cc3ccc(O)c(Br)c3)C2O)c1,CC(C)c1cccc(CNC2CS(=O)(=O)CC(Cc3ccc(O)c(CO)c3)C2O)c1,0.592,-0.554,False
23,290,CC(C)c1ccnc(CNC2CS(=O)(=O)CC(Cc3ccc(O)c(Br)c3)C2O)c1,O=S1(=O)C[C@@H](Cc2ccc(O)c(Br)c2)[C@H](O)[C@@H](NCc2cccc(C3CC3)c2)C1,0.571,-0.656,False
24,25,COc1cccc(CNC[C@H](O)[C@H](Cc2cc(F)cc(F)c2)NC(=O)c2cc(/C(C)=N\OCC(C)C)cc(N3CCCCS3(=O)=O)c2)c1,COc1cccc(CNC[C@H](O)[C@H](Cc2cc(F)cc(F)c2)NC(=O)c2cc(C(C)=NO)cc(N3CCCCS3(=O)=O)c2)c1,0.839,-1.052,False
24,70,COc1cccc(CNC[C@H](O)[C@H](Cc2cc(F)cc(F)c2)NC(=O)c2cc(/C(C)=N\OCC(C)C)cc(N3CCCCS3(=O)=O)c2)c1,CCCN(CCC)C(=O)c1cc(C(=O)NC(Cc2cc(F)cc(F)c2)C(O)CNCc2cccc(OC)c2)cc(/C(C)=N\OC)c1,0.604,-2.631,True
24,115,COc1cccc(CNC[C@H](O)[C@H](Cc2cc(F)cc(F)c2)NC(=O)c2cc(/C(C)=N\OCC(C)C)cc(N3CCCCS3(=O)=O)c2)c1,CCCN(CCC)C(=O)c1cc(C(=O)NC(Cc2cc(F)cc(F)c2)C(O)CNCc2cccc(OC)c2)cc(C(C)NC(C)=O)c1,0.535,-1.33,False
24,142,COc1cccc(CNC[C@H](O)[C@H](Cc2cc(F)cc(F)c2)NC(=O)c2cc(/C(C)=N\OCC(C)C)cc(N3CCCCS3(=O)=O)c2)c1,CCCN(CCC)C(=O)c1cc(Oc2ccccc2)cc(C(=O)NC(Cc2cc(F)cc(F)c2)C(O)CNCc2cccc(OC)c2)c1,0.535,-1.631,True
24,200,COc1cccc(CNC[C@H](O)[C@H](Cc2cc(F)cc(F)c2)NC(=O)c2cc(/C(C)=N\OCC(C)C)cc(N3CCCCS3(=O)=O)c2)c1,COc1cccc(CNC[C@H](O)[C@H](Cc2cc(F)cc(F)c2)NC(=O)c2cc(C(C)=O)cc(N3CCCCS3(=O)=O)c2)c1,0.814,-0.677,False
24,208,COc1cccc(CNC[C@H](O)[C@H](Cc2cc(F)cc(F)c2)NC(=O)c2cc(/C(C)=N\OCC(C)C)cc(N3CCCCS3(=O)=O)c2)c1,CCCN(CCC)C(=O)c1cc(C(N)=O)cc(C(=O)N[C@@H](Cc2cc(F)cc(F)c2)[C@H](O)CNCc2cccc(OC)c2)c1,0.531,-1.59,True
24,301,COc1cccc(CNC[C@H](O)[C@H](Cc2cc(F)cc(F)c2)NC(=O)c2cc(/C(C)=N\OCC(C)C)cc(N3CCCCS3(=O)=O)c2)c1,C=CCO/N=C(/C)c1cc(C(=O)N[C@@H](Cc2cc(F)cc(F)c2)[C@@H](O)CNCc2cccc(OC)c2)cc(N2CCCCS2(=O)=O)c1,0.846,-0.586,False
25,70,COc1cccc(CNC[C@H](O)[C@H](Cc2cc(F)cc(F)c2)NC(=O)c2cc(C(C)=NO)cc(N3CCCCS3(=O)=O)c2)c1,CCCN(CCC)C(=O)c1cc(C(=O)NC(Cc2cc(F)cc(F)c2)C(O)CNCc2cccc(OC)c2)cc(/C(C)=N\OC)c1,0.609,-1.58,True
25,115,COc1cccc(CNC[C@H](O)[C@H](Cc2cc(F)cc(F)c2)NC(=O)c2cc(C(C)=NO)cc(N3CCCCS3(=O)=O)c2)c1,CCCN(CCC)C(=O)c1cc(C(=O)NC(Cc2cc(F)cc(F)c2)C(O)CNCc2cccc(OC)c2)cc(C(C)NC(C)=O)c1,0.552,-0.279,False
25,142,COc1cccc(CNC[C@H](O)[C@H](Cc2cc(F)cc(F)c2)NC(=O)c2cc(C(C)=NO)cc(N3CCCCS3(=O)=O)c2)c1,CCCN(CCC)C(=O)c1cc(Oc2ccccc2)cc(C(=O)NC(Cc2cc(F)cc(F)c2)C(O)CNCc2cccc(OC)c2)c1,0.553,-0.58,False
25,155,COc1cccc(CNC[C@H](O)[C@H](Cc2cc(F)cc(F)c2)NC(=O)c2cc(C(C)=NO)cc(N3CCCCS3(=O)=O)c2)c1,COCC1CCN(C(C)C(=O)NC(Cc2cc(F)cc(F)c2)C(O)CNCc2cccc(OC)c2)C1=O,0.505,1.101,False
25,200,COc1cccc(CNC[C@H](O)[C@H](Cc2cc(F)cc(F)c2)NC(=O)c2cc(C(C)=NO)cc(N3CCCCS3(=O)=O)c2)c1,COc1cccc(CNC[C@H](O)[C@H](Cc2cc(F)cc(F)c2)NC(=O)c2cc(C(C)=O)cc(N3CCCCS3(=O)=O)c2)c1,0.875,0.374,False
25,208,COc1cccc(CNC[C@H](O)[C@H](Cc2cc(F)cc(F)c2)NC(=O)c2cc(C(C)=NO)cc(N3CCCCS3(=O)=O)c2)c1,CCCN(CCC)C(=O)c1cc(C(N)=O)cc(C(=O)N[C@@H](Cc2cc(F)cc(F)c2)[C@H](O)CNCc2cccc(OC)c2)c1,0.565,-0.538,False
25,301,COc1cccc(CNC[C@H](O)[C@H](Cc2cc(F)cc(F)c2)NC(=O)c2cc(C(C)=NO)cc(N3CCCCS3(=O)=O)c2)c1,C=CCO/N=C(/C)c1cc(C(=O)N[C@@H](Cc2cc(F)cc(F)c2)[C@@H](O)CNCc2cccc(OC)c2)cc(N2CCCCS2(=O)=O)c1,0.82,0.466,False
26,31,CC(=O)NC(Cc1cc(F)cc(F)c1)C(O)CNC1(c2cccc(N(C)C)c2)CCCCC1,CC(=O)NC(Cc1cc(F)cc(F)c1)C(O)CNC1(c2cn(C34CC5CC(CC(C5)C3)C4)nn2)CCCCC1,0.538,-0.019,False
26,39,CC(=O)NC(Cc1cc(F)cc(F)c1)C(O)CNC1(c2cccc(N(C)C)c2)CCCCC1,CC(=O)NC(Cc1cc(F)cc(F)c1)C(O)CNC1(c2ccc(C(C)C)s2)CCCCC1,0.614,0.99,False
26,49,CC(=O)NC(Cc1cc(F)cc(F)c1)C(O)CNC1(c2cccc(N(C)C)c2)CCCCC1,CC(=O)NC(Cc1cc(F)cc(F)c1)C(O)CNC1(c2cccc(C3CCCCC3)c2)CCCCC1,0.731,1.387,False
26,87,CC(=O)NC(Cc1cc(F)cc(F)c1)C(O)CNC1(c2cccc(N(C)C)c2)CCCCC1,CC(=O)N[C@@H](Cc1cc(F)cc(F)c1)[C@H](O)CNC1(c2cccc(C(C)(C)CF)c2)CC1,0.652,-0.15,False
26,98,CC(=O)NC(Cc1cc(F)cc(F)c1)C(O)CNC1(c2cccc(N(C)C)c2)CCCCC1,CC(=O)NC(Cc1cc(F)cc(F)c1)C(O)CNC1(c2cccc(N3CCOCC3=O)c2)CCCCC1,0.645,0.501,False
26,110,CC(=O)NC(Cc1cc(F)cc(F)c1)C(O)CNC1(c2cccc(N(C)C)c2)CCCCC1,CCc1cccc(C2(NCC(O)C(Cc3cc(F)cc(F)c3)NC(C)=O)CCCCC2)c1,0.778,0.226,False
26,118,CC(=O)NC(Cc1cc(F)cc(F)c1)C(O)CNC1(c2cccc(N(C)C)c2)CCCCC1,CC(=O)NC(Cc1cc(F)cc(F)c1)C(O)CNC1(c2cccc(C3CCCC3)c2)CCCCC1,0.731,0.36,False
26,124,CC(=O)NC(Cc1cc(F)cc(F)c1)C(O)CNC1(c2cccc(N(C)C)c2)CCCCC1,CSC1CCC(NCC(O)C(Cc2cc(F)cc(F)c2)NC(C)=O)(c2cccc(C(C)(C)C)c2)CC1,0.6,-1.233,False
26,126,CC(=O)NC(Cc1cc(F)cc(F)c1)C(O)CNC1(c2cccc(N(C)C)c2)CCCCC1,CC(=O)NC(Cc1cc(F)cc(F)c1)C(O)CNC1(c2cc(C(C)(C)C)ccn2)CC1,0.527,0.193,False
26,131,CC(=O)NC(Cc1cc(F)cc(F)c1)C(O)CNC1(c2cccc(N(C)C)c2)CCCCC1,CC(=O)NC(Cc1cc(F)cc(F)c1)C(O)CNC1(c2cccc(C3CCCC3=O)c2)CCCCC1,0.681,0.29,False
26,139,CC(=O)NC(Cc1cc(F)cc(F)c1)C(O)CNC1(c2cccc(N(C)C)c2)CCCCC1,CC(=O)NC(Cc1cc(F)cc(F)c1)C(O)CNC1(c2cccc(C(C)(C)C)c2)CCc2nc(N)ncc2C1,0.512,-1.467,False
26,144,CC(=O)NC(Cc1cc(F)cc(F)c1)C(O)CNC1(c2cccc(N(C)C)c2)CCCCC1,CC(=O)NC(Cc1cc(F)cc(F)c1)C(O)CNC1(c2cccc(C(C)(C)C)c2)CCC(C(F)(F)F)CC1,0.63,-1.094,False
26,165,CC(=O)NC(Cc1cc(F)cc(F)c1)C(O)CNC1(c2cccc(N(C)C)c2)CCCCC1,CC(=O)N[C@@H](Cc1cc(F)cc(F)c1)[C@H](O)CNC1(c2cccc(C(C)(C)C)c2)CCC1,0.712,0.173,False
26,169,CC(=O)NC(Cc1cc(F)cc(F)c1)C(O)CNC1(c2cccc(N(C)C)c2)CCCCC1,CC(=O)NC(Cc1cc(F)cc(F)c1)C(O)CNC1(c2ccn(C(C)(C)C)n2)CCCCC1,0.589,0.652,False
26,171,CC(=O)NC(Cc1cc(F)cc(F)c1)C(O)CNC1(c2cccc(N(C)C)c2)CCCCC1,CC(=O)NC(Cc1cc(F)cc(F)c1)C(O)CNC1(c2cccc(-c3cscn3)c2)CCCCC1,0.671,-0.571,False
26,173,CC(=O)NC(Cc1cc(F)cc(F)c1)C(O)CNC1(c2cccc(N(C)C)c2)CCCCC1,CC(=O)N[C@@H](Cc1cc(F)cc(F)c1)[C@H](O)CN[C@]1(c2cccc(C(C)(C)C(F)F)c2)C[C@H]1C,0.519,0.618,False
26,210,CC(=O)NC(Cc1cc(F)cc(F)c1)C(O)CNC1(c2cccc(N(C)C)c2)CCCCC1,CC(=O)NC(Cc1cc(F)cc(F)c1)C(O)CNC1(c2cccs2)CCCCC1,0.657,1.864,True
26,227,CC(=O)NC(Cc1cc(F)cc(F)c1)C(O)CNC1(c2cccc(N(C)C)c2)CCCCC1,CC(=O)NC(Cc1cc(F)cc(F)c1)C(O)CNC1(c2cccc(C(C)(C)C)c2)CC1,0.682,-0.467,False
26,228,CC(=O)NC(Cc1cc(F)cc(F)c1)C(O)CNC1(c2cccc(N(C)C)c2)CCCCC1,CC(=O)NC(Cc1cc(F)cc(F)c1)C(O)CNC1(c2cccc(C3CCOC3)c2)CCCCC1,0.671,-0.668,False
26,236,CC(=O)NC(Cc1cc(F)cc(F)c1)C(O)CNC1(c2cccc(N(C)C)c2)CCCCC1,COC1CCC(NCC(O)C(Cc2cc(F)cc(F)c2)NC(C)=O)(c2cccc(C(C)(C)C)c2)CC1,0.6,-0.467,False
26,244,CC(=O)NC(Cc1cc(F)cc(F)c1)C(O)CNC1(c2cccc(N(C)C)c2)CCCCC1,CC(=O)NC(Cc1cc(F)cc(F)c1)C(O)CNC1(c2nc(C(C)(C)C)co2)CC1,0.507,2.019,True
26,249,CC(=O)NC(Cc1cc(F)cc(F)c1)C(O)CNC1(c2cccc(N(C)C)c2)CCCCC1,CC(=O)NC(Cc1cc(F)cc(F)c1)C(O)CNC1(c2cc(CC(C)(C)C)cs2)CCCCC1,0.583,-0.496,False
26,279,CC(=O)NC(Cc1cc(F)cc(F)c1)C(O)CNC1(c2cccc(N(C)C)c2)CCCCC1,C=C(C)c1cccc(C2(NCC(O)C(Cc3cc(F)cc(F)c3)NC(C)=O)CCCCC2)c1,0.754,-0.613,False
26,292,CC(=O)NC(Cc1cc(F)cc(F)c1)C(O)CNC1(c2cccc(N(C)C)c2)CCCCC1,COC(=O)NC1CCC(NCC(O)C(Cc2cc(F)cc(F)c2)NC(C)=O)(c2cccc(C(C)(C)C)c2)CC1,0.584,-0.233,False
26,296,CC(=O)NC(Cc1cc(F)cc(F)c1)C(O)CNC1(c2cccc(N(C)C)c2)CCCCC1,CC(=O)N[C@@H](Cc1cc(F)cc(F)c1)[C@H](O)CNC1(c2cccc(C(C)(C)C(F)F)c2)CC1,0.652,-0.251,False
27,263,Cc1ccc(N(c2ccccc2)S(C)(=O)=O)cc1C(=O)NC(Cc1ccccc1)C(O)CNCc1cccc(C(F)(F)F)c1,CS(=O)(=O)N(c1ccncc1)c1cccc(C(=O)NC(Cc2ccccc2)C(O)CNCc2cccc(C(F)(F)F)c2)c1,0.737,-1.218,False
28,112,CC1(c2cc(NC(=O)c3ncc(Cl)cc3Cl)ccc2F)CCOC(=N)N1,CC1(c2cc(NC(=O)c3ccc(Cl)cn3)ccc2F)CCCOC(=N)N1,0.708,-0.445,False
28,223,CC1(c2cc(NC(=O)c3ncc(Cl)cc3Cl)ccc2F)CCOC(=N)N1,C[C@@]1(c2cc(NC(=O)c3ccc(Cl)cn3)ccc2F)C[C@@H]2C[C@@H]2C(=N)N1,0.5,0.391,False
28,231,CC1(c2cc(NC(=O)c3ncc(Cl)cc3Cl)ccc2F)CCOC(=N)N1,C[C@@]1(c2cc(NC(=O)c3ccc(C#N)cn3)ccc2F)CCOC(=N)N1,0.676,0.117,False
29,57,CC#CCOc1cnc(C(=O)Nc2ccc(F)c(C3(C)N=C(N)OCC3(F)F)c2)cn1,CC1(c2cc(NC(=O)c3ccc(OC(F)(F)F)cn3)ccc2F)N=C(N)OCC1(F)F,0.653,0.978,False
29,113,CC#CCOc1cnc(C(=O)Nc2ccc(F)c(C3(C)N=C(N)OCC3(F)F)c2)cn1,CC1(c2cc(NC(=O)c3nn(C(F)F)cc3Cl)ccc2F)N=C(N)OCC1(F)F,0.562,0.501,False
29,132,CC#CCOc1cnc(C(=O)Nc2ccc(F)c(C3(C)N=C(N)OCC3(F)F)c2)cn1,CC1(c2cc(NC(=O)c3cnc(OCC(F)(F)F)cn3)ccc2F)N=C(N)OCC1(F)F,0.775,0.62,False
29,232,CC#CCOc1cnc(C(=O)Nc2ccc(F)c(C3(C)N=C(N)OCC3(F)F)c2)cn1,N#Cc1ccc(C(=O)Nc2ccc(F)c([C@@]3(CF)N=C(N)OCC3(F)F)c2)nc1,0.531,0.912,False
29,281,CC#CCOc1cnc(C(=O)Nc2ccc(F)c(C3(C)N=C(N)OCC3(F)F)c2)cn1,CC1(c2cc(NC(=O)c3ncc(Cl)cn3)ccc2F)N=C(N)OCC1(F)F,0.648,1.048,False
31,39,CC(=O)NC(Cc1cc(F)cc(F)c1)C(O)CNC1(c2cn(C34CC5CC(CC(C5)C3)C4)nn2)CCCCC1,CC(=O)NC(Cc1cc(F)cc(F)c1)C(O)CNC1(c2ccc(C(C)C)s2)CCCCC1,0.545,1.01,False
31,49,CC(=O)NC(Cc1cc(F)cc(F)c1)C(O)CNC1(c2cn(C34CC5CC(CC(C5)C3)C4)nn2)CCCCC1,CC(=O)NC(Cc1cc(F)cc(F)c1)C(O)CNC1(c2cccc(C3CCCCC3)c2)CCCCC1,0.564,1.407,False
31,110,CC(=O)NC(Cc1cc(F)cc(F)c1)C(O)CNC1(c2cn(C34CC5CC(CC(C5)C3)C4)nn2)CCCCC1,CCc1cccc(C2(NCC(O)C(Cc3cc(F)cc(F)c3)NC(C)=O)CCCCC2)c1,0.553,0.246,False
31,118,CC(=O)NC(Cc1cc(F)cc(F)c1)C(O)CNC1(c2cn(C34CC5CC(CC(C5)C3)C4)nn2)CCCCC1,CC(=O)NC(Cc1cc(F)cc(F)c1)C(O)CNC1(c2cccc(C3CCCC3)c2)CCCCC1,0.564,0.38,False
31,126,CC(=O)NC(Cc1cc(F)cc(F)c1)C(O)CNC1(c2cn(C34CC5CC(CC(C5)C3)C4)nn2)CCCCC1,CC(=O)NC(Cc1cc(F)cc(F)c1)C(O)CNC1(c2cc(C(C)(C)C)ccn2)CC1,0.526,0.213,False
31,131,CC(=O)NC(Cc1cc(F)cc(F)c1)C(O)CNC1(c2cn(C34CC5CC(CC(C5)C3)C4)nn2)CCCCC1,CC(=O)NC(Cc1cc(F)cc(F)c1)C(O)CNC1(c2cccc(C3CCCC3=O)c2)CCCCC1,0.53,0.31,False
31,165,CC(=O)NC(Cc1cc(F)cc(F)c1)C(O)CNC1(c2cn(C34CC5CC(CC(C5)C3)C4)nn2)CCCCC1,CC(=O)N[C@@H](Cc1cc(F)cc(F)c1)[C@H](O)CNC1(c2cccc(C(C)(C)C)c2)CCC1,0.506,0.192,False
31,169,CC(=O)NC(Cc1cc(F)cc(F)c1)C(O)CNC1(c2cn(C34CC5CC(CC(C5)C3)C4)nn2)CCCCC1,CC(=O)NC(Cc1cc(F)cc(F)c1)C(O)CNC1(c2ccn(C(C)(C)C)n2)CCCCC1,0.605,0.672,False
31,171,CC(=O)NC(Cc1cc(F)cc(F)c1)C(O)CNC1(c2cn(C34CC5CC(CC(C5)C3)C4)nn2)CCCCC1,CC(=O)NC(Cc1cc(F)cc(F)c1)C(O)CNC1(c2cccc(-c3cscn3)c2)CCCCC1,0.506,-0.552,False
31,210,CC(=O)NC(Cc1cc(F)cc(F)c1)C(O)CNC1(c2cn(C34CC5CC(CC(C5)C3)C4)nn2)CCCCC1,CC(=O)NC(Cc1cc(F)cc(F)c1)C(O)CNC1(c2cccs2)CCCCC1,0.56,1.884,True
31,228,CC(=O)NC(Cc1cc(F)cc(F)c1)C(O)CNC1(c2cn(C34CC5CC(CC(C5)C3)C4)nn2)CCCCC1,CC(=O)NC(Cc1cc(F)cc(F)c1)C(O)CNC1(c2cccc(C3CCOC3)c2)CCCCC1,0.524,-0.649,False
31,249,CC(=O)NC(Cc1cc(F)cc(F)c1)C(O)CNC1(c2cn(C34CC5CC(CC(C5)C3)C4)nn2)CCCCC1,CC(=O)NC(Cc1cc(F)cc(F)c1)C(O)CNC1(c2cc(CC(C)(C)C)cs2)CCCCC1,0.538,-0.476,False
31,279,CC(=O)NC(Cc1cc(F)cc(F)c1)C(O)CNC1(c2cn(C34CC5CC(CC(C5)C3)C4)nn2)CCCCC1,C=C(C)c1cccc(C2(NCC(O)C(Cc3cc(F)cc(F)c3)NC(C)=O)CCCCC2)c1,0.538,-0.593,False
32,242,CCNc1cc(C(=O)N[C@@H](Cc2ccccc2)[C@H](O)CNC(C)(C)c2cccc(C(F)(F)F)c2)cc(N2CCCCS2(=O)=O)c1,CCNc1cc(C(=O)N[C@@H](Cc2ccccc2)[C@H](O)CNC(C)(C)CCCC(C)C)cc(N2CCCC2=O)c1,0.521,0.74,False
33,56,CN1C(=O)C(c2ccncc2)(c2cccc(-c3cccc(C#N)c3)c2)N=C1N,CN1C(=O)C(c2cccc(-c3cccnc3)c2)(c2ccc3c(c2)OCO3)N=C1N,0.523,0.796,False
33,69,CN1C(=O)C(c2ccncc2)(c2cccc(-c3cccc(C#N)c3)c2)N=C1N,CN1C(=O)C(c2ccncc2)(c2cccc(-c3cccc(F)c3)c2)N=C1N,0.717,0.097,False
33,82,CN1C(=O)C(c2ccncc2)(c2cccc(-c3cccc(C#N)c3)c2)N=C1N,CN1C(=O)C(c2ccccc2)(c2ccccc2)N=C1N,0.531,1.954,True
33,192,CN1C(=O)C(c2ccncc2)(c2cccc(-c3cccc(C#N)c3)c2)N=C1N,Cc1cc([C@]2(c3cccc(-c4cncnc4)c3)N=C(N)N(C)C2=O)ccn1,0.583,0.301,False
33,197,CN1C(=O)C(c2ccncc2)(c2cccc(-c3cccc(C#N)c3)c2)N=C1N,CN1C(=O)[C@@](c2ccncc2)(c2cccc(-c3cc(F)ccc3F)c2)N=C1N,0.627,-0.301,False
33,226,CN1C(=O)C(c2ccncc2)(c2cccc(-c3cccc(C#N)c3)c2)N=C1N,Cc1cc(C2(c3cccc(-c4cncnc4)c3)N=C(N)N(C)C2=O)cs1,0.532,0.544,False
33,238,CN1C(=O)C(c2ccncc2)(c2cccc(-c3cccc(C#N)c3)c2)N=C1N,COc1ccc([C@]2(c3cccc(-c4cccnc4)c3)N=C(N)N(C)C2=O)cc1C,0.523,0.0,False
33,241,CN1C(=O)C(c2ccncc2)(c2cccc(-c3cccc(C#N)c3)c2)N=C1N,CN1C(=O)C(c2ccsc2)(c2cccc(-c3cncnc3)c2)N=C1N,0.541,0.243,False
33,255,CN1C(=O)C(c2ccncc2)(c2cccc(-c3cccc(C#N)c3)c2)N=C1N,CCc1cc(C2(c3cccc(-c4cncnc4)c3)N=C(N)N(C)C2=O)cs1,0.516,0.301,False
33,259,CN1C(=O)C(c2ccncc2)(c2cccc(-c3cccc(C#N)c3)c2)N=C1N,CN1C(=O)[C@@](c2ccncc2)(c2cccc(-c3cccnc3)c2)N=C1N,0.717,0.176,False
33,266,CN1C(=O)C(c2ccncc2)(c2cccc(-c3cccc(C#N)c3)c2)N=C1N,CC(C)c1cc(C2(c3cccc(-c4cncnc4)c3)N=C(N)N(C)C2=O)ccn1,0.556,0.243,False
33,284,CN1C(=O)C(c2ccncc2)(c2cccc(-c3cccc(C#N)c3)c2)N=C1N,CN1C(=O)C(c2cccc(-c3cccnc3)c2)(c2ccc3c(c2)CCO3)N=C1N,0.5,0.477,False
34,44,CCC(C)C1(NC(C)=O)CCN(C(CCc2ccccc2)C(=O)NC(Cc2cc(F)cc(F)c2)C(O)C2CC(Oc3cccnc3)CN2)C1=O,CCC(C)C1(NC(C)=O)CCN(C(CCc2ccccc2)C(=O)NC(Cc2cc(F)cc(F)c2)C(O)C2CC(OCc3cccnc3)CN2)C1=O,0.859,-0.625,False
34,94,CCC(C)C1(NC(C)=O)CCN(C(CCc2ccccc2)C(=O)NC(Cc2cc(F)cc(F)c2)C(O)C2CC(Oc3cccnc3)CN2)C1=O,CCCCC1CCN(C(CCc2ccccc2)C(=O)NC(Cc2cc(F)cc(F)c2)C(O)C2CC(OCCC)CN2)C1=O,0.532,0.508,False
34,130,CCC(C)C1(NC(C)=O)CCN(C(CCc2ccccc2)C(=O)NC(Cc2cc(F)cc(F)c2)C(O)C2CC(Oc3cccnc3)CN2)C1=O,CCCCC1CCN(C(CCc2ccccc2)C(=O)NC(Cc2cc(F)cc(F)c2)C(O)C2CC(O)CN2)C1=O,0.5,0.627,False
35,243,CS(=O)(=O)c1ccc(-c2ccccc2C2CNCC2C(=O)N2CCOCC2c2ccccc2)cc1,O=C(C1CNCC1c1ccccc1Br)N1CCOCC1c1ccccc1,0.656,1.07,False
36,123,NC1=NC(c2ccccc2)(C2CCCCC2)C(=O)N1CC1CCC(C(=O)O)CC1,NC1=NC(c2ccccc2)(C2CCCCC2)C(=O)N1CC1CCCO1,0.638,0.426,False
36,125,NC1=NC(c2ccccc2)(C2CCCCC2)C(=O)N1CC1CCC(C(=O)O)CC1,NC1=NC(c2ccccc2)(C2CCCCC2)C(=O)N1Cc1cc(F)cc(F)c1,0.583,0.442,False
38,43,CN1C(=O)[C@@](c2ccc(OC(F)F)cc2)(c2cccc(/C=C/CCF)c2)N=C1N,CCC#Cc1cccc([C@@]2(c3ccc(OC(F)F)cc3)N=C(N)N(C)C2=O)c1,0.618,0.0,False
38,137,CN1C(=O)[C@@](c2ccc(OC(F)F)cc2)(c2cccc(/C=C/CCF)c2)N=C1N,CN1C(=O)[C@@](c2ccc(OC(F)F)cc2)(c2cccc(C#CC3CC3)c2)N=C1N,0.577,-0.301,False
38,163,CN1C(=O)[C@@](c2ccc(OC(F)F)cc2)(c2cccc(/C=C/CCF)c2)N=C1N,CN1C(=O)[C@@](c2ccc(OC(F)F)cc2)(c2cccc(C#CCCF)c2)N=C1N,0.647,-0.602,False
38,164,CN1C(=O)[C@@](c2ccc(OC(F)F)cc2)(c2cccc(/C=C/CCF)c2)N=C1N,CCCCc1cccc([C@@]2(c3ccc(OC(F)F)cc3)N=C(N)N(C)C2=O)c1,0.627,-0.125,False
38,182,CN1C(=O)[C@@](c2ccc(OC(F)F)cc2)(c2cccc(/C=C/CCF)c2)N=C1N,CN1C(=O)[C@@](c2ccc(OC(F)F)cc2)(c2cccc(OCCC(F)F)c2)N=C1N,0.627,-0.602,False
38,190,CN1C(=O)[C@@](c2ccc(OC(F)F)cc2)(c2cccc(/C=C/CCF)c2)N=C1N,CCCc1cccc([C@@]2(c3ccc(OC(F)F)cc3)N=C(N)N(C)C2=O)c1,0.646,0.352,False
38,196,CN1C(=O)[C@@](c2ccc(OC(F)F)cc2)(c2cccc(/C=C/CCF)c2)N=C1N,CN1C(=O)[C@@](c2ccc(OC(F)F)cc2)(c2cccc(C(=O)CCCF)c2)N=C1N,0.647,0.301,False
38,199,CN1C(=O)[C@@](c2ccc(OC(F)F)cc2)(c2cccc(/C=C/CCF)c2)N=C1N,CN1C(=O)[C@@](c2ccc(OC(F)F)cc2)(c2cccc([C@H](F)CCCF)c2)N=C1N,0.657,0.301,False
38,273,CN1C(=O)[C@@](c2ccc(OC(F)F)cc2)(c2cccc(/C=C/CCF)c2)N=C1N,CN1C(=O)[C@@](c2ccc(OC(F)F)cc2)(c2ccc(F)c(OCCF)c2)N=C1N,0.612,0.477,False
38,278,CN1C(=O)[C@@](c2ccc(OC(F)F)cc2)(c2cccc(/C=C/CCF)c2)N=C1N,CN1C(=O)[C@@](c2ccc(OC(F)F)cc2)(c2cccc(OCCC(F)(F)F)c2)N=C1N,0.609,0.699,False
39,49,CC(=O)NC(Cc1cc(F)cc(F)c1)C(O)CNC1(c2ccc(C(C)C)s2)CCCCC1,CC(=O)NC(Cc1cc(F)cc(F)c1)C(O)CNC1(c2cccc(C3CCCCC3)c2)CCCCC1,0.597,0.397,False
39,87,CC(=O)NC(Cc1cc(F)cc(F)c1)C(O)CNC1(c2ccc(C(C)C)s2)CCCCC1,CC(=O)N[C@@H](Cc1cc(F)cc(F)c1)[C@H](O)CNC1(c2cccc(C(C)(C)CF)c2)CC1,0.548,-1.141,False
39,98,CC(=O)NC(Cc1cc(F)cc(F)c1)C(O)CNC1(c2ccc(C(C)C)s2)CCCCC1,CC(=O)NC(Cc1cc(F)cc(F)c1)C(O)CNC1(c2cccc(N3CCOCC3=O)c2)CCCCC1,0.531,-0.489,False
39,110,CC(=O)NC(Cc1cc(F)cc(F)c1)C(O)CNC1(c2ccc(C(C)C)s2)CCCCC1,CCc1cccc(C2(NCC(O)C(Cc3cc(F)cc(F)c3)NC(C)=O)CCCCC2)c1,0.632,-0.764,False
39,118,CC(=O)NC(Cc1cc(F)cc(F)c1)C(O)CNC1(c2ccc(C(C)C)s2)CCCCC1,CC(=O)NC(Cc1cc(F)cc(F)c1)C(O)CNC1(c2cccc(C3CCCC3)c2)CCCCC1,0.597,-0.63,False
39,124,CC(=O)NC(Cc1cc(F)cc(F)c1)C(O)CNC1(c2ccc(C(C)C)s2)CCCCC1,CSC1CCC(NCC(O)C(Cc2cc(F)cc(F)c2)NC(C)=O)(c2cccc(C(C)(C)C)c2)CC1,0.506,-2.223,True
39,126,CC(=O)NC(Cc1cc(F)cc(F)c1)C(O)CNC1(c2ccc(C(C)C)s2)CCCCC1,CC(=O)NC(Cc1cc(F)cc(F)c1)C(O)CNC1(c2cc(C(C)(C)C)ccn2)CC1,0.534,-0.797,False
39,131,CC(=O)NC(Cc1cc(F)cc(F)c1)C(O)CNC1(c2ccc(C(C)C)s2)CCCCC1,CC(=O)NC(Cc1cc(F)cc(F)c1)C(O)CNC1(c2cccc(C3CCCC3=O)c2)CCCCC1,0.558,-0.7,False
39,144,CC(=O)NC(Cc1cc(F)cc(F)c1)C(O)CNC1(c2ccc(C(C)C)s2)CCCCC1,CC(=O)NC(Cc1cc(F)cc(F)c1)C(O)CNC1(c2cccc(C(C)(C)C)c2)CCC(C(F)(F)F)CC1,0.513,-2.085,True
39,165,CC(=O)NC(Cc1cc(F)cc(F)c1)C(O)CNC1(c2ccc(C(C)C)s2)CCCCC1,CC(=O)N[C@@H](Cc1cc(F)cc(F)c1)[C@H](O)CNC1(c2cccc(C(C)(C)C)c2)CCC1,0.6,-0.818,False
39,169,CC(=O)NC(Cc1cc(F)cc(F)c1)C(O)CNC1(c2ccc(C(C)C)s2)CCCCC1,CC(=O)NC(Cc1cc(F)cc(F)c1)C(O)CNC1(c2ccn(C(C)(C)C)n2)CCCCC1,0.597,-0.338,False
39,171,CC(=O)NC(Cc1cc(F)cc(F)c1)C(O)CNC1(c2ccc(C(C)C)s2)CCCCC1,CC(=O)NC(Cc1cc(F)cc(F)c1)C(O)CNC1(c2cccc(-c3cscn3)c2)CCCCC1,0.571,-1.562,True
39,210,CC(=O)NC(Cc1cc(F)cc(F)c1)C(O)CNC1(c2ccc(C(C)C)s2)CCCCC1,CC(=O)NC(Cc1cc(F)cc(F)c1)C(O)CNC1(c2cccs2)CCCCC1,0.719,0.874,False
39,227,CC(=O)NC(Cc1cc(F)cc(F)c1)C(O)CNC1(c2ccc(C(C)C)s2)CCCCC1,CC(=O)NC(Cc1cc(F)cc(F)c1)C(O)CNC1(c2cccc(C(C)(C)C)c2)CC1,0.571,-1.457,False
39,228,CC(=O)NC(Cc1cc(F)cc(F)c1)C(O)CNC1(c2ccc(C(C)C)s2)CCCCC1,CC(=O)NC(Cc1cc(F)cc(F)c1)C(O)CNC1(c2cccc(C3CCOC3)c2)CCCCC1,0.551,-1.659,True
39,236,CC(=O)NC(Cc1cc(F)cc(F)c1)C(O)CNC1(c2ccc(C(C)C)s2)CCCCC1,COC1CCC(NCC(O)C(Cc2cc(F)cc(F)c2)NC(C)=O)(c2cccc(C(C)(C)C)c2)CC1,0.506,-1.457,False
39,244,CC(=O)NC(Cc1cc(F)cc(F)c1)C(O)CNC1(c2ccc(C(C)C)s2)CCCCC1,CC(=O)NC(Cc1cc(F)cc(F)c1)C(O)CNC1(c2nc(C(C)(C)C)co2)CC1,0.514,1.029,False
39,249,CC(=O)NC(Cc1cc(F)cc(F)c1)C(O)CNC1(c2ccc(C(C)C)s2)CCCCC1,CC(=O)NC(Cc1cc(F)cc(F)c1)C(O)CNC1(c2cc(CC(C)(C)C)cs2)CCCCC1,0.662,-1.486,False
39,279,CC(=O)NC(Cc1cc(F)cc(F)c1)C(O)CNC1(c2ccc(C(C)C)s2)CCCCC1,C=C(C)c1cccc(C2(NCC(O)C(Cc3cc(F)cc(F)c3)NC(C)=O)CCCCC2)c1,0.614,-1.603,True
39,292,CC(=O)NC(Cc1cc(F)cc(F)c1)C(O)CNC1(c2ccc(C(C)C)s2)CCCCC1,COC(=O)NC1CCC(NCC(O)C(Cc2cc(F)cc(F)c2)NC(C)=O)(c2cccc(C(C)(C)C)c2)CC1,0.512,-1.223,False
39,296,CC(=O)NC(Cc1cc(F)cc(F)c1)C(O)CNC1(c2ccc(C(C)C)s2)CCCCC1,CC(=O)N[C@@H](Cc1cc(F)cc(F)c1)[C@H](O)CNC1(c2cccc(C(C)(C)C(F)F)c2)CC1,0.548,-1.241,False
40,135,O=S1(=O)CC(Cc2ccc(O)c(Br)c2)C(O)C(NCc2cc(Cl)cc(Cl)c2)C1,CC(C)c1cccc(CNC2CS(=O)(=O)CC(Cc3ccc(O)c(CO)c3)C2O)c1,0.529,-0.544,False
40,290,O=S1(=O)CC(Cc2ccc(O)c(Br)c2)C(O)C(NCc2cc(Cl)cc(Cl)c2)C1,O=S1(=O)C[C@@H](Cc2ccc(O)c(Br)c2)[C@H](O)[C@@H](NCc2cccc(C3CC3)c2)C1,0.683,-0.646,False
41,71,CC(=O)NC(Cc1ccccc1)C(O)CNC1CC2(CCC2)Oc2ncc(CC(C)C)cc21,CC(=O)NC(Cc1cccc(F)c1)C(O)CNC1CC2(CCC2)Oc2ncc(CC(C)(C)C)cc21,0.718,-0.699,False
41,146,CC(=O)NC(Cc1ccccc1)C(O)CNC1CC2(CCC2)Oc2ncc(CC(C)C)cc21,COCC(=O)NC(Cc1cccc(-c2ncco2)c1)C(O)CNC1CC2(CCC2)Oc2ncc(CC(C)(C)C)cc21,0.553,0.283,False
41,148,CC(=O)NC(Cc1ccccc1)C(O)CNC1CC2(CCC2)Oc2ncc(CC(C)C)cc21,COCC(=O)NC(Cc1cccc(-c2ccccn2)c1)C(O)CNC1CC2(CCC2)Oc2ncc(CC(C)(C)C)cc21,0.576,0.27,False
41,154,CC(=O)NC(Cc1ccccc1)C(O)CNC1CC2(CCC2)Oc2ncc(CC(C)C)cc21,CC(=O)NC(Cc1ccc(Cl)cc1)C(O)CNC1CC2(CCC2)Oc2ncc(CC(C)(C)C)cc21,0.724,0.22,False
41,217,CC(=O)NC(Cc1ccccc1)C(O)CNC1CC2(CCC2)Oc2ncc(CC(C)C)cc21,CCc1cnc2c(c1)C(NCC(O)C(Cc1ccccc1)NC(C)=O)CC1(CCC1)O2,0.868,1.26,False
41,287,CC(=O)NC(Cc1ccccc1)C(O)CNC1CC2(CCC2)Oc2ncc(CC(C)C)cc21,CC(=O)N[C@@H](Cc1ccc(F)cc1)[C@H](O)CN[C@H]1CC2(CCC2)Oc2ncc(CC(C)(C)C)cc21,0.724,0.0,False
42,46,CC(C)CNC(=O)C(C)C[C@H](O)[C@H](CC(C)C)NC(=O)C(Cc1ccc([N+](=O)[O-])cc1)NC(=O)c1ccc(Cl)cc1Cl,CC(C)CNC(=O)C(C)C[C@H](O)[C@H](CC(C)C)NC(=O)C(Cc1ccccc1)NC(=O)c1ccc2c(c1)OCO2,0.506,0.28,False
43,137,CCC#Cc1cccc([C@@]2(c3ccc(OC(F)F)cc3)N=C(N)N(C)C2=O)c1,CN1C(=O)[C@@](c2ccc(OC(F)F)cc2)(c2cccc(C#CC3CC3)c2)N=C1N,0.746,-0.301,False
43,163,CCC#Cc1cccc([C@@]2(c3ccc(OC(F)F)cc3)N=C(N)N(C)C2=O)c1,CN1C(=O)[C@@](c2ccc(OC(F)F)cc2)(c2cccc(C#CCCF)c2)N=C1N,0.833,-0.602,False
43,164,CCC#Cc1cccc([C@@]2(c3ccc(OC(F)F)cc3)N=C(N)N(C)C2=O)c1,CCCCc1cccc([C@@]2(c3ccc(OC(F)F)cc3)N=C(N)N(C)C2=O)c1,0.672,-0.125,False
43,182,CCC#Cc1cccc([C@@]2(c3ccc(OC(F)F)cc3)N=C(N)N(C)C2=O)c1,CN1C(=O)[C@@](c2ccc(OC(F)F)cc2)(c2cccc(OCCC(F)F)c2)N=C1N,0.646,-0.602,False
43,190,CCC#Cc1cccc([C@@]2(c3ccc(OC(F)F)cc3)N=C(N)N(C)C2=O)c1,CCCc1cccc([C@@]2(c3ccc(OC(F)F)cc3)N=C(N)N(C)C2=O)c1,0.694,0.352,False
43,196,CCC#Cc1cccc([C@@]2(c3ccc(OC(F)F)cc3)N=C(N)N(C)C2=O)c1,CN1C(=O)[C@@](c2ccc(OC(F)F)cc2)(c2cccc(C(=O)CCCF)c2)N=C1N,0.618,0.301,False
43,199,CCC#Cc1cccc([C@@]2(c3ccc(OC(F)F)cc3)N=C(N)N(C)C2=O)c1,CN1C(=O)[C@@](c2ccc(OC(F)F)cc2)(c2cccc([C@H](F)CCCF)c2)N=C1N,0.627,0.301,False
43,273,CCC#Cc1cccc([C@@]2(c3ccc(OC(F)F)cc3)N=C(N)N(C)C2=O)c1,CN1C(=O)[C@@](c2ccc(OC(F)F)cc2)(c2ccc(F)c(OCCF)c2)N=C1N,0.582,0.477,False
43,278,CCC#Cc1cccc([C@@]2(c3ccc(OC(F)F)cc3)N=C(N)N(C)C2=O)c1,CN1C(=O)[C@@](c2ccc(OC(F)F)cc2)(c2cccc(OCCC(F)(F)F)c2)N=C1N,0.627,0.699,False
44,94,CCC(C)C1(NC(C)=O)CCN(C(CCc2ccccc2)C(=O)NC(Cc2cc(F)cc(F)c2)C(O)C2CC(OCc3cccnc3)CN2)C1=O,CCCCC1CCN(C(CCc2ccccc2)C(=O)NC(Cc2cc(F)cc(F)c2)C(O)C2CC(OCCC)CN2)C1=O,0.56,1.133,False
44,130,CCC(C)C1(NC(C)=O)CCN(C(CCc2ccccc2)C(=O)NC(Cc2cc(F)cc(F)c2)C(O)C2CC(OCc3cccnc3)CN2)C1=O,CCCCC1CCN(C(CCc2ccccc2)C(=O)NC(Cc2cc(F)cc(F)c2)C(O)C2CC(O)CN2)C1=O,0.5,1.252,False
45,85,CC(C)c1cccc(C2(NCC(O)C3Cc4cccc(c4)OCCCCOc4cc(cc(N5CCCC5=O)c4)C(=O)N3)CC2)c1,CC(C)c1cccc(CNCC(O)C2Cc3cccc(c3)OCCCCNc3cccc(c3)C(=O)N2)c1,0.531,2.465,True
45,100,CC(C)c1cccc(C2(NCC(O)C3Cc4cccc(c4)OCCCCOc4cc(cc(N5CCCC5=O)c4)C(=O)N3)CC2)c1,Cc1cc2cc(n1)NCCCCOc1cccc(c1)CC(C(O)CNCc1cccc(C(C)C)c1)NC2=O,0.505,1.431,False
45,150,CC(C)c1cccc(C2(NCC(O)C3Cc4cccc(c4)OCCCCOc4cc(cc(N5CCCC5=O)c4)C(=O)N3)CC2)c1,COCc1cc2cc(n1)OCCCCOc1cccc(c1)CC(C(O)CNC1(c3cccc(C(C)C)c3)CC1)NC2=O,0.66,0.954,False
45,194,CC(C)c1cccc(C2(NCC(O)C3Cc4cccc(c4)OCCCCOc4cc(cc(N5CCCC5=O)c4)C(=O)N3)CC2)c1,COCc1cc2cc(c1)C(=O)N[C@H]([C@H](O)CNC1(c3cccc(C(C)C)c3)CC1)Cc1cccc(c1)OCCCCN2,0.646,1.23,False
47,116,CCn1cc2c3c(cc(C(=O)NC(Cc4ccccc4)C(O)(O)CNC4CCOCC4)cc31)N(C)S(=O)(=O)CC2,CCn1cc2c3c(cc(C(=O)NC(Cc4ccccc4)[C@H](O)CNCC(F)F)cc31)N(C)S(=O)(=O)CC2,0.589,0.187,False
49,87,CC(=O)NC(Cc1cc(F)cc(F)c1)C(O)CNC1(c2cccc(C3CCCCC3)c2)CCCCC1,CC(=O)N[C@@H](Cc1cc(F)cc(F)c1)[C@H](O)CNC1(c2cccc(C(C)(C)CF)c2)CC1,0.634,-1.538,True
49,98,CC(=O)NC(Cc1cc(F)cc(F)c1)C(O)CNC1(c2cccc(C3CCCCC3)c2)CCCCC1,CC(=O)NC(Cc1cc(F)cc(F)c1)C(O)CNC1(c2cccc(N3CCOCC3=O)c2)CCCCC1,0.628,-0.886,False
49,110,CC(=O)NC(Cc1cc(F)cc(F)c1)C(O)CNC1(c2cccc(C3CCCCC3)c2)CCCCC1,CCc1cccc(C2(NCC(O)C(Cc3cc(F)cc(F)c3)NC(C)=O)CCCCC2)c1,0.754,-1.161,False
49,118,CC(=O)NC(Cc1cc(F)cc(F)c1)C(O)CNC1(c2cccc(C3CCCCC3)c2)CCCCC1,CC(=O)NC(Cc1cc(F)cc(F)c1)C(O)CNC1(c2cccc(C3CCCC3)c2)CCCCC1,1.0,-1.027,False
49,124,CC(=O)NC(Cc1cc(F)cc(F)c1)C(O)CNC1(c2cccc(C3CCCCC3)c2)CCCCC1,CSC1CCC(NCC(O)C(Cc2cc(F)cc(F)c2)NC(C)=O)(c2cccc(C(C)(C)C)c2)CC1,0.627,-2.62,True
49,126,CC(=O)NC(Cc1cc(F)cc(F)c1)C(O)CNC1(c2cccc(C3CCCCC3)c2)CCCCC1,CC(=O)NC(Cc1cc(F)cc(F)c1)C(O)CNC1(c2cc(C(C)(C)C)ccn2)CC1,0.513,-1.194,False
49,131,CC(=O)NC(Cc1cc(F)cc(F)c1)C(O)CNC1(c2cccc(C3CCCCC3)c2)CCCCC1,CC(=O)NC(Cc1cc(F)cc(F)c1)C(O)CNC1(c2cccc(C3CCCC3=O)c2)CCCCC1,0.783,-1.097,False
49,139,CC(=O)NC(Cc1cc(F)cc(F)c1)C(O)CNC1(c2cccc(C3CCCCC3)c2)CCCCC1,CC(=O)NC(Cc1cc(F)cc(F)c1)C(O)CNC1(c2cccc(C(C)(C)C)c2)CCc2nc(N)ncc2C1,0.5,-2.854,True
49,144,CC(=O)NC(Cc1cc(F)cc(F)c1)C(O)CNC1(c2cccc(C3CCCCC3)c2)CCCCC1,CC(=O)NC(Cc1cc(F)cc(F)c1)C(O)CNC1(c2cccc(C(C)(C)C)c2)CCC(C(F)(F)F)CC1,0.635,-2.481,True
49,165,CC(=O)NC(Cc1cc(F)cc(F)c1)C(O)CNC1(c2cccc(C3CCCCC3)c2)CCCCC1,CC(=O)N[C@@H](Cc1cc(F)cc(F)c1)[C@H](O)CNC1(c2cccc(C(C)(C)C)c2)CCC1,0.691,-1.215,False
49,169,CC(=O)NC(Cc1cc(F)cc(F)c1)C(O)CNC1(c2cccc(C3CCCCC3)c2)CCCCC1,CC(=O)NC(Cc1cc(F)cc(F)c1)C(O)CNC1(c2ccn(C(C)(C)C)n2)CCCCC1,0.573,-0.735,False
49,171,CC(=O)NC(Cc1cc(F)cc(F)c1)C(O)CNC1(c2cccc(C3CCCCC3)c2)CCCCC1,CC(=O)NC(Cc1cc(F)cc(F)c1)C(O)CNC1(c2cccc(-c3cscn3)c2)CCCCC1,0.653,-1.959,True
49,173,CC(=O)NC(Cc1cc(F)cc(F)c1)C(O)CNC1(c2cccc(C3CCCCC3)c2)CCCCC1,CC(=O)N[C@@H](Cc1cc(F)cc(F)c1)[C@H](O)CN[C@]1(c2cccc(C(C)(C)C(F)F)c2)C[C@H]1C,0.526,-0.77,False
49,210,CC(=O)NC(Cc1cc(F)cc(F)c1)C(O)CNC1(c2cccc(C3CCCCC3)c2)CCCCC1,CC(=O)NC(Cc1cc(F)cc(F)c1)C(O)CNC1(c2cccs2)CCCCC1,0.638,0.477,False
49,227,CC(=O)NC(Cc1cc(F)cc(F)c1)C(O)CNC1(c2cccc(C3CCCCC3)c2)CCCCC1,CC(=O)NC(Cc1cc(F)cc(F)c1)C(O)CNC1(c2cccc(C(C)(C)C)c2)CC1,0.662,-1.854,True
49,228,CC(=O)NC(Cc1cc(F)cc(F)c1)C(O)CNC1(c2cccc(C3CCCCC3)c2)CCCCC1,CC(=O)NC(Cc1cc(F)cc(F)c1)C(O)CNC1(c2cccc(C3CCOC3)c2)CCCCC1,0.824,-2.056,True
49,236,CC(=O)NC(Cc1cc(F)cc(F)c1)C(O)CNC1(c2cccc(C3CCCCC3)c2)CCCCC1,COC1CCC(NCC(O)C(Cc2cc(F)cc(F)c2)NC(C)=O)(c2cccc(C(C)(C)C)c2)CC1,0.627,-1.854,True
49,249,CC(=O)NC(Cc1cc(F)cc(F)c1)C(O)CNC1(c2cccc(C3CCCCC3)c2)CCCCC1,CC(=O)NC(Cc1cc(F)cc(F)c1)C(O)CNC1(c2cc(CC(C)(C)C)cs2)CCCCC1,0.568,-1.883,True
49,279,CC(=O)NC(Cc1cc(F)cc(F)c1)C(O)CNC1(c2cccc(C3CCCCC3)c2)CCCCC1,C=C(C)c1cccc(C2(NCC(O)C(Cc3cc(F)cc(F)c3)NC(C)=O)CCCCC2)c1,0.731,-2.0,True
49,292,CC(=O)NC(Cc1cc(F)cc(F)c1)C(O)CNC1(c2cccc(C3CCCCC3)c2)CCCCC1,COC(=O)NC1CCC(NCC(O)C(Cc2cc(F)cc(F)c2)NC(C)=O)(c2cccc(C(C)(C)C)c2)CC1,0.61,-1.62,True
49,296,CC(=O)NC(Cc1cc(F)cc(F)c1)C(O)CNC1(c2cccc(C3CCCCC3)c2)CCCCC1,CC(=O)N[C@@H](Cc1cc(F)cc(F)c1)[C@H](O)CNC1(c2cccc(C(C)(C)C(F)F)c2)CC1,0.634,-1.638,True
50,51,CNC(=O)C(CC(O)C1COCc2cccc(c2)C(c2ccccc2)NC(=O)c2cc(cc(N(C)S(C)(=O)=O)c2)C(=O)N1)C(C)C,COCCOC1CCCc2cc(cc(N(C)S(C)(=O)=O)c2)C(=O)NC(C(O)CC(C(=O)NCC(C)C)C(C)C)COCc2cccc1c2,0.61,0.0,False
50,60,CNC(=O)C(CC(O)C1COCc2cccc(c2)C(c2ccccc2)NC(=O)c2cc(cc(N(C)S(C)(=O)=O)c2)C(=O)N1)C(C)C,CC(C)SC(NC(=O)C(CC(O)C1COCc2cccc(c2)C(c2ccccc2)NC(=O)c2cc(cc(N(C)S(C)(=O)=O)c2)C(=O)N1)C(C)C)C(=O)NCc1ccccc1,0.756,-1.62,True
51,60,COCCOC1CCCc2cc(cc(N(C)S(C)(=O)=O)c2)C(=O)NC(C(O)CC(C(=O)NCC(C)C)C(C)C)COCc2cccc1c2,CC(C)SC(NC(=O)C(CC(O)C1COCc2cccc(c2)C(c2ccccc2)NC(=O)c2cc(cc(N(C)S(C)(=O)=O)c2)C(=O)N1)C(C)C)C(=O)NCc1ccccc1,0.549,-1.62,True
52,66,CC(C)CC(NC(=O)c1cc(C(=O)NC(C)c2ccccc2)cc(N(C)S(C)(=O)=O)c1)C(O)CC(C)C(=O)NC(C(=O)NC(C)C)C(C)C,COCC(CC(O)C(COc1cc(F)cc(F)c1)NC(=O)c1cc(C(=O)NC(C)c2ccccc2)cc(N(C)S(C)(=O)=O)c1)OC,0.523,3.959,True
52,108,CC(C)CC(NC(=O)c1cc(C(=O)NC(C)c2ccccc2)cc(N(C)S(C)(=O)=O)c1)C(O)CC(C)C(=O)NC(C(=O)NC(C)C)C(C)C,COC(CNc1ccccc1)CC(O)C(COc1cc(F)cc(F)c1)NC(=O)c1cc(C(=O)NC(C)c2ccccc2)cc(N(C)S(C)(=O)=O)c1,0.5,3.135,True
52,205,CC(C)CC(NC(=O)c1cc(C(=O)NC(C)c2ccccc2)cc(N(C)S(C)(=O)=O)c1)C(O)CC(C)C(=O)NC(C(=O)NC(C)C)C(C)C,C[C@@H](NC(=O)c1cc(C(=O)N[C@@H](Cc2ccccc2)[C@H](O)CNC2CC2)cc(N(C)S(C)(=O)=O)c1)c1ccccc1,0.537,1.135,False
56,69,CN1C(=O)C(c2cccc(-c3cccnc3)c2)(c2ccc3c(c2)OCO3)N=C1N,CN1C(=O)C(c2ccncc2)(c2cccc(-c3cccc(F)c3)c2)N=C1N,0.548,-0.699,False
56,86,CN1C(=O)C(c2cccc(-c3cccnc3)c2)(c2ccc3c(c2)OCO3)N=C1N,CCCOc1cc(C2(c3cccc(-c4cccnc4)c3)N=C(N)N(C)C2=O)ccc1OC,0.594,-0.699,False
56,192,CN1C(=O)C(c2cccc(-c3cccnc3)c2)(c2ccc3c(c2)OCO3)N=C1N,Cc1cc([C@]2(c3cccc(-c4cncnc4)c3)N=C(N)N(C)C2=O)ccn1,0.562,-0.495,False
56,226,CN1C(=O)C(c2cccc(-c3cccnc3)c2)(c2ccc3c(c2)OCO3)N=C1N,Cc1cc(C2(c3cccc(-c4cncnc4)c3)N=C(N)N(C)C2=O)cs1,0.538,-0.252,False
56,238,CN1C(=O)C(c2cccc(-c3cccnc3)c2)(c2ccc3c(c2)OCO3)N=C1N,COc1ccc([C@]2(c3cccc(-c4cccnc4)c3)N=C(N)N(C)C2=O)cc1C,0.651,-0.796,False
56,241,CN1C(=O)C(c2cccc(-c3cccnc3)c2)(c2ccc3c(c2)OCO3)N=C1N,CN1C(=O)C(c2ccsc2)(c2cccc(-c3cncnc3)c2)N=C1N,0.547,-0.553,False
56,255,CN1C(=O)C(c2cccc(-c3cccnc3)c2)(c2ccc3c(c2)OCO3)N=C1N,CCc1cc(C2(c3cccc(-c4cncnc4)c3)N=C(N)N(C)C2=O)cs1,0.545,-0.495,False
56,259,CN1C(=O)C(c2cccc(-c3cccnc3)c2)(c2ccc3c(c2)OCO3)N=C1N,CN1C(=O)[C@@](c2ccncc2)(c2cccc(-c3cccnc3)c2)N=C1N,0.714,-0.62,False
56,266,CN1C(=O)C(c2cccc(-c3cccnc3)c2)(c2ccc3c(c2)OCO3)N=C1N,CC(C)c1cc(C2(c3cccc(-c4cncnc4)c3)N=C(N)N(C)C2=O)ccn1,0.537,-0.553,False
56,284,CN1C(=O)C(c2cccc(-c3cccnc3)c2)(c2ccc3c(c2)OCO3)N=C1N,CN1C(=O)C(c2cccc(-c3cccnc3)c2)(c2ccc3c(c2)CCO3)N=C1N,0.754,-0.319,False
57,113,CC1(c2cc(NC(=O)c3ccc(OC(F)(F)F)cn3)ccc2F)N=C(N)OCC1(F)F,CC1(c2cc(NC(=O)c3nn(C(F)F)cc3Cl)ccc2F)N=C(N)OCC1(F)F,0.571,-0.477,False
57,132,CC1(c2cc(NC(=O)c3ccc(OC(F)(F)F)cn3)ccc2F)N=C(N)OCC1(F)F,CC1(c2cc(NC(=O)c3cnc(OCC(F)(F)F)cn3)ccc2F)N=C(N)OCC1(F)F,0.718,-0.358,False
57,232,CC1(c2cc(NC(=O)c3ccc(OC(F)(F)F)cn3)ccc2F)N=C(N)OCC1(F)F,N#Cc1ccc(C(=O)Nc2ccc(F)c([C@@]3(CF)N=C(N)OCC3(F)F)c2)nc1,0.538,-0.066,False
57,281,CC1(c2cc(NC(=O)c3ccc(OC(F)(F)F)cn3)ccc2F)N=C(N)OCC1(F)F,CC1(c2cc(NC(=O)c3ncc(Cl)cn3)ccc2F)N=C(N)OCC1(F)F,0.687,0.07,False
59,163,NC1=NC(c2ccc(OC(F)F)cc2)(c2cccc(C#COCCCF)c2)C2=NCC(F)(F)CN12,CN1C(=O)[C@@](c2ccc(OC(F)F)cc2)(c2cccc(C#CCCF)c2)N=C1N,0.519,-0.77,False
61,84,CN1C(=O)CC(C)(C2CC2c2cccc(-c3cccnc3)c2)N=C1N,CN1C(=O)CC(C)(C2CC2c2cccc(-c3ccccc3)c2)N=C1N,0.811,-0.103,False
61,156,CN1C(=O)CC(C)(C2CC2c2cccc(-c3cccnc3)c2)N=C1N,CN1C(=O)CC(C)(C2CC2c2cccc(/C=C/c3ccccc3)c2)N=C1N,0.65,-0.609,False
62,81,CCc1cn2c3c(cc(C(=O)NC(Cc4ccccc4)C(O)CNC4CCCCC4)cc13)N(C)S(=O)(=O)C2,CCc1cn2c3c(cc(C(=O)NC(Cc4ccccc4)[C@H](O)CNCCF)cc13)N(C)S(=O)(=O)CC2,0.643,-0.079,False
63,80,CC(NCC(O)C(Cc1ccccc1)NC(=O)c1cccc(OS(=O)(=O)Cc2ccccc2)c1)C(=O)NC1CCCCC1,CC(NCC(O)C(Cc1ccccc1)NC(=O)c1cccc(N(C2CCCCC2)S(C)(=O)=O)c1)C(=O)NC1CCCCC1,0.684,-1.637,True
63,184,CC(NCC(O)C(Cc1ccccc1)NC(=O)c1cccc(OS(=O)(=O)Cc2ccccc2)c1)C(=O)NC1CCCCC1,COc1ccc(N(c2cccc(C(=O)NC(Cc3ccccc3)C(O)CNC(C)C(=O)NC3CCCCC3)c2)S(C)(=O)=O)cc1,0.675,-3.073,True
63,204,CC(NCC(O)C(Cc1ccccc1)NC(=O)c1cccc(OS(=O)(=O)Cc2ccccc2)c1)C(=O)NC1CCCCC1,CC(NC[C@@H](O)[C@H](Cc1ccccc1)NC(=O)c1cccc(N(c2ccccc2)S(C)(=O)=O)c1)C(=O)NC1CCCCC1,0.701,-2.938,True
63,219,CC(NCC(O)C(Cc1ccccc1)NC(=O)c1cccc(OS(=O)(=O)Cc2ccccc2)c1)C(=O)NC1CCCCC1,COc1ccccc1N(c1cccc(C(=O)NC(Cc2ccccc2)C(O)CNC(C)C(=O)NC2CCCCC2)c1)S(C)(=O)=O,0.655,-2.014,True
65,250,N=C1NC2(c3cccc(-c4cc(F)cc(Cl)c4)c3)CCOCC2O1,N=C1NC2(c3cccc(-c4cncc(Cl)c4)c3)CCOCC2O1,0.724,0.544,False
65,294,N=C1NC2(c3cccc(-c4cc(F)cc(Cl)c4)c3)CCOCC2O1,N=C1NC2(c3cccc(NC(=O)c4ccc(F)cn4)c3)CCOCC2O1,0.543,0.319,False
66,108,COCC(CC(O)C(COc1cc(F)cc(F)c1)NC(=O)c1cc(C(=O)NC(C)c2ccccc2)cc(N(C)S(C)(=O)=O)c1)OC,COC(CNc1ccccc1)CC(O)C(COc1cc(F)cc(F)c1)NC(=O)c1cc(C(=O)NC(C)c2ccccc2)cc(N(C)S(C)(=O)=O)c1,0.842,-0.824,False
66,205,COCC(CC(O)C(COc1cc(F)cc(F)c1)NC(=O)c1cc(C(=O)NC(C)c2ccccc2)cc(N(C)S(C)(=O)=O)c1)OC,C[C@@H](NC(=O)c1cc(C(=O)N[C@@H](Cc2ccccc2)[C@H](O)CNC2CC2)cc(N(C)S(C)(=O)=O)c1)c1ccccc1,0.506,-2.824,True
66,252,COCC(CC(O)C(COc1cc(F)cc(F)c1)NC(=O)c1cc(C(=O)NC(C)c2ccccc2)cc(N(C)S(C)(=O)=O)c1)OC,COC(COCc1ccccc1)CC(O)C(COc1cc(F)cc(F)c1)NC(=O)c1cc(C(=O)NC(C)c2ccccc2)cc(N(C)S(C)(=O)=O)c1,0.855,-1.62,True
68,141,Nc1cccc(Cn2c(-c3ccc(Oc4nccs4)cc3)ccc2-c2ccccc2Cl)n1,COc1ccc(-c2ccc(-c3ccccc3Cl)n2Cc2cccc(N)n2)cc1,0.683,0.927,False
68,214,Nc1cccc(Cn2c(-c3ccc(Oc4nccs4)cc3)ccc2-c2ccccc2Cl)n1,N#CCCCOc1ccc(-c2ccc(-c3ccccc3Cl)n2Cc2cccc(N)n2)cc1,0.627,0.161,False
69,82,CN1C(=O)C(c2ccncc2)(c2cccc(-c3cccc(F)c3)c2)N=C1N,CN1C(=O)C(c2ccccc2)(c2ccccc2)N=C1N,0.565,1.857,True
69,86,CN1C(=O)C(c2ccncc2)(c2cccc(-c3cccc(F)c3)c2)N=C1N,CCCOc1cc(C2(c3cccc(-c4cccnc4)c3)N=C(N)N(C)C2=O)ccc1OC,0.5,0.0,False
69,159,CN1C(=O)C(c2ccncc2)(c2cccc(-c3cccc(F)c3)c2)N=C1N,Cc1cc(C2(c3cccc(-c4cncnc4)c3)N=C(N)N(C)C2=O)c(Cl)s1,0.5,0.973,False
69,175,CN1C(=O)C(c2ccncc2)(c2cccc(-c3cccc(F)c3)c2)N=C1N,CCn1cc([C@@]2(c3cccc(-c4cccnc4F)c3)N=C(N)N(C)C2=O)cn1,0.515,1.593,True
69,192,CN1C(=O)C(c2ccncc2)(c2cccc(-c3cccc(F)c3)c2)N=C1N,Cc1cc([C@]2(c3cccc(-c4cncnc4)c3)N=C(N)N(C)C2=O)ccn1,0.614,0.204,False
69,197,CN1C(=O)C(c2ccncc2)(c2cccc(-c3cccc(F)c3)c2)N=C1N,CN1C(=O)[C@@](c2ccncc2)(c2cccc(-c3cc(F)ccc3F)c2)N=C1N,0.788,-0.398,False
69,226,CN1C(=O)C(c2ccncc2)(c2cccc(-c3cccc(F)c3)c2)N=C1N,Cc1cc(C2(c3cccc(-c4cncnc4)c3)N=C(N)N(C)C2=O)cs1,0.559,0.447,False
69,238,CN1C(=O)C(c2ccncc2)(c2cccc(-c3cccc(F)c3)c2)N=C1N,COc1ccc([C@]2(c3cccc(-c4cccnc4)c3)N=C(N)N(C)C2=O)cc1C,0.548,-0.097,False
69,241,CN1C(=O)C(c2ccncc2)(c2cccc(-c3cccc(F)c3)c2)N=C1N,CN1C(=O)C(c2ccsc2)(c2cccc(-c3cncnc3)c2)N=C1N,0.569,0.146,False
69,255,CN1C(=O)C(c2ccncc2)(c2cccc(-c3cccc(F)c3)c2)N=C1N,CCc1cc(C2(c3cccc(-c4cncnc4)c3)N=C(N)N(C)C2=O)cs1,0.541,0.204,False
69,259,CN1C(=O)C(c2ccncc2)(c2cccc(-c3cccc(F)c3)c2)N=C1N,CN1C(=O)[C@@](c2ccncc2)(c2cccc(-c3cccnc3)c2)N=C1N,0.76,0.079,False
69,266,CN1C(=O)C(c2ccncc2)(c2cccc(-c3cccc(F)c3)c2)N=C1N,CC(C)c1cc(C2(c3cccc(-c4cncnc4)c3)N=C(N)N(C)C2=O)ccn1,0.583,0.146,False
69,284,CN1C(=O)C(c2ccncc2)(c2cccc(-c3cccc(F)c3)c2)N=C1N,CN1C(=O)C(c2cccc(-c3cccnc3)c2)(c2ccc3c(c2)CCO3)N=C1N,0.523,0.38,False
70,92,CCCN(CCC)C(=O)c1cc(C(=O)NC(Cc2cc(F)cc(F)c2)C(O)CNCc2cccc(OC)c2)cc(/C(C)=N\OC)c1,CCCCN(C)C(=O)n1cc(C(=O)NC(Cc2cc(F)cc(F)c2)C(O)CNCc2cccc(OC)c2)c2ccccc21,0.537,0.869,False
70,115,CCCN(CCC)C(=O)c1cc(C(=O)NC(Cc2cc(F)cc(F)c2)C(O)CNCc2cccc(OC)c2)cc(/C(C)=N\OC)c1,CCCN(CCC)C(=O)c1cc(C(=O)NC(Cc2cc(F)cc(F)c2)C(O)CNCc2cccc(OC)c2)cc(C(C)NC(C)=O)c1,0.787,1.301,False
70,142,CCCN(CCC)C(=O)c1cc(C(=O)NC(Cc2cc(F)cc(F)c2)C(O)CNCc2cccc(OC)c2)cc(/C(C)=N\OC)c1,CCCN(CCC)C(=O)c1cc(Oc2ccccc2)cc(C(=O)NC(Cc2cc(F)cc(F)c2)C(O)CNCc2cccc(OC)c2)c1,0.795,1.0,False
70,145,CCCN(CCC)C(=O)c1cc(C(=O)NC(Cc2cc(F)cc(F)c2)C(O)CNCc2cccc(OC)c2)cc(/C(C)=N\OC)c1,CCCCN(C)C(=O)n1cc(C(=O)NC(Cc2cc(F)cc(F)c2)C(O)CNCc2cccc(OC)c2)c2cccnc21,0.515,1.519,True
70,200,CCCN(CCC)C(=O)c1cc(C(=O)NC(Cc2cc(F)cc(F)c2)C(O)CNCc2cccc(OC)c2)cc(/C(C)=N\OC)c1,COc1cccc(CNC[C@H](O)[C@H](Cc2cc(F)cc(F)c2)NC(=O)c2cc(C(C)=O)cc(N3CCCCS3(=O)=O)c2)c1,0.582,1.954,True
70,208,CCCN(CCC)C(=O)c1cc(C(=O)NC(Cc2cc(F)cc(F)c2)C(O)CNCc2cccc(OC)c2)cc(/C(C)=N\OC)c1,CCCN(CCC)C(=O)c1cc(C(N)=O)cc(C(=O)N[C@@H](Cc2cc(F)cc(F)c2)[C@H](O)CNCc2cccc(OC)c2)c1,0.816,1.041,False
70,301,CCCN(CCC)C(=O)c1cc(C(=O)NC(Cc2cc(F)cc(F)c2)C(O)CNCc2cccc(OC)c2)cc(/C(C)=N\OC)c1,C=CCO/N=C(/C)c1cc(C(=O)N[C@@H](Cc2cc(F)cc(F)c2)[C@@H](O)CNCc2cccc(OC)c2)cc(N2CCCCS2(=O)=O)c1,0.592,2.045,True
71,146,CC(=O)NC(Cc1cccc(F)c1)C(O)CNC1CC2(CCC2)Oc2ncc(CC(C)(C)C)cc21,COCC(=O)NC(Cc1cccc(-c2ncco2)c1)C(O)CNC1CC2(CCC2)Oc2ncc(CC(C)(C)C)cc21,0.652,0.982,False
71,147,CC(=O)NC(Cc1cccc(F)c1)C(O)CNC1CC2(CCC2)Oc2ncc(CC(C)(C)C)cc21,COCC(=O)NC(Cc1cc(-c2nccs2)ccc1F)C(O)CNC1CC2(CCC2)Oc2ncc(CC(C)(C)C)cc21,0.582,0.978,False
71,148,CC(=O)NC(Cc1cccc(F)c1)C(O)CNC1CC2(CCC2)Oc2ncc(CC(C)(C)C)cc21,COCC(=O)NC(Cc1cccc(-c2ccccn2)c1)C(O)CNC1CC2(CCC2)Oc2ncc(CC(C)(C)C)cc21,0.659,0.968,False
71,154,CC(=O)NC(Cc1cccc(F)c1)C(O)CNC1CC2(CCC2)Oc2ncc(CC(C)(C)C)cc21,CC(=O)NC(Cc1ccc(Cl)cc1)C(O)CNC1CC2(CCC2)Oc2ncc(CC(C)(C)C)cc21,0.779,0.919,False
71,217,CC(=O)NC(Cc1cccc(F)c1)C(O)CNC1CC2(CCC2)Oc2ncc(CC(C)(C)C)cc21,CCc1cnc2c(c1)C(NCC(O)C(Cc1ccccc1)NC(C)=O)CC1(CCC1)O2,0.727,1.959,True
71,287,CC(=O)NC(Cc1cccc(F)c1)C(O)CNC1CC2(CCC2)Oc2ncc(CC(C)(C)C)cc21,CC(=O)N[C@@H](Cc1ccc(F)cc1)[C@H](O)CN[C@H]1CC2(CCC2)Oc2ncc(CC(C)(C)C)cc21,0.851,0.699,False
72,299,NC1=NC(c2ccccc2)(c2cccc(Cc3ccc(F)cc3)c2)C2=NCCCN12,COc1cccc([C@@]2(c3ccccc3)N=C(N)N3CCCN=C32)c1,0.603,0.394,False
73,188,COc1ccc(C2(c3cccc(-c4cc(Cl)cc(Cl)c4)c3)N=C(N)N3CCCN=C32)cc1,NC1=N[C@](c2ccc(OC(F)(F)F)cc2)(c2cccc(-c3cccnc3F)c2)C2=NCCCCCN12,0.52,0.764,False
73,268,COc1ccc(C2(c3cccc(-c4cc(Cl)cc(Cl)c4)c3)N=C(N)N3CCCN=C32)cc1,COc1ccc(C2(c3cccc(-c4cncnc4)c3)N=C(N)N3CC(F)(F)CN=C32)cc1,0.551,0.65,False
73,276,COc1ccc(C2(c3cccc(-c4cc(Cl)cc(Cl)c4)c3)N=C(N)N3CCCN=C32)cc1,COc1ccc(C2(c3cccc(-c4cccnc4F)c3)N=C(N)N3CCCN=C32)cc1,0.692,0.495,False
73,299,COc1ccc(C2(c3cccc(-c4cc(Cl)cc(Cl)c4)c3)N=C(N)N3CCCN=C32)cc1,COc1cccc([C@@]2(c3ccccc3)N=C(N)N3CCCN=C32)c1,0.672,2.957,True
77,180,CN1C(=O)C2(CC(C)(C)Sc3ccc(-c4cncnc4)cc32)N=C1N,CN1C(=O)C2(CC(C)(C)Cc3ccc(-c4cncc(Cl)c4)cc32)N=C1N,0.531,-0.204,False
77,186,CN1C(=O)C2(CC(C)(C)Sc3ccc(-c4cncnc4)cc32)N=C1N,CN1C(=O)C2(CC(C)(C)Sc3ccc(-c4cncc(Cl)c4)cc32)N=C1N,0.786,-0.339,False
77,235,CN1C(=O)C2(CC(C)(C)Sc3ccc(-c4cncnc4)cc32)N=C1N,CN1C(=O)[C@]2(CC(C)(C)Cc3ccc(-c4cncnc4)cc32)N=C1N,0.679,0.0,False
80,184,CC(NCC(O)C(Cc1ccccc1)NC(=O)c1cccc(N(C2CCCCC2)S(C)(=O)=O)c1)C(=O)NC1CCCCC1,COc1ccc(N(c2cccc(C(=O)NC(Cc3ccccc3)C(O)CNC(C)C(=O)NC3CCCCC3)c2)S(C)(=O)=O)cc1,0.75,-1.436,False
80,204,CC(NCC(O)C(Cc1ccccc1)NC(=O)c1cccc(N(C2CCCCC2)S(C)(=O)=O)c1)C(=O)NC1CCCCC1,CC(NC[C@@H](O)[C@H](Cc1ccccc1)NC(=O)c1cccc(N(c2ccccc2)S(C)(=O)=O)c1)C(=O)NC1CCCCC1,0.833,-1.301,False
80,205,CC(NCC(O)C(Cc1ccccc1)NC(=O)c1cccc(N(C2CCCCC2)S(C)(=O)=O)c1)C(=O)NC1CCCCC1,C[C@@H](NC(=O)c1cc(C(=O)N[C@@H](Cc2ccccc2)[C@H](O)CNC2CC2)cc(N(C)S(C)(=O)=O)c1)c1ccccc1,0.512,-1.301,False
80,219,CC(NCC(O)C(Cc1ccccc1)NC(=O)c1cccc(N(C2CCCCC2)S(C)(=O)=O)c1)C(=O)NC1CCCCC1,COc1ccccc1N(c1cccc(C(=O)NC(Cc2ccccc2)C(O)CNC(C)C(=O)NC2CCCCC2)c1)S(C)(=O)=O,0.75,-0.377,False
81,93,CCc1cn2c3c(cc(C(=O)NC(Cc4ccccc4)[C@H](O)CNCCF)cc13)N(C)S(=O)(=O)CC2,CCc1cn2c3c(cc(C(=O)NC(Cc4ccccc4)[C@H](O)CNCc4cccc(C(F)(F)F)c4)cc13)OS(=O)(=O)CC2,0.576,-0.796,False
81,116,CCc1cn2c3c(cc(C(=O)NC(Cc4ccccc4)[C@H](O)CNCCF)cc13)N(C)S(=O)(=O)CC2,CCn1cc2c3c(cc(C(=O)NC(Cc4ccccc4)[C@H](O)CNCC(F)F)cc31)N(C)S(=O)(=O)CC2,0.533,-0.398,False
82,197,CN1C(=O)C(c2ccccc2)(c2ccccc2)N=C1N,CN1C(=O)[C@@](c2ccncc2)(c2cccc(-c3cc(F)ccc3F)c2)N=C1N,0.51,-2.255,True
82,241,CN1C(=O)C(c2ccccc2)(c2ccccc2)N=C1N,CN1C(=O)C(c2ccsc2)(c2cccc(-c3cncnc3)c2)N=C1N,0.5,-1.711,True
82,259,CN1C(=O)C(c2ccccc2)(c2ccccc2)N=C1N,CN1C(=O)[C@@](c2ccncc2)(c2cccc(-c3cccnc3)c2)N=C1N,0.565,-1.778,True
83,187,CCSc1cccc(-c2ccc(C3CC3c3cc(=O)n(C)c(N)n3)cc2)c1,COc1cccc(-c2ccc(C3CC3c3cc(=O)n(C)c(N)n3)cc2)c1,0.678,0.196,False
83,233,CCSc1cccc(-c2ccc(C3CC3c3cc(=O)n(C)c(N)n3)cc2)c1,CC(C)Oc1cccc(-c2ccc(C3CC3c3cc(=O)n(C)c(N)n3)cc2)c1,0.645,0.773,False
83,237,CCSc1cccc(-c2ccc(C3CC3c3cc(=O)n(C)c(N)n3)cc2)c1,Cn1c(N)nc(C2CC2c2ccc(-c3ccco3)cc2)cc1=O,0.59,0.812,False
84,97,CN1C(=O)CC(C)(C2CC2c2cccc(-c3ccccc3)c2)N=C1N,CN1C(=O)CC(C)(CCc2cccc(-c3ccccc3)c2)N=C1N,0.525,-0.855,False
84,156,CN1C(=O)CC(C)(C2CC2c2cccc(-c3ccccc3)c2)N=C1N,CN1C(=O)CC(C)(C2CC2c2cccc(/C=C/c3ccccc3)c2)N=C1N,0.759,-0.506,False
85,100,CC(C)c1cccc(CNCC(O)C2Cc3cccc(c3)OCCCCNc3cccc(c3)C(=O)N2)c1,Cc1cc2cc(n1)NCCCCOc1cccc(c1)CC(C(O)CNCc1cccc(C(C)C)c1)NC2=O,0.765,-1.034,False
85,104,CC(C)c1cccc(CNCC(O)C2Cc3cccc(c3)OCCCCNc3cccc(c3)C(=O)N2)c1,CC(C)c1cccc(CNCC(O)C2COCCCCCNC(=O)c3cc(cc(N(C)S(C)(=O)=O)c3)C(=O)N2)c1,0.533,-1.261,False
85,138,CC(C)c1cccc(CNCC(O)C2Cc3cccc(c3)OCCCCNc3cccc(c3)C(=O)N2)c1,COCc1cc2cc(c1)C(=O)NC(C(O)CNCc1cccc(C(C)C)c1)Cc1cccc(c1)OCCCCN2,0.812,-0.687,False
85,150,CC(C)c1cccc(CNCC(O)C2Cc3cccc(c3)OCCCCNc3cccc(c3)C(=O)N2)c1,COCc1cc2cc(n1)OCCCCOc1cccc(c1)CC(C(O)CNC1(c3cccc(C(C)C)c3)CC1)NC2=O,0.515,-1.511,True
85,194,CC(C)c1cccc(CNCC(O)C2Cc3cccc(c3)OCCCCNc3cccc(c3)C(=O)N2)c1,COCc1cc2cc(c1)C(=O)N[C@H]([C@H](O)CNC1(c3cccc(C(C)C)c3)CC1)Cc1cccc(c1)OCCCCN2,0.637,-1.235,False
86,175,CCCOc1cc(C2(c3cccc(-c4cccnc4)c3)N=C(N)N(C)C2=O)ccc1OC,CCn1cc([C@@]2(c3cccc(-c4cccnc4F)c3)N=C(N)N(C)C2=O)cn1,0.5,1.593,True
86,192,CCCOc1cc(C2(c3cccc(-c4cccnc4)c3)N=C(N)N(C)C2=O)ccc1OC,Cc1cc([C@]2(c3cccc(-c4cncnc4)c3)N=C(N)N(C)C2=O)ccn1,0.536,0.204,False
86,238,CCCOc1cc(C2(c3cccc(-c4cccnc4)c3)N=C(N)N(C)C2=O)ccc1OC,COc1ccc([C@]2(c3cccc(-c4cccnc4)c3)N=C(N)N(C)C2=O)cc1C,0.746,-0.097,False
86,241,CCCOc1cc(C2(c3cccc(-c4cccnc4)c3)N=C(N)N(C)C2=O)ccc1OC,CN1C(=O)C(c2ccsc2)(c2cccc(-c3cncnc3)c2)N=C1N,0.5,0.146,False
86,255,CCCOc1cc(C2(c3cccc(-c4cccnc4)c3)N=C(N)N(C)C2=O)ccc1OC,CCc1cc(C2(c3cccc(-c4cncnc4)c3)N=C(N)N(C)C2=O)cs1,0.521,0.204,False
86,259,CCCOc1cc(C2(c3cccc(-c4cccnc4)c3)N=C(N)N(C)C2=O)ccc1OC,CN1C(=O)[C@@](c2ccncc2)(c2cccc(-c3cccnc3)c2)N=C1N,0.645,0.079,False
86,266,CCCOc1cc(C2(c3cccc(-c4cccnc4)c3)N=C(N)N(C)C2=O)ccc1OC,CC(C)c1cc(C2(c3cccc(-c4cncnc4)c3)N=C(N)N(C)C2=O)ccn1,0.514,0.146,False
86,284,CCCOc1cc(C2(c3cccc(-c4cccnc4)c3)N=C(N)N(C)C2=O)ccc1OC,CN1C(=O)C(c2cccc(-c3cccnc3)c2)(c2ccc3c(c2)CCO3)N=C1N,0.592,0.38,False
87,98,CC(=O)N[C@@H](Cc1cc(F)cc(F)c1)[C@H](O)CNC1(c2cccc(C(C)(C)CF)c2)CC1,CC(=O)NC(Cc1cc(F)cc(F)c1)C(O)CNC1(c2cccc(N3CCOCC3=O)c2)CCCCC1,0.562,0.652,False
87,110,CC(=O)N[C@@H](Cc1cc(F)cc(F)c1)[C@H](O)CNC1(c2cccc(C(C)(C)CF)c2)CC1,CCc1cccc(C2(NCC(O)C(Cc3cc(F)cc(F)c3)NC(C)=O)CCCCC2)c1,0.672,0.376,False
87,118,CC(=O)N[C@@H](Cc1cc(F)cc(F)c1)[C@H](O)CNC1(c2cccc(C(C)(C)CF)c2)CC1,CC(=O)NC(Cc1cc(F)cc(F)c1)C(O)CNC1(c2cccc(C3CCCC3)c2)CCCCC1,0.634,0.511,False
87,124,CC(=O)N[C@@H](Cc1cc(F)cc(F)c1)[C@H](O)CNC1(c2cccc(C(C)(C)CF)c2)CC1,CSC1CCC(NCC(O)C(Cc2cc(F)cc(F)c2)NC(C)=O)(c2cccc(C(C)(C)C)c2)CC1,0.714,-1.082,False
87,126,CC(=O)N[C@@H](Cc1cc(F)cc(F)c1)[C@H](O)CNC1(c2cccc(C(C)(C)CF)c2)CC1,CC(=O)NC(Cc1cc(F)cc(F)c1)C(O)CNC1(c2cc(C(C)(C)C)ccn2)CC1,0.614,0.344,False
87,131,CC(=O)N[C@@H](Cc1cc(F)cc(F)c1)[C@H](O)CNC1(c2cccc(C(C)(C)CF)c2)CC1,CC(=O)NC(Cc1cc(F)cc(F)c1)C(O)CNC1(c2cccc(C3CCCC3=O)c2)CCCCC1,0.592,0.441,False
87,139,CC(=O)N[C@@H](Cc1cc(F)cc(F)c1)[C@H](O)CNC1(c2cccc(C(C)(C)CF)c2)CC1,CC(=O)NC(Cc1cc(F)cc(F)c1)C(O)CNC1(c2cccc(C(C)(C)C)c2)CCc2nc(N)ncc2C1,0.605,-1.316,False
87,144,CC(=O)N[C@@H](Cc1cc(F)cc(F)c1)[C@H](O)CNC1(c2cccc(C(C)(C)CF)c2)CC1,CC(=O)NC(Cc1cc(F)cc(F)c1)C(O)CNC1(c2cccc(C(C)(C)C)c2)CCC(C(F)(F)F)CC1,0.725,-0.944,False
87,165,CC(=O)N[C@@H](Cc1cc(F)cc(F)c1)[C@H](O)CNC1(c2cccc(C(C)(C)CF)c2)CC1,CC(=O)N[C@@H](Cc1cc(F)cc(F)c1)[C@H](O)CNC1(c2cccc(C(C)(C)C)c2)CCC1,0.794,0.323,False
87,169,CC(=O)N[C@@H](Cc1cc(F)cc(F)c1)[C@H](O)CNC1(c2cccc(C(C)(C)CF)c2)CC1,CC(=O)NC(Cc1cc(F)cc(F)c1)C(O)CNC1(c2ccn(C(C)(C)C)n2)CCCCC1,0.547,0.802,False
87,171,CC(=O)N[C@@H](Cc1cc(F)cc(F)c1)[C@H](O)CNC1(c2cccc(C(C)(C)CF)c2)CC1,CC(=O)NC(Cc1cc(F)cc(F)c1)C(O)CNC1(c2cccc(-c3cscn3)c2)CCCCC1,0.584,-0.421,False
87,173,CC(=O)N[C@@H](Cc1cc(F)cc(F)c1)[C@H](O)CNC1(c2cccc(C(C)(C)CF)c2)CC1,CC(=O)N[C@@H](Cc1cc(F)cc(F)c1)[C@H](O)CN[C@]1(c2cccc(C(C)(C)C(F)F)c2)C[C@H]1C,0.625,0.768,False
87,210,CC(=O)N[C@@H](Cc1cc(F)cc(F)c1)[C@H](O)CNC1(c2cccc(C(C)(C)CF)c2)CC1,CC(=O)NC(Cc1cc(F)cc(F)c1)C(O)CNC1(c2cccs2)CCCCC1,0.563,2.015,True
87,227,CC(=O)N[C@@H](Cc1cc(F)cc(F)c1)[C@H](O)CNC1(c2cccc(C(C)(C)CF)c2)CC1,CC(=O)NC(Cc1cc(F)cc(F)c1)C(O)CNC1(c2cccc(C(C)(C)C)c2)CC1,0.85,-0.316,False
87,228,CC(=O)N[C@@H](Cc1cc(F)cc(F)c1)[C@H](O)CNC1(c2cccc(C(C)(C)CF)c2)CC1,CC(=O)NC(Cc1cc(F)cc(F)c1)C(O)CNC1(c2cccc(C3CCOC3)c2)CCCCC1,0.584,-0.518,False
87,236,CC(=O)N[C@@H](Cc1cc(F)cc(F)c1)[C@H](O)CNC1(c2cccc(C(C)(C)CF)c2)CC1,COC1CCC(NCC(O)C(Cc2cc(F)cc(F)c2)NC(C)=O)(c2cccc(C(C)(C)C)c2)CC1,0.714,-0.316,False
87,244,CC(=O)N[C@@H](Cc1cc(F)cc(F)c1)[C@H](O)CNC1(c2cccc(C(C)(C)CF)c2)CC1,CC(=O)NC(Cc1cc(F)cc(F)c1)C(O)CNC1(c2nc(C(C)(C)C)co2)CC1,0.569,2.17,True
87,249,CC(=O)N[C@@H](Cc1cc(F)cc(F)c1)[C@H](O)CNC1(c2cccc(C(C)(C)CF)c2)CC1,CC(=O)NC(Cc1cc(F)cc(F)c1)C(O)CNC1(c2cc(CC(C)(C)C)cs2)CCCCC1,0.541,-0.345,False
87,277,CC(=O)N[C@@H](Cc1cc(F)cc(F)c1)[C@H](O)CNC1(c2cccc(C(C)(C)CF)c2)CC1,CC(=O)N[C@@H](Cc1cc(F)cc(F)c1)[C@H](O)CNC(C)(C)c1cccc(C(C)(C)C)c1,0.567,-0.161,False
87,279,CC(=O)N[C@@H](Cc1cc(F)cc(F)c1)[C@H](O)CNC1(c2cccc(C(C)(C)CF)c2)CC1,C=C(C)c1cccc(C2(NCC(O)C(Cc3cc(F)cc(F)c3)NC(C)=O)CCCCC2)c1,0.652,-0.462,False
87,292,CC(=O)N[C@@H](Cc1cc(F)cc(F)c1)[C@H](O)CNC1(c2cccc(C(C)(C)CF)c2)CC1,COC(=O)NC1CCC(NCC(O)C(Cc2cc(F)cc(F)c2)NC(C)=O)(c2cccc(C(C)(C)C)c2)CC1,0.694,-0.082,False
87,296,CC(=O)N[C@@H](Cc1cc(F)cc(F)c1)[C@H](O)CNC1(c2cccc(C(C)(C)CF)c2)CC1,CC(=O)N[C@@H](Cc1cc(F)cc(F)c1)[C@H](O)CNC1(c2cccc(C(C)(C)C(F)F)c2)CC1,0.81,-0.101,False
89,180,CN1C(=O)C(c2cccc(-c3cncc(Cl)c3)c2)(C2CC2)N=C1N,CN1C(=O)C2(CC(C)(C)Cc3ccc(-c4cncc(Cl)c4)cc32)N=C1N,0.523,-0.294,False
89,186,CN1C(=O)C(c2cccc(-c3cncc(Cl)c3)c2)(C2CC2)N=C1N,CN1C(=O)C2(CC(C)(C)Sc3ccc(-c4cncc(Cl)c4)cc32)N=C1N,0.507,-0.428,False
89,259,CN1C(=O)C(c2cccc(-c3cncc(Cl)c3)c2)(C2CC2)N=C1N,CN1C(=O)[C@@](c2ccncc2)(c2cccc(-c3cccnc3)c2)N=C1N,0.5,0.007,False
92,95,CCCCN(C)C(=O)n1cc(C(=O)NC(Cc2cc(F)cc(F)c2)C(O)CNCc2cccc(OC)c2)c2ccccc21,CCOC[C@H]1CCCCN1C(=O)n1cc(C(=O)N[C@@H](Cc2cc(F)cc(F)c2)[C@H](O)CNCc2cccc(OC)c2)c2cccnc21,0.538,0.546,False
92,115,CCCCN(C)C(=O)n1cc(C(=O)NC(Cc2cc(F)cc(F)c2)C(O)CNCc2cccc(OC)c2)c2ccccc21,CCCN(CCC)C(=O)c1cc(C(=O)NC(Cc2cc(F)cc(F)c2)C(O)CNCc2cccc(OC)c2)cc(C(C)NC(C)=O)c1,0.547,0.432,False
92,120,CCCCN(C)C(=O)n1cc(C(=O)NC(Cc2cc(F)cc(F)c2)C(O)CNCc2cccc(OC)c2)c2ccccc21,CCCCN(C)C(=O)n1cc(C(=O)NC(Cc2cc(F)cc(F)c2)C(O)CNCc2cccc(OC)c2)c2cc(C(=O)OCc3ccccc3)ccc21,0.809,2.065,True
92,142,CCCCN(C)C(=O)n1cc(C(=O)NC(Cc2cc(F)cc(F)c2)C(O)CNCc2cccc(OC)c2)c2ccccc21,CCCN(CCC)C(=O)c1cc(Oc2ccccc2)cc(C(=O)NC(Cc2cc(F)cc(F)c2)C(O)CNCc2cccc(OC)c2)c1,0.565,0.131,False
92,145,CCCCN(C)C(=O)n1cc(C(=O)NC(Cc2cc(F)cc(F)c2)C(O)CNCc2cccc(OC)c2)c2ccccc21,CCCCN(C)C(=O)n1cc(C(=O)NC(Cc2cc(F)cc(F)c2)C(O)CNCc2cccc(OC)c2)c2cccnc21,0.812,0.649,False
92,153,CCCCN(C)C(=O)n1cc(C(=O)NC(Cc2cc(F)cc(F)c2)C(O)CNCc2cccc(OC)c2)c2ccccc21,CCCCN(C)C(=O)n1cc(C(=O)NC(Cc2cc(F)cc(F)c2)C(O)CNCc2cccc(CC)c2)c2cccnc21,0.685,0.065,False
92,208,CCCCN(C)C(=O)n1cc(C(=O)NC(Cc2cc(F)cc(F)c2)C(O)CNCc2cccc(OC)c2)c2ccccc21,CCCN(CCC)C(=O)c1cc(C(N)=O)cc(C(=O)N[C@@H](Cc2cc(F)cc(F)c2)[C@H](O)CNCc2cccc(OC)c2)c1,0.56,0.172,False
92,209,CCCCN(C)C(=O)n1cc(C(=O)NC(Cc2cc(F)cc(F)c2)C(O)CNCc2cccc(OC)c2)c2ccccc21,COCCN(C)C(=O)n1cc(C(=O)NC(Cc2cc(F)cc(F)c2)C(O)CNCc2cccc(OC)c2)c2cccnc21,0.708,0.994,False
92,224,CCCCN(C)C(=O)n1cc(C(=O)NC(Cc2cc(F)cc(F)c2)C(O)CNCc2cccc(OC)c2)c2ccccc21,CCCCN(CCCC)C(=O)n1cc(C(=O)N[C@@H](Cc2ccccc2)[C@H](O)CNCc2cccc(OC)c2)c2ccccc21,0.778,1.104,False
93,117,CCc1cn2c3c(cc(C(=O)NC(Cc4ccccc4)[C@H](O)CNCc4cccc(C(F)(F)F)c4)cc13)OS(=O)(=O)CC2,O=C(NC(Cc1ccccc1)C(O)CNCc1cccc(C(F)(F)F)c1)c1cccc(N2c3ccccc3OS2(=O)=O)c1,0.554,2.056,True
93,134,CCc1cn2c3c(cc(C(=O)NC(Cc4ccccc4)[C@H](O)CNCc4cccc(C(F)(F)F)c4)cc13)OS(=O)(=O)CC2,CCc1c[nH]c2c(N3CCCC3=O)cc(C(=O)NC(Cc3ccccc3)C(O)CNCc3cccc(C(F)(F)F)c3)cc12,0.561,0.512,False
93,239,CCc1cn2c3c(cc(C(=O)NC(Cc4ccccc4)[C@H](O)CNCc4cccc(C(F)(F)F)c4)cc13)OS(=O)(=O)CC2,CCc1coc2c(N3CCCC3=O)cc(C(=O)NC(Cc3ccccc3)C(O)CNCc3cccc(C(F)(F)F)c3)cc12,0.577,1.036,False
94,130,CCCCC1CCN(C(CCc2ccccc2)C(=O)NC(Cc2cc(F)cc(F)c2)C(O)C2CC(OCCC)CN2)C1=O,CCCCC1CCN(C(CCc2ccccc2)C(=O)NC(Cc2cc(F)cc(F)c2)C(O)C2CC(O)CN2)C1=O,0.819,0.119,False
94,295,CCCCC1CCN(C(CCc2ccccc2)C(=O)NC(Cc2cc(F)cc(F)c2)C(O)C2CC(OCCC)CN2)C1=O,CCCCC1CCN(C(C)C(=O)NC(Cc2cc(F)cc(F)c2)C(O)C2CC(O)CN2)C1=O,0.625,0.704,False
95,145,CCOC[C@H]1CCCCN1C(=O)n1cc(C(=O)N[C@@H](Cc2cc(F)cc(F)c2)[C@H](O)CNCc2cccc(OC)c2)c2cccnc21,CCCCN(C)C(=O)n1cc(C(=O)NC(Cc2cc(F)cc(F)c2)C(O)CNCc2cccc(OC)c2)c2cccnc21,0.653,0.104,False
95,153,CCOC[C@H]1CCCCN1C(=O)n1cc(C(=O)N[C@@H](Cc2cc(F)cc(F)c2)[C@H](O)CNCc2cccc(OC)c2)c2cccnc21,CCCCN(C)C(=O)n1cc(C(=O)NC(Cc2cc(F)cc(F)c2)C(O)CNCc2cccc(CC)c2)c2cccnc21,0.552,-0.48,False
95,209,CCOC[C@H]1CCCCN1C(=O)n1cc(C(=O)N[C@@H](Cc2cc(F)cc(F)c2)[C@H](O)CNCc2cccc(OC)c2)c2cccnc21,COCCN(C)C(=O)n1cc(C(=O)NC(Cc2cc(F)cc(F)c2)C(O)CNCc2cccc(OC)c2)c2cccnc21,0.65,0.448,False
98,110,CC(=O)NC(Cc1cc(F)cc(F)c1)C(O)CNC1(c2cccc(N3CCOCC3=O)c2)CCCCC1,CCc1cccc(C2(NCC(O)C(Cc3cc(F)cc(F)c3)NC(C)=O)CCCCC2)c1,0.662,-0.275,False
98,118,CC(=O)NC(Cc1cc(F)cc(F)c1)C(O)CNC1(c2cccc(N3CCOCC3=O)c2)CCCCC1,CC(=O)NC(Cc1cc(F)cc(F)c1)C(O)CNC1(c2cccc(C3CCCC3)c2)CCCCC1,0.628,-0.141,False
98,124,CC(=O)NC(Cc1cc(F)cc(F)c1)C(O)CNC1(c2cccc(N3CCOCC3=O)c2)CCCCC1,CSC1CCC(NCC(O)C(Cc2cc(F)cc(F)c2)NC(C)=O)(c2cccc(C(C)(C)C)c2)CC1,0.541,-1.734,True
98,131,CC(=O)NC(Cc1cc(F)cc(F)c1)C(O)CNC1(c2cccc(N3CCOCC3=O)c2)CCCCC1,CC(=O)NC(Cc1cc(F)cc(F)c1)C(O)CNC1(c2cccc(C3CCCC3=O)c2)CCCCC1,0.61,-0.211,False
98,144,CC(=O)NC(Cc1cc(F)cc(F)c1)C(O)CNC1(c2cccc(N3CCOCC3=O)c2)CCCCC1,CC(=O)NC(Cc1cc(F)cc(F)c1)C(O)CNC1(c2cccc(C(C)(C)C)c2)CCC(C(F)(F)F)CC1,0.529,-1.595,True
98,165,CC(=O)NC(Cc1cc(F)cc(F)c1)C(O)CNC1(c2cccc(N3CCOCC3=O)c2)CCCCC1,CC(=O)N[C@@H](Cc1cc(F)cc(F)c1)[C@H](O)CNC1(c2cccc(C(C)(C)C)c2)CCC1,0.61,-0.329,False
98,169,CC(=O)NC(Cc1cc(F)cc(F)c1)C(O)CNC1(c2cccc(N3CCOCC3=O)c2)CCCCC1,CC(=O)NC(Cc1cc(F)cc(F)c1)C(O)CNC1(c2ccn(C(C)(C)C)n2)CCCCC1,0.53,0.151,False
98,171,CC(=O)NC(Cc1cc(F)cc(F)c1)C(O)CNC1(c2cccc(N3CCOCC3=O)c2)CCCCC1,CC(=O)NC(Cc1cc(F)cc(F)c1)C(O)CNC1(c2cccc(-c3cscn3)c2)CCCCC1,0.583,-1.073,False
98,210,CC(=O)NC(Cc1cc(F)cc(F)c1)C(O)CNC1(c2cccc(N3CCOCC3=O)c2)CCCCC1,CC(=O)NC(Cc1cc(F)cc(F)c1)C(O)CNC1(c2cccs2)CCCCC1,0.564,1.363,False
98,227,CC(=O)NC(Cc1cc(F)cc(F)c1)C(O)CNC1(c2cccc(N3CCOCC3=O)c2)CCCCC1,CC(=O)NC(Cc1cc(F)cc(F)c1)C(O)CNC1(c2cccc(C(C)(C)C)c2)CC1,0.584,-0.968,False
98,228,CC(=O)NC(Cc1cc(F)cc(F)c1)C(O)CNC1(c2cccc(N3CCOCC3=O)c2)CCCCC1,CC(=O)NC(Cc1cc(F)cc(F)c1)C(O)CNC1(c2cccc(C3CCOC3)c2)CCCCC1,0.642,-1.169,False
98,236,CC(=O)NC(Cc1cc(F)cc(F)c1)C(O)CNC1(c2cccc(N3CCOCC3=O)c2)CCCCC1,COC1CCC(NCC(O)C(Cc2cc(F)cc(F)c2)NC(C)=O)(c2cccc(C(C)(C)C)c2)CC1,0.541,-0.968,False
98,249,CC(=O)NC(Cc1cc(F)cc(F)c1)C(O)CNC1(c2cccc(N3CCOCC3=O)c2)CCCCC1,CC(=O)NC(Cc1cc(F)cc(F)c1)C(O)CNC1(c2cc(CC(C)(C)C)cs2)CCCCC1,0.506,-0.997,False
98,279,CC(=O)NC(Cc1cc(F)cc(F)c1)C(O)CNC1(c2cccc(N3CCOCC3=O)c2)CCCCC1,C=C(C)c1cccc(C2(NCC(O)C(Cc3cc(F)cc(F)c3)NC(C)=O)CCCCC2)c1,0.645,-1.114,False
98,292,CC(=O)NC(Cc1cc(F)cc(F)c1)C(O)CNC1(c2cccc(N3CCOCC3=O)c2)CCCCC1,COC(=O)NC1CCC(NCC(O)C(Cc2cc(F)cc(F)c2)NC(C)=O)(c2cccc(C(C)(C)C)c2)CC1,0.529,-0.734,False
98,296,CC(=O)NC(Cc1cc(F)cc(F)c1)C(O)CNC1(c2cccc(N3CCOCC3=O)c2)CCCCC1,CC(=O)N[C@@H](Cc1cc(F)cc(F)c1)[C@H](O)CNC1(c2cccc(C(C)(C)C(F)F)c2)CC1,0.562,-0.752,False
99,102,N=C1NC2(c3cccc(NC(=O)c4ccc(Cl)cn4)c3)CC2CS1,N=C1COCC2CC2(c2cc(NC(=O)c3ccc(Cl)cn3)ccc2F)N1,0.5,-1.449,False
99,222,N=C1NC2(c3cccc(NC(=O)c4ccc(Cl)cn4)c3)CC2CS1,N=C1NC2(c3cccc(NC(=O)c4ccc(Cl)cn4)c3)CC2CCS1,0.845,1.734,True
100,104,Cc1cc2cc(n1)NCCCCOc1cccc(c1)CC(C(O)CNCc1cccc(C(C)C)c1)NC2=O,CC(C)c1cccc(CNCC(O)C2COCCCCCNC(=O)c3cc(cc(N(C)S(C)(=O)=O)c3)C(=O)N2)c1,0.521,-0.227,False
100,138,Cc1cc2cc(n1)NCCCCOc1cccc(c1)CC(C(O)CNCc1cccc(C(C)C)c1)NC2=O,COCc1cc2cc(c1)C(=O)NC(C(O)CNCc1cccc(C(C)C)c1)Cc1cccc(c1)OCCCCN2,0.724,0.347,False
100,150,Cc1cc2cc(n1)NCCCCOc1cccc(c1)CC(C(O)CNCc1cccc(C(C)C)c1)NC2=O,COCc1cc2cc(n1)OCCCCOc1cccc(c1)CC(C(O)CNC1(c3cccc(C(C)C)c3)CC1)NC2=O,0.535,-0.477,False
100,194,Cc1cc2cc(n1)NCCCCOc1cccc(c1)CC(C(O)CNCc1cccc(C(C)C)c1)NC2=O,COCc1cc2cc(c1)C(=O)N[C@H]([C@H](O)CNC1(c3cccc(C(C)C)c3)CC1)Cc1cccc(c1)OCCCCN2,0.571,-0.201,False
101,103,CN1C(=O)C(c2ccc(OC(F)(F)F)cc2)(c2cccc(-c3cncnc3)c2F)N=C1N,CN1C(=O)[C@](c2ccc(OC(F)(F)F)cc2)(c2ccc(F)c(-c3cncnc3)c2)N=C1N,0.714,0.009,False
102,112,N=C1COCC2CC2(c2cc(NC(=O)c3ccc(Cl)cn3)ccc2F)N1,CC1(c2cc(NC(=O)c3ccc(Cl)cn3)ccc2F)CCCOC(=N)N1,0.549,-0.285,False
102,223,N=C1COCC2CC2(c2cc(NC(=O)c3ccc(Cl)cn3)ccc2F)N1,C[C@@]1(c2cc(NC(=O)c3ccc(Cl)cn3)ccc2F)C[C@@H]2C[C@@H]2C(=N)N1,0.571,0.551,False
103,197,CN1C(=O)[C@](c2ccc(OC(F)(F)F)cc2)(c2ccc(F)c(-c3cncnc3)c2)N=C1N,CN1C(=O)[C@@](c2ccncc2)(c2cccc(-c3cc(F)ccc3F)c2)N=C1N,0.522,-1.842,True
104,138,CC(C)c1cccc(CNCC(O)C2COCCCCCNC(=O)c3cc(cc(N(C)S(C)(=O)=O)c3)C(=O)N2)c1,COCc1cc2cc(c1)C(=O)NC(C(O)CNCc1cccc(C(C)C)c1)Cc1cccc(c1)OCCCCN2,0.526,0.574,False
104,152,CC(C)c1cccc(CNCC(O)C2COCCCCCNC(=O)c3cc(cc(N(C)S(C)(=O)=O)c3)C(=O)N2)c1,Cc1cc2cc(c1)C(=O)NC(C(O)CNCc1cccc(C(C)C)c1)COC/C=C/CCNC2=O,0.612,1.495,False
105,107,CC(C)(C)c1cccc(CNC2CS(=O)(=O)CC(Cc3cc(F)c(N)c(-c4cc[nH]n4)c3)C2O)c1,CC(C)(C)c1cccc(CNC2CS(=O)(=O)CC(Cc3ccc4[nH]ncc4c3)C2O)c1,0.561,1.714,True
105,128,CC(C)(C)c1cccc(CNC2CS(=O)(=O)CC(Cc3cc(F)c(N)c(-c4cc[nH]n4)c3)C2O)c1,CCOc1cc(CC2CS(=O)(=O)CC(NCc3cccc(C(C)(C)C)c3)C2O)cc(F)c1N,0.701,-0.067,False
105,143,CC(C)(C)c1cccc(CNC2CS(=O)(=O)CC(Cc3cc(F)c(N)c(-c4cc[nH]n4)c3)C2O)c1,CCOC[C@H](Oc1cc(CC2CS(=O)(=O)CC(NCc3cccc(C(C)(C)C)c3)C2O)cc(F)c1N)C(F)(F)F,0.621,0.058,False
105,151,CC(C)(C)c1cccc(CNC2CS(=O)(=O)CC(Cc3cc(F)c(N)c(-c4cc[nH]n4)c3)C2O)c1,CC(C)(C)c1cccc(CNC2CS(=O)(=O)CC(Cc3ccc4[nH]ccc4c3)C2O)c1,0.575,1.992,True
105,162,CC(C)(C)c1cccc(CNC2CS(=O)(=O)CC(Cc3cc(F)c(N)c(-c4cc[nH]n4)c3)C2O)c1,CC(C)(C)c1cccc(CNC2CS(=O)CC(Cc3cc(O)c(N)c(F)c3)C2O)c1,0.537,1.277,False
105,195,CC(C)(C)c1cccc(CNC2CS(=O)(=O)CC(Cc3cc(F)c(N)c(-c4cc[nH]n4)c3)C2O)c1,CC(C)(C)c1cccc(CN[C@H]2CS(=O)(=O)C[C@@H](Cc3cc(F)c4c(c3)C3(CCC(F)(F)CC3)CN4)[C@@H]2O)c1,0.575,0.699,False
105,246,CC(C)(C)c1cccc(CNC2CS(=O)(=O)CC(Cc3cc(F)c(N)c(-c4cc[nH]n4)c3)C2O)c1,CCCc1cc(CC2CS(=O)(=O)CC(NCc3cccc(C(C)(C)C)c3)C2O)cc(F)c1N,0.688,0.667,False
105,270,CC(C)(C)c1cccc(CNC2CS(=O)(=O)CC(Cc3cc(F)c(N)c(-c4cc[nH]n4)c3)C2O)c1,CN(C)CC(=O)Nc1ccc(CC2CS(=O)(=O)CC(NCc3cccc(C(C)(C)C)c3)C2O)cc1F,0.565,0.338,False
105,300,CC(C)(C)c1cccc(CNC2CS(=O)(=O)CC(Cc3cc(F)c(N)c(-c4cc[nH]n4)c3)C2O)c1,CC(C)(C)c1cccc(CN[C@H]2CS(=O)C[C@@H](Cc3cc(F)c(N)c(OC(C(F)(F)F)C(F)(F)F)c3)[C@@H]2O)c1,0.506,-1.146,False
106,161,CN1C(=O)C2(CC(C)(C)Oc3ccc(-c4cc(Cl)cc(Cl)c4)cc32)N=C1N,CN1C(=O)C2(CC(C)(C)Oc3ccc(-c4ccccn4)cc32)N=C1N,0.69,1.926,True
106,180,CN1C(=O)C2(CC(C)(C)Oc3ccc(-c4cc(Cl)cc(Cl)c4)cc32)N=C1N,CN1C(=O)C2(CC(C)(C)Cc3ccc(-c4cncc(Cl)c4)cc32)N=C1N,0.556,0.03,False
106,186,CN1C(=O)C2(CC(C)(C)Oc3ccc(-c4cc(Cl)cc(Cl)c4)cc32)N=C1N,CN1C(=O)C2(CC(C)(C)Sc3ccc(-c4cncc(Cl)c4)cc32)N=C1N,0.538,-0.105,False
106,203,CN1C(=O)C2(CC(C)(C)Oc3ccc(-c4cc(Cl)cc(Cl)c4)cc32)N=C1N,CN1C(=O)C2(CC(C)(C)Oc3ccc(-c4cccnc4F)cc32)N=C1N,0.645,0.667,False
107,128,CC(C)(C)c1cccc(CNC2CS(=O)(=O)CC(Cc3ccc4[nH]ncc4c3)C2O)c1,CCOc1cc(CC2CS(=O)(=O)CC(NCc3cccc(C(C)(C)C)c3)C2O)cc(F)c1N,0.557,-1.781,True
107,151,CC(C)(C)c1cccc(CNC2CS(=O)(=O)CC(Cc3ccc4[nH]ncc4c3)C2O)c1,CC(C)(C)c1cccc(CNC2CS(=O)(=O)CC(Cc3ccc4[nH]ccc4c3)C2O)c1,0.761,0.278,False
107,195,CC(C)(C)c1cccc(CNC2CS(=O)(=O)CC(Cc3ccc4[nH]ncc4c3)C2O)c1,CC(C)(C)c1cccc(CN[C@H]2CS(=O)(=O)C[C@@H](Cc3cc(F)c4c(c3)C3(CCC(F)(F)CC3)CN4)[C@@H]2O)c1,0.536,-1.015,False
107,246,CC(C)(C)c1cccc(CNC2CS(=O)(=O)CC(Cc3ccc4[nH]ncc4c3)C2O)c1,CCCc1cc(CC2CS(=O)(=O)CC(NCc3cccc(C(C)(C)C)c3)C2O)cc(F)c1N,0.564,-1.047,False
107,270,CC(C)(C)c1cccc(CNC2CS(=O)(=O)CC(Cc3ccc4[nH]ncc4c3)C2O)c1,CN(C)CC(=O)Nc1ccc(CC2CS(=O)(=O)CC(NCc3cccc(C(C)(C)C)c3)C2O)cc1F,0.603,-1.376,False
108,205,COC(CNc1ccccc1)CC(O)C(COc1cc(F)cc(F)c1)NC(=O)c1cc(C(=O)NC(C)c2ccccc2)cc(N(C)S(C)(=O)=O)c1,C[C@@H](NC(=O)c1cc(C(=O)N[C@@H](Cc2ccccc2)[C@H](O)CNC2CC2)cc(N(C)S(C)(=O)=O)c1)c1ccccc1,0.5,-2.0,True
108,252,COC(CNc1ccccc1)CC(O)C(COc1cc(F)cc(F)c1)NC(=O)c1cc(C(=O)NC(C)c2ccccc2)cc(N(C)S(C)(=O)=O)c1,COC(COCc1ccccc1)CC(O)C(COc1cc(F)cc(F)c1)NC(=O)c1cc(C(=O)NC(C)c2ccccc2)cc(N(C)S(C)(=O)=O)c1,0.79,-0.796,False
109,174,CC(=O)c1ccccc1-c1ccc2nc(N)c(CC(C)C(=O)NCCC(C)(C)C)cc2c1,CC(Cc1cc2cc(-c3ncccc3Cl)ccc2nc1N)C(=O)NCCC(C)(C)C,0.652,-0.135,False
110,118,CCc1cccc(C2(NCC(O)C(Cc3cc(F)cc(F)c3)NC(C)=O)CCCCC2)c1,CC(=O)NC(Cc1cc(F)cc(F)c1)C(O)CNC1(c2cccc(C3CCCC3)c2)CCCCC1,0.754,0.134,False
110,124,CCc1cccc(C2(NCC(O)C(Cc3cc(F)cc(F)c3)NC(C)=O)CCCCC2)c1,CSC1CCC(NCC(O)C(Cc2cc(F)cc(F)c2)NC(C)=O)(c2cccc(C(C)(C)C)c2)CC1,0.616,-1.459,False
110,126,CCc1cccc(C2(NCC(O)C(Cc3cc(F)cc(F)c3)NC(C)=O)CCCCC2)c1,CC(=O)NC(Cc1cc(F)cc(F)c1)C(O)CNC1(c2cc(C(C)(C)C)ccn2)CC1,0.542,-0.033,False
110,131,CCc1cccc(C2(NCC(O)C(Cc3cc(F)cc(F)c3)NC(C)=O)CCCCC2)c1,CC(=O)NC(Cc1cc(F)cc(F)c1)C(O)CNC1(c2cccc(C3CCCC3=O)c2)CCCCC1,0.7,0.064,False
110,139,CCc1cccc(C2(NCC(O)C(Cc3cc(F)cc(F)c3)NC(C)=O)CCCCC2)c1,CC(=O)NC(Cc1cc(F)cc(F)c1)C(O)CNC1(c2cccc(C(C)(C)C)c2)CCc2nc(N)ncc2C1,0.524,-1.693,True
110,144,CCc1cccc(C2(NCC(O)C(Cc3cc(F)cc(F)c3)NC(C)=O)CCCCC2)c1,CC(=O)NC(Cc1cc(F)cc(F)c1)C(O)CNC1(c2cccc(C(C)(C)C)c2)CCC(C(F)(F)F)CC1,0.625,-1.32,False
110,165,CCc1cccc(C2(NCC(O)C(Cc3cc(F)cc(F)c3)NC(C)=O)CCCCC2)c1,CC(=O)N[C@@H](Cc1cc(F)cc(F)c1)[C@H](O)CNC1(c2cccc(C(C)(C)C)c2)CCC1,0.734,-0.054,False
110,169,CCc1cccc(C2(NCC(O)C(Cc3cc(F)cc(F)c3)NC(C)=O)CCCCC2)c1,CC(=O)NC(Cc1cc(F)cc(F)c1)C(O)CNC1(c2ccn(C(C)(C)C)n2)CCCCC1,0.606,0.426,False
110,171,CCc1cccc(C2(NCC(O)C(Cc3cc(F)cc(F)c3)NC(C)=O)CCCCC2)c1,CC(=O)NC(Cc1cc(F)cc(F)c1)C(O)CNC1(c2cccc(-c3cscn3)c2)CCCCC1,0.69,-0.797,False
110,173,CCc1cccc(C2(NCC(O)C(Cc3cc(F)cc(F)c3)NC(C)=O)CCCCC2)c1,CC(=O)N[C@@H](Cc1cc(F)cc(F)c1)[C@H](O)CN[C@]1(c2cccc(C(C)(C)C(F)F)c2)C[C@H]1C,0.533,0.392,False
110,210,CCc1cccc(C2(NCC(O)C(Cc3cc(F)cc(F)c3)NC(C)=O)CCCCC2)c1,CC(=O)NC(Cc1cc(F)cc(F)c1)C(O)CNC1(c2cccs2)CCCCC1,0.677,1.638,True
110,227,CCc1cccc(C2(NCC(O)C(Cc3cc(F)cc(F)c3)NC(C)=O)CCCCC2)c1,CC(=O)NC(Cc1cc(F)cc(F)c1)C(O)CNC1(c2cccc(C(C)(C)C)c2)CC1,0.703,-0.693,False
110,228,CCc1cccc(C2(NCC(O)C(Cc3cc(F)cc(F)c3)NC(C)=O)CCCCC2)c1,CC(=O)NC(Cc1cc(F)cc(F)c1)C(O)CNC1(c2cccc(C3CCOC3)c2)CCCCC1,0.69,-0.894,False
110,236,CCc1cccc(C2(NCC(O)C(Cc3cc(F)cc(F)c3)NC(C)=O)CCCCC2)c1,COC1CCC(NCC(O)C(Cc2cc(F)cc(F)c2)NC(C)=O)(c2cccc(C(C)(C)C)c2)CC1,0.616,-0.693,False
110,244,CCc1cccc(C2(NCC(O)C(Cc3cc(F)cc(F)c3)NC(C)=O)CCCCC2)c1,CC(=O)NC(Cc1cc(F)cc(F)c1)C(O)CNC1(c2nc(C(C)(C)C)co2)CC1,0.521,1.793,True
110,249,CCc1cccc(C2(NCC(O)C(Cc3cc(F)cc(F)c3)NC(C)=O)CCCCC2)c1,CC(=O)NC(Cc1cc(F)cc(F)c1)C(O)CNC1(c2cc(CC(C)(C)C)cs2)CCCCC1,0.6,-0.722,False
110,279,CCc1cccc(C2(NCC(O)C(Cc3cc(F)cc(F)c3)NC(C)=O)CCCCC2)c1,C=C(C)c1cccc(C2(NCC(O)C(Cc3cc(F)cc(F)c3)NC(C)=O)CCCCC2)c1,0.778,-0.839,False
110,292,CCc1cccc(C2(NCC(O)C(Cc3cc(F)cc(F)c3)NC(C)=O)CCCCC2)c1,COC(=O)NC1CCC(NCC(O)C(Cc2cc(F)cc(F)c2)NC(C)=O)(c2cccc(C(C)(C)C)c2)CC1,0.6,-0.459,False
110,296,CCc1cccc(C2(NCC(O)C(Cc3cc(F)cc(F)c3)NC(C)=O)CCCCC2)c1,CC(=O)N[C@@H](Cc1cc(F)cc(F)c1)[C@H](O)CNC1(c2cccc(C(C)(C)C(F)F)c2)CC1,0.672,-0.477,False
111,201,CC1CC2(CCN1Cc1ccc(O)c(Cl)c1)CN(C)S(=O)(=O)N2c1cccc(F)c1,CC(C)Oc1cc(CN2CC[C@@]3(C[C@@H]2C)CN(C)S(=O)(=O)N3c2cccc(F)c2)ccc1O,0.761,-1.204,False
111,264,CC1CC2(CCN1Cc1ccc(O)c(Cl)c1)CN(C)S(=O)(=O)N2c1cccc(F)c1,CC(C)Oc1cccc(CN2CC[C@@]3(C[C@@H]2C)CN(C)S(=O)(=O)N3c2cccc(F)c2)c1,0.694,0.176,False
111,280,CC1CC2(CCN1Cc1ccc(O)c(Cl)c1)CN(C)S(=O)(=O)N2c1cccc(F)c1,CCCOc1cccc(CN2CCC3(CNS(=O)(=O)N3c3cccc(F)c3)CC2C)c1,0.5,1.159,False
112,167,CC1(c2cc(NC(=O)c3ccc(Cl)cn3)ccc2F)CCCOC(=N)N1,CN1CCC(C)(c2cc(NC(=O)c3ccc(Cl)cn3)ccc2F)N=C1N,0.521,-0.067,False
112,223,CC1(c2cc(NC(=O)c3ccc(Cl)cn3)ccc2F)CCCOC(=N)N1,C[C@@]1(c2cc(NC(=O)c3ccc(Cl)cn3)ccc2F)C[C@@H]2C[C@@H]2C(=N)N1,0.618,0.836,False
112,231,CC1(c2cc(NC(=O)c3ccc(Cl)cn3)ccc2F)CCCOC(=N)N1,C[C@@]1(c2cc(NC(=O)c3ccc(C#N)cn3)ccc2F)CCOC(=N)N1,0.712,0.561,False
113,132,CC1(c2cc(NC(=O)c3nn(C(F)F)cc3Cl)ccc2F)N=C(N)OCC1(F)F,CC1(c2cc(NC(=O)c3cnc(OCC(F)(F)F)cn3)ccc2F)N=C(N)OCC1(F)F,0.577,0.119,False
113,281,CC1(c2cc(NC(=O)c3nn(C(F)F)cc3Cl)ccc2F)N=C(N)OCC1(F)F,CC1(c2cc(NC(=O)c3ncc(Cl)cn3)ccc2F)N=C(N)OCC1(F)F,0.652,0.547,False
115,120,CCCN(CCC)C(=O)c1cc(C(=O)NC(Cc2cc(F)cc(F)c2)C(O)CNCc2cccc(OC)c2)cc(C(C)NC(C)=O)c1,CCCCN(C)C(=O)n1cc(C(=O)NC(Cc2cc(F)cc(F)c2)C(O)CNCc2cccc(OC)c2)c2cc(C(=O)OCc3ccccc3)ccc21,0.505,1.633,True
115,142,CCCN(CCC)C(=O)c1cc(C(=O)NC(Cc2cc(F)cc(F)c2)C(O)CNCc2cccc(OC)c2)cc(C(C)NC(C)=O)c1,CCCN(CCC)C(=O)c1cc(Oc2ccccc2)cc(C(=O)NC(Cc2cc(F)cc(F)c2)C(O)CNCc2cccc(OC)c2)c1,0.785,-0.301,False
115,145,CCCN(CCC)C(=O)c1cc(C(=O)NC(Cc2cc(F)cc(F)c2)C(O)CNCc2cccc(OC)c2)cc(C(C)NC(C)=O)c1,CCCCN(C)C(=O)n1cc(C(=O)NC(Cc2cc(F)cc(F)c2)C(O)CNCc2cccc(OC)c2)c2cccnc21,0.525,0.217,False
115,155,CCCN(CCC)C(=O)c1cc(C(=O)NC(Cc2cc(F)cc(F)c2)C(O)CNCc2cccc(OC)c2)cc(C(C)NC(C)=O)c1,COCC1CCN(C(C)C(=O)NC(Cc2cc(F)cc(F)c2)C(O)CNCc2cccc(OC)c2)C1=O,0.5,1.38,False
115,200,CCCN(CCC)C(=O)c1cc(C(=O)NC(Cc2cc(F)cc(F)c2)C(O)CNCc2cccc(OC)c2)cc(C(C)NC(C)=O)c1,COc1cccc(CNC[C@H](O)[C@H](Cc2cc(F)cc(F)c2)NC(=O)c2cc(C(C)=O)cc(N3CCCCS3(=O)=O)c2)c1,0.576,0.653,False
115,208,CCCN(CCC)C(=O)c1cc(C(=O)NC(Cc2cc(F)cc(F)c2)C(O)CNCc2cccc(OC)c2)cc(C(C)NC(C)=O)c1,CCCN(CCC)C(=O)c1cc(C(N)=O)cc(C(=O)N[C@@H](Cc2cc(F)cc(F)c2)[C@H](O)CNCc2cccc(OC)c2)c1,0.805,-0.26,False
115,209,CCCN(CCC)C(=O)c1cc(C(=O)NC(Cc2cc(F)cc(F)c2)C(O)CNCc2cccc(OC)c2)cc(C(C)NC(C)=O)c1,COCCN(C)C(=O)n1cc(C(=O)NC(Cc2cc(F)cc(F)c2)C(O)CNCc2cccc(OC)c2)c2cccnc21,0.505,0.562,False
115,301,CCCN(CCC)C(=O)c1cc(C(=O)NC(Cc2cc(F)cc(F)c2)C(O)CNCc2cccc(OC)c2)cc(C(C)NC(C)=O)c1,C=CCO/N=C(/C)c1cc(C(=O)N[C@@H](Cc2cc(F)cc(F)c2)[C@@H](O)CNCc2cccc(OC)c2)cc(N2CCCCS2(=O)=O)c1,0.51,0.744,False
117,239,O=C(NC(Cc1ccccc1)C(O)CNCc1cccc(C(F)(F)F)c1)c1cccc(N2c3ccccc3OS2(=O)=O)c1,CCc1coc2c(N3CCCC3=O)cc(C(=O)NC(Cc3ccccc3)C(O)CNCc3cccc(C(F)(F)F)c3)cc12,0.5,-1.02,False
117,263,O=C(NC(Cc1ccccc1)C(O)CNCc1cccc(C(F)(F)F)c1)c1cccc(N2c3ccccc3OS2(=O)=O)c1,CS(=O)(=O)N(c1ccncc1)c1cccc(C(=O)NC(Cc2ccccc2)C(O)CNCc2cccc(C(F)(F)F)c2)c1,0.54,-0.637,False
118,124,CC(=O)NC(Cc1cc(F)cc(F)c1)C(O)CNC1(c2cccc(C3CCCC3)c2)CCCCC1,CSC1CCC(NCC(O)C(Cc2cc(F)cc(F)c2)NC(C)=O)(c2cccc(C(C)(C)C)c2)CC1,0.627,-1.593,True
118,126,CC(=O)NC(Cc1cc(F)cc(F)c1)C(O)CNC1(c2cccc(C3CCCC3)c2)CCCCC1,CC(=O)NC(Cc1cc(F)cc(F)c1)C(O)CNC1(c2cc(C(C)(C)C)ccn2)CC1,0.513,-0.167,False
118,131,CC(=O)NC(Cc1cc(F)cc(F)c1)C(O)CNC1(c2cccc(C3CCCC3)c2)CCCCC1,CC(=O)NC(Cc1cc(F)cc(F)c1)C(O)CNC1(c2cccc(C3CCCC3=O)c2)CCCCC1,0.783,-0.07,False
118,139,CC(=O)NC(Cc1cc(F)cc(F)c1)C(O)CNC1(c2cccc(C3CCCC3)c2)CCCCC1,CC(=O)NC(Cc1cc(F)cc(F)c1)C(O)CNC1(c2cccc(C(C)(C)C)c2)CCc2nc(N)ncc2C1,0.5,-1.827,True
118,144,CC(=O)NC(Cc1cc(F)cc(F)c1)C(O)CNC1(c2cccc(C3CCCC3)c2)CCCCC1,CC(=O)NC(Cc1cc(F)cc(F)c1)C(O)CNC1(c2cccc(C(C)(C)C)c2)CCC(C(F)(F)F)CC1,0.635,-1.455,False
118,165,CC(=O)NC(Cc1cc(F)cc(F)c1)C(O)CNC1(c2cccc(C3CCCC3)c2)CCCCC1,CC(=O)N[C@@H](Cc1cc(F)cc(F)c1)[C@H](O)CNC1(c2cccc(C(C)(C)C)c2)CCC1,0.691,-0.188,False
118,169,CC(=O)NC(Cc1cc(F)cc(F)c1)C(O)CNC1(c2cccc(C3CCCC3)c2)CCCCC1,CC(=O)NC(Cc1cc(F)cc(F)c1)C(O)CNC1(c2ccn(C(C)(C)C)n2)CCCCC1,0.573,0.292,False
118,171,CC(=O)NC(Cc1cc(F)cc(F)c1)C(O)CNC1(c2cccc(C3CCCC3)c2)CCCCC1,CC(=O)NC(Cc1cc(F)cc(F)c1)C(O)CNC1(c2cccc(-c3cscn3)c2)CCCCC1,0.653,-0.932,False
118,173,CC(=O)NC(Cc1cc(F)cc(F)c1)C(O)CNC1(c2cccc(C3CCCC3)c2)CCCCC1,CC(=O)N[C@@H](Cc1cc(F)cc(F)c1)[C@H](O)CN[C@]1(c2cccc(C(C)(C)C(F)F)c2)C[C@H]1C,0.526,0.257,False
118,210,CC(=O)NC(Cc1cc(F)cc(F)c1)C(O)CNC1(c2cccc(C3CCCC3)c2)CCCCC1,CC(=O)NC(Cc1cc(F)cc(F)c1)C(O)CNC1(c2cccs2)CCCCC1,0.638,1.504,True
118,227,CC(=O)NC(Cc1cc(F)cc(F)c1)C(O)CNC1(c2cccc(C3CCCC3)c2)CCCCC1,CC(=O)NC(Cc1cc(F)cc(F)c1)C(O)CNC1(c2cccc(C(C)(C)C)c2)CC1,0.662,-0.827,False
118,228,CC(=O)NC(Cc1cc(F)cc(F)c1)C(O)CNC1(c2cccc(C3CCCC3)c2)CCCCC1,CC(=O)NC(Cc1cc(F)cc(F)c1)C(O)CNC1(c2cccc(C3CCOC3)c2)CCCCC1,0.824,-1.029,False
118,236,CC(=O)NC(Cc1cc(F)cc(F)c1)C(O)CNC1(c2cccc(C3CCCC3)c2)CCCCC1,COC1CCC(NCC(O)C(Cc2cc(F)cc(F)c2)NC(C)=O)(c2cccc(C(C)(C)C)c2)CC1,0.627,-0.827,False
118,249,CC(=O)NC(Cc1cc(F)cc(F)c1)C(O)CNC1(c2cccc(C3CCCC3)c2)CCCCC1,CC(=O)NC(Cc1cc(F)cc(F)c1)C(O)CNC1(c2cc(CC(C)(C)C)cs2)CCCCC1,0.568,-0.856,False
118,279,CC(=O)NC(Cc1cc(F)cc(F)c1)C(O)CNC1(c2cccc(C3CCCC3)c2)CCCCC1,C=C(C)c1cccc(C2(NCC(O)C(Cc3cc(F)cc(F)c3)NC(C)=O)CCCCC2)c1,0.731,-0.973,False
118,292,CC(=O)NC(Cc1cc(F)cc(F)c1)C(O)CNC1(c2cccc(C3CCCC3)c2)CCCCC1,COC(=O)NC1CCC(NCC(O)C(Cc2cc(F)cc(F)c2)NC(C)=O)(c2cccc(C(C)(C)C)c2)CC1,0.61,-0.593,False
118,296,CC(=O)NC(Cc1cc(F)cc(F)c1)C(O)CNC1(c2cccc(C3CCCC3)c2)CCCCC1,CC(=O)N[C@@H](Cc1cc(F)cc(F)c1)[C@H](O)CNC1(c2cccc(C(C)(C)C(F)F)c2)CC1,0.634,-0.611,False
120,142,CCCCN(C)C(=O)n1cc(C(=O)NC(Cc2cc(F)cc(F)c2)C(O)CNCc2cccc(OC)c2)c2cc(C(=O)OCc3ccccc3)ccc21,CCCN(CCC)C(=O)c1cc(Oc2ccccc2)cc(C(=O)NC(Cc2cc(F)cc(F)c2)C(O)CNCc2cccc(OC)c2)c1,0.535,-1.934,True
120,145,CCCCN(C)C(=O)n1cc(C(=O)NC(Cc2cc(F)cc(F)c2)C(O)CNCc2cccc(OC)c2)c2cc(C(=O)OCc3ccccc3)ccc21,CCCCN(C)C(=O)n1cc(C(=O)NC(Cc2cc(F)cc(F)c2)C(O)CNCc2cccc(OC)c2)c2cccnc21,0.701,-1.416,False
120,153,CCCCN(C)C(=O)n1cc(C(=O)NC(Cc2cc(F)cc(F)c2)C(O)CNCc2cccc(OC)c2)c2cc(C(=O)OCc3ccccc3)ccc21,CCCCN(C)C(=O)n1cc(C(=O)NC(Cc2cc(F)cc(F)c2)C(O)CNCc2cccc(CC)c2)c2cccnc21,0.61,-2.0,True
120,208,CCCCN(C)C(=O)n1cc(C(=O)NC(Cc2cc(F)cc(F)c2)C(O)CNCc2cccc(OC)c2)c2cc(C(=O)OCc3ccccc3)ccc21,CCCN(CCC)C(=O)c1cc(C(N)=O)cc(C(=O)N[C@@H](Cc2cc(F)cc(F)c2)[C@H](O)CNCc2cccc(OC)c2)c1,0.515,-1.893,True
120,209,CCCCN(C)C(=O)n1cc(C(=O)NC(Cc2cc(F)cc(F)c2)C(O)CNCc2cccc(OC)c2)c2cc(C(=O)OCc3ccccc3)ccc21,COCCN(C)C(=O)n1cc(C(=O)NC(Cc2cc(F)cc(F)c2)C(O)CNCc2cccc(OC)c2)c2cccnc21,0.614,-1.071,False
120,224,CCCCN(C)C(=O)n1cc(C(=O)NC(Cc2cc(F)cc(F)c2)C(O)CNCc2cccc(OC)c2)c2cc(C(=O)OCc3ccccc3)ccc21,CCCCN(CCCC)C(=O)n1cc(C(=O)N[C@@H](Cc2ccccc2)[C@H](O)CNCc2cccc(OC)c2)c2ccccc21,0.649,-0.961,False
121,168,CC(NC(=O)c1cc(COCC(N)(CF)Cc2ccccc2)cc(N(C)S(C)(=O)=O)c1)c1ccc(F)cc1,CC(NC(=O)c1cc(-c2nc(C(C)(N)Cc3ccccc3)no2)cc(N(C)S(C)(=O)=O)c1)c1ccc(F)cc1,0.581,0.264,False
121,181,CC(NC(=O)c1cc(COCC(N)(CF)Cc2ccccc2)cc(N(C)S(C)(=O)=O)c1)c1ccc(F)cc1,CC(NC(=O)c1cc(-c2noc(C(C)(N)Cc3ccccc3)n2)cc(N(C)S(C)(=O)=O)c1)c1ccc(F)cc1,0.595,0.315,False
121,220,CC(NC(=O)c1cc(COCC(N)(CF)Cc2ccccc2)cc(N(C)S(C)(=O)=O)c1)c1ccc(F)cc1,C[C@@H](NC(=O)c1cc(C(=O)OC[C@@](N)(CO)Cc2ccccc2)cc(N(C)S(C)(=O)=O)c1)c1ccc(F)cc1,0.701,-0.698,False
121,221,CC(NC(=O)c1cc(COCC(N)(CF)Cc2ccccc2)cc(N(C)S(C)(=O)=O)c1)c1ccc(F)cc1,CC(NC(=O)c1cc(SCCC(N)(CO)Cc2ccccc2)cc(N(C)S(C)(=O)=O)c1)c1ccc(F)cc1,0.642,2.001,True
121,245,CC(NC(=O)c1cc(COCC(N)(CF)Cc2ccccc2)cc(N(C)S(C)(=O)=O)c1)c1ccc(F)cc1,CC(NC(=O)c1cc(NCCC(N)(CO)Cc2ccccc2)cc(N(C)S(C)(=O)=O)c1)c1ccc(F)cc1,0.679,2.001,True
121,252,CC(NC(=O)c1cc(COCC(N)(CF)Cc2ccccc2)cc(N(C)S(C)(=O)=O)c1)c1ccc(F)cc1,COC(COCc1ccccc1)CC(O)C(COc1cc(F)cc(F)c1)NC(=O)c1cc(C(=O)NC(C)c2ccccc2)cc(N(C)S(C)(=O)=O)c1,0.511,-0.618,False
121,258,CC(NC(=O)c1cc(COCC(N)(CF)Cc2ccccc2)cc(N(C)S(C)(=O)=O)c1)c1ccc(F)cc1,C[C@@H](NC(=O)c1cc(C(=O)N[C@@H](Cc2ccccc2)[C@H](O)C2NC(C)(C)N(C)C2=O)cc(N(C)S(C)(=O)=O)c1)c1ccc(F)cc1,0.5,-1.147,False
122,127,CC1(C)Cc2cc(Cl)ccc2C(=NC(Cc2cscc2-c2ncco2)C(=O)O)N1,Cn1cc(-c2cscc2CC(N=C2NC(C)(C)Cc3cc(Cl)ccc32)C(=O)O)cn1,0.693,0.124,False
122,140,CC1(C)Cc2cc(Cl)ccc2C(=NC(Cc2cscc2-c2ncco2)C(=O)O)N1,CCc1cscc1CC(N=C1NC(C)(C)Cc2cc(Cl)ccc21)C(=O)O,0.721,-0.114,False
122,160,CC1(C)Cc2cc(Cl)ccc2C(=NC(Cc2cscc2-c2ncco2)C(=O)O)N1,CC1(C)Cc2cc(Cl)ccc2C(=NC(Cc2cscc2C2CC2)C(=O)O)N1,0.671,0.472,False
123,125,NC1=NC(c2ccccc2)(C2CCCCC2)C(=O)N1CC1CCCO1,NC1=NC(c2ccccc2)(C2CCCCC2)C(=O)N1Cc1cc(F)cc(F)c1,0.593,0.016,False
124,126,CSC1CCC(NCC(O)C(Cc2cc(F)cc(F)c2)NC(C)=O)(c2cccc(C(C)(C)C)c2)CC1,CC(=O)NC(Cc1cc(F)cc(F)c1)C(O)CNC1(c2cc(C(C)(C)C)ccn2)CC1,0.63,1.426,False
124,131,CSC1CCC(NCC(O)C(Cc2cc(F)cc(F)c2)NC(C)=O)(c2cccc(C(C)(C)C)c2)CC1,CC(=O)NC(Cc1cc(F)cc(F)c1)C(O)CNC1(c2cccc(C3CCCC3=O)c2)CCCCC1,0.588,1.523,True
124,139,CSC1CCC(NCC(O)C(Cc2cc(F)cc(F)c2)NC(C)=O)(c2cccc(C(C)(C)C)c2)CC1,CC(=O)NC(Cc1cc(F)cc(F)c1)C(O)CNC1(c2cccc(C(C)(C)C)c2)CCc2nc(N)ncc2C1,0.619,-0.234,False
124,144,CSC1CCC(NCC(O)C(Cc2cc(F)cc(F)c2)NC(C)=O)(c2cccc(C(C)(C)C)c2)CC1,CC(=O)NC(Cc1cc(F)cc(F)c1)C(O)CNC1(c2cccc(C(C)(C)C)c2)CCC(C(F)(F)F)CC1,0.812,0.138,False
124,165,CSC1CCC(NCC(O)C(Cc2cc(F)cc(F)c2)NC(C)=O)(c2cccc(C(C)(C)C)c2)CC1,CC(=O)N[C@@H](Cc1cc(F)cc(F)c1)[C@H](O)CNC1(c2cccc(C(C)(C)C)c2)CCC1,0.803,1.405,False
124,169,CSC1CCC(NCC(O)C(Cc2cc(F)cc(F)c2)NC(C)=O)(c2cccc(C(C)(C)C)c2)CC1,CC(=O)NC(Cc1cc(F)cc(F)c1)C(O)CNC1(c2ccn(C(C)(C)C)n2)CCCCC1,0.506,1.885,True
124,171,CSC1CCC(NCC(O)C(Cc2cc(F)cc(F)c2)NC(C)=O)(c2cccc(C(C)(C)C)c2)CC1,CC(=O)NC(Cc1cc(F)cc(F)c1)C(O)CNC1(c2cccc(-c3cscn3)c2)CCCCC1,0.542,0.661,False
124,173,CSC1CCC(NCC(O)C(Cc2cc(F)cc(F)c2)NC(C)=O)(c2cccc(C(C)(C)C)c2)CC1,CC(=O)N[C@@H](Cc1cc(F)cc(F)c1)[C@H](O)CN[C@]1(c2cccc(C(C)(C)C(F)F)c2)C[C@H]1C,0.597,1.85,True
124,210,CSC1CCC(NCC(O)C(Cc2cc(F)cc(F)c2)NC(C)=O)(c2cccc(C(C)(C)C)c2)CC1,CC(=O)NC(Cc1cc(F)cc(F)c1)C(O)CNC1(c2cccs2)CCCCC1,0.519,3.097,True
124,227,CSC1CCC(NCC(O)C(Cc2cc(F)cc(F)c2)NC(C)=O)(c2cccc(C(C)(C)C)c2)CC1,CC(=O)NC(Cc1cc(F)cc(F)c1)C(O)CNC1(c2cccc(C(C)(C)C)c2)CC1,0.828,0.766,False
124,228,CSC1CCC(NCC(O)C(Cc2cc(F)cc(F)c2)NC(C)=O)(c2cccc(C(C)(C)C)c2)CC1,CC(=O)NC(Cc1cc(F)cc(F)c1)C(O)CNC1(c2cccc(C3CCOC3)c2)CCCCC1,0.58,0.564,False
124,236,CSC1CCC(NCC(O)C(Cc2cc(F)cc(F)c2)NC(C)=O)(c2cccc(C(C)(C)C)c2)CC1,COC1CCC(NCC(O)C(Cc2cc(F)cc(F)c2)NC(C)=O)(c2cccc(C(C)(C)C)c2)CC1,0.8,0.766,False
124,244,CSC1CCC(NCC(O)C(Cc2cc(F)cc(F)c2)NC(C)=O)(c2cccc(C(C)(C)C)c2)CC1,CC(=O)NC(Cc1cc(F)cc(F)c1)C(O)CNC1(c2nc(C(C)(C)C)co2)CC1,0.526,3.252,True
124,249,CSC1CCC(NCC(O)C(Cc2cc(F)cc(F)c2)NC(C)=O)(c2cccc(C(C)(C)C)c2)CC1,CC(=O)NC(Cc1cc(F)cc(F)c1)C(O)CNC1(c2cc(CC(C)(C)C)cs2)CCCCC1,0.5,0.737,False
124,277,CSC1CCC(NCC(O)C(Cc2cc(F)cc(F)c2)NC(C)=O)(c2cccc(C(C)(C)C)c2)CC1,CC(=O)N[C@@H](Cc1cc(F)cc(F)c1)[C@H](O)CNC(C)(C)c1cccc(C(C)(C)C)c1,0.586,0.921,False
124,279,CSC1CCC(NCC(O)C(Cc2cc(F)cc(F)c2)NC(C)=O)(c2cccc(C(C)(C)C)c2)CC1,C=C(C)c1cccc(C2(NCC(O)C(Cc3cc(F)cc(F)c3)NC(C)=O)CCCCC2)c1,0.6,0.62,False
124,292,CSC1CCC(NCC(O)C(Cc2cc(F)cc(F)c2)NC(C)=O)(c2cccc(C(C)(C)C)c2)CC1,COC(=O)NC1CCC(NCC(O)C(Cc2cc(F)cc(F)c2)NC(C)=O)(c2cccc(C(C)(C)C)c2)CC1,0.778,1.0,False
124,296,CSC1CCC(NCC(O)C(Cc2cc(F)cc(F)c2)NC(C)=O)(c2cccc(C(C)(C)C)c2)CC1,CC(=O)N[C@@H](Cc1cc(F)cc(F)c1)[C@H](O)CNC1(c2cccc(C(C)(C)C(F)F)c2)CC1,0.714,0.982,False
126,139,CC(=O)NC(Cc1cc(F)cc(F)c1)C(O)CNC1(c2cc(C(C)(C)C)ccn2)CC1,CC(=O)NC(Cc1cc(F)cc(F)c1)C(O)CNC1(c2cccc(C(C)(C)C)c2)CCc2nc(N)ncc2C1,0.573,-1.66,True
126,144,CC(=O)NC(Cc1cc(F)cc(F)c1)C(O)CNC1(c2cc(C(C)(C)C)ccn2)CC1,CC(=O)NC(Cc1cc(F)cc(F)c1)C(O)CNC1(c2cccc(C(C)(C)C)c2)CCC(C(F)(F)F)CC1,0.616,-1.288,False
126,165,CC(=O)NC(Cc1cc(F)cc(F)c1)C(O)CNC1(c2cc(C(C)(C)C)ccn2)CC1,CC(=O)N[C@@H](Cc1cc(F)cc(F)c1)[C@H](O)CNC1(c2cccc(C(C)(C)C)c2)CCC1,0.672,-0.021,False
126,169,CC(=O)NC(Cc1cc(F)cc(F)c1)C(O)CNC1(c2cc(C(C)(C)C)ccn2)CC1,CC(=O)NC(Cc1cc(F)cc(F)c1)C(O)CNC1(c2ccn(C(C)(C)C)n2)CCCCC1,0.62,0.459,False
126,171,CC(=O)NC(Cc1cc(F)cc(F)c1)C(O)CNC1(c2cc(C(C)(C)C)ccn2)CC1,CC(=O)NC(Cc1cc(F)cc(F)c1)C(O)CNC1(c2cccc(-c3cscn3)c2)CCCCC1,0.532,-0.765,False
126,173,CC(=O)NC(Cc1cc(F)cc(F)c1)C(O)CNC1(c2cc(C(C)(C)C)ccn2)CC1,CC(=O)N[C@@H](Cc1cc(F)cc(F)c1)[C@H](O)CN[C@]1(c2cccc(C(C)(C)C(F)F)c2)C[C@H]1C,0.506,0.424,False
126,210,CC(=O)NC(Cc1cc(F)cc(F)c1)C(O)CNC1(c2cc(C(C)(C)C)ccn2)CC1,CC(=O)NC(Cc1cc(F)cc(F)c1)C(O)CNC1(c2cccs2)CCCCC1,0.549,1.671,True
126,227,CC(=O)NC(Cc1cc(F)cc(F)c1)C(O)CNC1(c2cc(C(C)(C)C)ccn2)CC1,CC(=O)NC(Cc1cc(F)cc(F)c1)C(O)CNC1(c2cccc(C(C)(C)C)c2)CC1,0.719,-0.66,False
126,236,CC(=O)NC(Cc1cc(F)cc(F)c1)C(O)CNC1(c2cc(C(C)(C)C)ccn2)CC1,COC1CCC(NCC(O)C(Cc2cc(F)cc(F)c2)NC(C)=O)(c2cccc(C(C)(C)C)c2)CC1,0.608,-0.66,False
126,244,CC(=O)NC(Cc1cc(F)cc(F)c1)C(O)CNC1(c2cc(C(C)(C)C)ccn2)CC1,CC(=O)NC(Cc1cc(F)cc(F)c1)C(O)CNC1(c2nc(C(C)(C)C)co2)CC1,0.623,1.826,True
126,249,CC(=O)NC(Cc1cc(F)cc(F)c1)C(O)CNC1(c2cc(C(C)(C)C)ccn2)CC1,CC(=O)NC(Cc1cc(F)cc(F)c1)C(O)CNC1(c2cc(CC(C)(C)C)cs2)CCCCC1,0.548,-0.689,False
126,277,CC(=O)NC(Cc1cc(F)cc(F)c1)C(O)CNC1(c2cc(C(C)(C)C)ccn2)CC1,CC(=O)N[C@@H](Cc1cc(F)cc(F)c1)[C@H](O)CNC(C)(C)c1cccc(C(C)(C)C)c1,0.576,-0.505,False
126,279,CC(=O)NC(Cc1cc(F)cc(F)c1)C(O)CNC1(c2cc(C(C)(C)C)ccn2)CC1,C=C(C)c1cccc(C2(NCC(O)C(Cc3cc(F)cc(F)c3)NC(C)=O)CCCCC2)c1,0.527,-0.806,False
126,292,CC(=O)NC(Cc1cc(F)cc(F)c1)C(O)CNC1(c2cc(C(C)(C)C)ccn2)CC1,COC(=O)NC1CCC(NCC(O)C(Cc2cc(F)cc(F)c2)NC(C)=O)(c2cccc(C(C)(C)C)c2)CC1,0.592,-0.426,False
126,296,CC(=O)NC(Cc1cc(F)cc(F)c1)C(O)CNC1(c2cc(C(C)(C)C)ccn2)CC1,CC(=O)N[C@@H](Cc1cc(F)cc(F)c1)[C@H](O)CNC1(c2cccc(C(C)(C)C(F)F)c2)CC1,0.614,-0.444,False
127,140,Cn1cc(-c2cscc2CC(N=C2NC(C)(C)Cc3cc(Cl)ccc32)C(=O)O)cn1,CCc1cscc1CC(N=C1NC(C)(C)Cc2cc(Cl)ccc21)C(=O)O,0.731,-0.238,False
127,160,Cn1cc(-c2cscc2CC(N=C2NC(C)(C)Cc3cc(Cl)ccc32)C(=O)O)cn1,CC1(C)Cc2cc(Cl)ccc2C(=NC(Cc2cscc2C2CC2)C(=O)O)N1,0.681,0.348,False
128,143,CCOc1cc(CC2CS(=O)(=O)CC(NCc3cccc(C(C)(C)C)c3)C2O)cc(F)c1N,CCOC[C@H](Oc1cc(CC2CS(=O)(=O)CC(NCc3cccc(C(C)(C)C)c3)C2O)cc(F)c1N)C(F)(F)F,0.766,0.125,False
128,151,CCOc1cc(CC2CS(=O)(=O)CC(NCc3cccc(C(C)(C)C)c3)C2O)cc(F)c1N,CC(C)(C)c1cccc(CNC2CS(=O)(=O)CC(Cc3ccc4[nH]ccc4c3)C2O)c1,0.571,2.059,True
128,162,CCOc1cc(CC2CS(=O)(=O)CC(NCc3cccc(C(C)(C)C)c3)C2O)cc(F)c1N,CC(C)(C)c1cccc(CNC2CS(=O)CC(Cc3cc(O)c(N)c(F)c3)C2O)c1,0.571,1.344,False
128,195,CCOc1cc(CC2CS(=O)(=O)CC(NCc3cccc(C(C)(C)C)c3)C2O)cc(F)c1N,CC(C)(C)c1cccc(CN[C@H]2CS(=O)(=O)C[C@@H](Cc3cc(F)c4c(c3)C3(CCC(F)(F)CC3)CN4)[C@@H]2O)c1,0.59,0.766,False
128,246,CCOc1cc(CC2CS(=O)(=O)CC(NCc3cccc(C(C)(C)C)c3)C2O)cc(F)c1N,CCCc1cc(CC2CS(=O)(=O)CC(NCc3cccc(C(C)(C)C)c3)C2O)cc(F)c1N,0.761,0.734,False
128,270,CCOc1cc(CC2CS(=O)(=O)CC(NCc3cccc(C(C)(C)C)c3)C2O)cc(F)c1N,CN(C)CC(=O)Nc1ccc(CC2CS(=O)(=O)CC(NCc3cccc(C(C)(C)C)c3)C2O)cc1F,0.6,0.405,False
128,286,CCOc1cc(CC2CS(=O)(=O)CC(NCc3cccc(C(C)(C)C)c3)C2O)cc(F)c1N,COC[C@@H](Oc1cc(C[C@@H]2CS(=O)C[C@H](NCc3cccc(C(C)(C)C)c3)[C@H]2O)cc(F)c1N)C(F)(F)F,0.558,-0.778,False
128,300,CCOc1cc(CC2CS(=O)(=O)CC(NCc3cccc(C(C)(C)C)c3)C2O)cc(F)c1N,CC(C)(C)c1cccc(CN[C@H]2CS(=O)C[C@@H](Cc3cc(F)c(N)c(OC(C(F)(F)F)C(F)(F)F)c3)[C@@H]2O)c1,0.593,-1.079,False
129,207,COc1cccc(-c2cccc(C3(C4CCN(C(C)=O)CC4)N=C(C)C(=N)N3)c2)c1,COc1cccc(-c2cccc(C3(c4ccncc4)N=C(C)C(=N)N3)c2)c1,0.5,-0.673,False
130,295,CCCCC1CCN(C(CCc2ccccc2)C(=O)NC(Cc2cc(F)cc(F)c2)C(O)C2CC(O)CN2)C1=O,CCCCC1CCN(C(C)C(=O)NC(Cc2cc(F)cc(F)c2)C(O)C2CC(O)CN2)C1=O,0.769,0.584,False
131,144,CC(=O)NC(Cc1cc(F)cc(F)c1)C(O)CNC1(c2cccc(C3CCCC3=O)c2)CCCCC1,CC(=O)NC(Cc1cc(F)cc(F)c1)C(O)CNC1(c2cccc(C(C)(C)C)c2)CCC(C(F)(F)F)CC1,0.595,-1.385,False
131,165,CC(=O)NC(Cc1cc(F)cc(F)c1)C(O)CNC1(c2cccc(C3CCCC3=O)c2)CCCCC1,CC(=O)N[C@@H](Cc1cc(F)cc(F)c1)[C@H](O)CNC1(c2cccc(C(C)(C)C)c2)CCC1,0.644,-0.118,False
131,169,CC(=O)NC(Cc1cc(F)cc(F)c1)C(O)CNC1(c2cccc(C3CCCC3=O)c2)CCCCC1,CC(=O)NC(Cc1cc(F)cc(F)c1)C(O)CNC1(c2ccn(C(C)(C)C)n2)CCCCC1,0.537,0.362,False
131,171,CC(=O)NC(Cc1cc(F)cc(F)c1)C(O)CNC1(c2cccc(C3CCCC3=O)c2)CCCCC1,CC(=O)NC(Cc1cc(F)cc(F)c1)C(O)CNC1(c2cccc(-c3cscn3)c2)CCCCC1,0.613,-0.862,False
131,173,CC(=O)NC(Cc1cc(F)cc(F)c1)C(O)CNC1(c2cccc(C3CCCC3=O)c2)CCCCC1,CC(=O)N[C@@H](Cc1cc(F)cc(F)c1)[C@H](O)CN[C@]1(c2cccc(C(C)(C)C(F)F)c2)C[C@H]1C,0.512,0.327,False
131,210,CC(=O)NC(Cc1cc(F)cc(F)c1)C(O)CNC1(c2cccc(C3CCCC3=O)c2)CCCCC1,CC(=O)NC(Cc1cc(F)cc(F)c1)C(O)CNC1(c2cccs2)CCCCC1,0.595,1.574,True
131,227,CC(=O)NC(Cc1cc(F)cc(F)c1)C(O)CNC1(c2cccc(C3CCCC3=O)c2)CCCCC1,CC(=O)NC(Cc1cc(F)cc(F)c1)C(O)CNC1(c2cccc(C(C)(C)C)c2)CC1,0.616,-0.757,False
131,228,CC(=O)NC(Cc1cc(F)cc(F)c1)C(O)CNC1(c2cccc(C3CCCC3=O)c2)CCCCC1,CC(=O)NC(Cc1cc(F)cc(F)c1)C(O)CNC1(c2cccc(C3CCOC3)c2)CCCCC1,0.72,-0.959,False
131,236,CC(=O)NC(Cc1cc(F)cc(F)c1)C(O)CNC1(c2cccc(C3CCCC3=O)c2)CCCCC1,COC1CCC(NCC(O)C(Cc2cc(F)cc(F)c2)NC(C)=O)(c2cccc(C(C)(C)C)c2)CC1,0.588,-0.757,False
131,249,CC(=O)NC(Cc1cc(F)cc(F)c1)C(O)CNC1(c2cccc(C3CCCC3=O)c2)CCCCC1,CC(=O)NC(Cc1cc(F)cc(F)c1)C(O)CNC1(c2cc(CC(C)(C)C)cs2)CCCCC1,0.532,-0.786,False
131,279,CC(=O)NC(Cc1cc(F)cc(F)c1)C(O)CNC1(c2cccc(C3CCCC3=O)c2)CCCCC1,C=C(C)c1cccc(C2(NCC(O)C(Cc3cc(F)cc(F)c3)NC(C)=O)CCCCC2)c1,0.681,-0.903,False
131,292,CC(=O)NC(Cc1cc(F)cc(F)c1)C(O)CNC1(c2cccc(C3CCCC3=O)c2)CCCCC1,COC(=O)NC1CCC(NCC(O)C(Cc2cc(F)cc(F)c2)NC(C)=O)(c2cccc(C(C)(C)C)c2)CC1,0.593,-0.523,False
131,296,CC(=O)NC(Cc1cc(F)cc(F)c1)C(O)CNC1(c2cccc(C3CCCC3=O)c2)CCCCC1,CC(=O)N[C@@H](Cc1cc(F)cc(F)c1)[C@H](O)CNC1(c2cccc(C(C)(C)C(F)F)c2)CC1,0.592,-0.541,False
132,232,CC1(c2cc(NC(=O)c3cnc(OCC(F)(F)F)cn3)ccc2F)N=C(N)OCC1(F)F,N#Cc1ccc(C(=O)Nc2ccc(F)c([C@@]3(CF)N=C(N)OCC3(F)F)c2)nc1,0.525,0.292,False
132,281,CC1(c2cc(NC(=O)c3cnc(OCC(F)(F)F)cn3)ccc2F)N=C(N)OCC1(F)F,CC1(c2cc(NC(=O)c3ncc(Cl)cn3)ccc2F)N=C(N)OCC1(F)F,0.667,0.428,False
133,179,COc1ccc2c(c1)C1(COC(=N)N1)c1cc(-c3ccccc3)ccc1O2,COc1ccc2c(c1)C1(COC(=N)N1)c1cc(-c3ccc(Cl)cc3)ccc1O2,0.82,0.233,False
133,183,COc1ccc2c(c1)C1(COC(=N)N1)c1cc(-c3ccccc3)ccc1O2,COc1ccc2c(c1)C1(COC(=N)N1)c1cc(-c3ccncc3Cl)ccc1O2,0.65,0.252,False
133,247,COc1ccc2c(c1)C1(COC(=N)N1)c1cc(-c3ccccc3)ccc1O2,COc1ccc2c(c1)C1(COC(=N)N1)c1cc(-c3cccc(Cl)c3)ccc1O2,0.808,-0.958,False
134,239,CCc1c[nH]c2c(N3CCCC3=O)cc(C(=O)NC(Cc3ccccc3)C(O)CNCc3cccc(C(F)(F)F)c3)cc12,CCc1coc2c(N3CCCC3=O)cc(C(=O)NC(Cc3ccccc3)C(O)CNCc3cccc(C(F)(F)F)c3)cc12,0.77,0.525,False
135,151,CC(C)c1cccc(CNC2CS(=O)(=O)CC(Cc3ccc(O)c(CO)c3)C2O)c1,CC(C)(C)c1cccc(CNC2CS(=O)(=O)CC(Cc3ccc4[nH]ccc4c3)C2O)c1,0.5,0.36,False
135,290,CC(C)c1cccc(CNC2CS(=O)(=O)CC(Cc3ccc(O)c(CO)c3)C2O)c1,O=S1(=O)C[C@@H](Cc2ccc(O)c(Br)c2)[C@H](O)[C@@H](NCc2cccc(C3CC3)c2)C1,0.58,-0.101,False
136,145,CCCCN(C)C(=O)n1cc(C(=O)NC(Cc2cc(F)cc(F)c2)C(O)C2Cc3ccccc3CN2)c2cccnc21,CCCCN(C)C(=O)n1cc(C(=O)NC(Cc2cc(F)cc(F)c2)C(O)CNCc2cccc(OC)c2)c2cccnc21,0.608,-1.561,True
136,153,CCCCN(C)C(=O)n1cc(C(=O)NC(Cc2cc(F)cc(F)c2)C(O)C2Cc3ccccc3CN2)c2cccnc21,CCCCN(C)C(=O)n1cc(C(=O)NC(Cc2cc(F)cc(F)c2)C(O)CNCc2cccc(CC)c2)c2cccnc21,0.634,-2.145,True
136,209,CCCCN(C)C(=O)n1cc(C(=O)NC(Cc2cc(F)cc(F)c2)C(O)C2Cc3ccccc3CN2)c2cccnc21,COCCN(C)C(=O)n1cc(C(=O)NC(Cc2cc(F)cc(F)c2)C(O)CNCc2cccc(OC)c2)c2cccnc21,0.525,-1.216,False
137,163,CN1C(=O)[C@@](c2ccc(OC(F)F)cc2)(c2cccc(C#CC3CC3)c2)N=C1N,CN1C(=O)[C@@](c2ccc(OC(F)F)cc2)(c2cccc(C#CCCF)c2)N=C1N,0.723,-0.301,False
137,164,CN1C(=O)[C@@](c2ccc(OC(F)F)cc2)(c2cccc(C#CC3CC3)c2)N=C1N,CCCCc1cccc([C@@]2(c3ccc(OC(F)F)cc3)N=C(N)N(C)C2=O)c1,0.603,0.176,False
137,182,CN1C(=O)[C@@](c2ccc(OC(F)F)cc2)(c2cccc(C#CC3CC3)c2)N=C1N,CN1C(=O)[C@@](c2ccc(OC(F)F)cc2)(c2cccc(OCCC(F)F)c2)N=C1N,0.603,-0.301,False
137,190,CN1C(=O)[C@@](c2ccc(OC(F)F)cc2)(c2cccc(C#CC3CC3)c2)N=C1N,CCCc1cccc([C@@]2(c3ccc(OC(F)F)cc3)N=C(N)N(C)C2=O)c1,0.621,0.653,False
137,196,CN1C(=O)[C@@](c2ccc(OC(F)F)cc2)(c2cccc(C#CC3CC3)c2)N=C1N,CN1C(=O)[C@@](c2ccc(OC(F)F)cc2)(c2cccc(C(=O)CCCF)c2)N=C1N,0.577,0.602,False
137,199,CN1C(=O)[C@@](c2ccc(OC(F)F)cc2)(c2cccc(C#CC3CC3)c2)N=C1N,CN1C(=O)[C@@](c2ccc(OC(F)F)cc2)(c2cccc([C@H](F)CCCF)c2)N=C1N,0.586,0.602,False
137,273,CN1C(=O)[C@@](c2ccc(OC(F)F)cc2)(c2cccc(C#CC3CC3)c2)N=C1N,CN1C(=O)[C@@](c2ccc(OC(F)F)cc2)(c2ccc(F)c(OCCF)c2)N=C1N,0.543,0.778,False
137,278,CN1C(=O)[C@@](c2ccc(OC(F)F)cc2)(c2cccc(C#CC3CC3)c2)N=C1N,CN1C(=O)[C@@](c2ccc(OC(F)F)cc2)(c2cccc(OCCC(F)(F)F)c2)N=C1N,0.586,1.0,False
138,150,COCc1cc2cc(c1)C(=O)NC(C(O)CNCc1cccc(C(C)C)c1)Cc1cccc(c1)OCCCCN2,COCc1cc2cc(n1)OCCCCOc1cccc(c1)CC(C(O)CNC1(c3cccc(C(C)C)c3)CC1)NC2=O,0.571,-0.824,False
138,194,COCc1cc2cc(c1)C(=O)NC(C(O)CNCc1cccc(C(C)C)c1)Cc1cccc(c1)OCCCCN2,COCc1cc2cc(c1)C(=O)N[C@H]([C@H](O)CNC1(c3cccc(C(C)C)c3)CC1)Cc1cccc(c1)OCCCCN2,0.793,-0.548,False
139,144,CC(=O)NC(Cc1cc(F)cc(F)c1)C(O)CNC1(c2cccc(C(C)(C)C)c2)CCc2nc(N)ncc2C1,CC(=O)NC(Cc1cc(F)cc(F)c1)C(O)CNC1(c2cccc(C(C)(C)C)c2)CCC(C(F)(F)F)CC1,0.627,0.372,False
139,165,CC(=O)NC(Cc1cc(F)cc(F)c1)C(O)CNC1(c2cccc(C(C)(C)C)c2)CCc2nc(N)ncc2C1,CC(=O)N[C@@H](Cc1cc(F)cc(F)c1)[C@H](O)CNC1(c2cccc(C(C)(C)C)c2)CCC1,0.675,1.639,True
139,171,CC(=O)NC(Cc1cc(F)cc(F)c1)C(O)CNC1(c2cccc(C(C)(C)C)c2)CCc2nc(N)ncc2C1,CC(=O)NC(Cc1cc(F)cc(F)c1)C(O)CNC1(c2cccc(-c3cscn3)c2)CCCCC1,0.5,0.895,False
139,173,CC(=O)NC(Cc1cc(F)cc(F)c1)C(O)CNC1(c2cccc(C(C)(C)C)c2)CCc2nc(N)ncc2C1,CC(=O)N[C@@H](Cc1cc(F)cc(F)c1)[C@H](O)CN[C@]1(c2cccc(C(C)(C)C(F)F)c2)C[C@H]1C,0.511,2.084,True
139,227,CC(=O)NC(Cc1cc(F)cc(F)c1)C(O)CNC1(c2cccc(C(C)(C)C)c2)CCc2nc(N)ncc2C1,CC(=O)NC(Cc1cc(F)cc(F)c1)C(O)CNC1(c2cccc(C(C)(C)C)c2)CC1,0.693,1.0,False
139,236,CC(=O)NC(Cc1cc(F)cc(F)c1)C(O)CNC1(c2cccc(C(C)(C)C)c2)CCc2nc(N)ncc2C1,COC1CCC(NCC(O)C(Cc2cc(F)cc(F)c2)NC(C)=O)(c2cccc(C(C)(C)C)c2)CC1,0.639,1.0,False
139,244,CC(=O)NC(Cc1cc(F)cc(F)c1)C(O)CNC1(c2cccc(C(C)(C)C)c2)CCc2nc(N)ncc2C1,CC(=O)NC(Cc1cc(F)cc(F)c1)C(O)CNC1(c2nc(C(C)(C)C)co2)CC1,0.5,3.486,True
139,277,CC(=O)NC(Cc1cc(F)cc(F)c1)C(O)CNC1(c2cccc(C(C)(C)C)c2)CCc2nc(N)ncc2C1,CC(=O)N[C@@H](Cc1cc(F)cc(F)c1)[C@H](O)CNC(C)(C)c1cccc(C(C)(C)C)c1,0.512,1.155,False
139,279,CC(=O)NC(Cc1cc(F)cc(F)c1)C(O)CNC1(c2cccc(C(C)(C)C)c2)CCc2nc(N)ncc2C1,C=C(C)c1cccc(C2(NCC(O)C(Cc3cc(F)cc(F)c3)NC(C)=O)CCCCC2)c1,0.512,0.854,False
139,292,CC(=O)NC(Cc1cc(F)cc(F)c1)C(O)CNC1(c2cccc(C(C)(C)C)c2)CCc2nc(N)ncc2C1,COC(=O)NC1CCC(NCC(O)C(Cc2cc(F)cc(F)c2)NC(C)=O)(c2cccc(C(C)(C)C)c2)CC1,0.605,1.234,False
139,296,CC(=O)NC(Cc1cc(F)cc(F)c1)C(O)CNC1(c2cccc(C(C)(C)C)c2)CCc2nc(N)ncc2C1,CC(=O)N[C@@H](Cc1cc(F)cc(F)c1)[C@H](O)CNC1(c2cccc(C(C)(C)C(F)F)c2)CC1,0.605,1.216,False
140,160,CCc1cscc1CC(N=C1NC(C)(C)Cc2cc(Cl)ccc21)C(=O)O,CC1(C)Cc2cc(Cl)ccc2C(=NC(Cc2cscc2C2CC2)C(=O)O)N1,0.79,0.586,False
140,302,CCc1cscc1CC(N=C1NC(C)(C)Cc2cc(Cl)ccc21)C(=O)O,CC1(C)Cc2ccccc2C(=NC(Cc2ccccc2)C(=O)O)N1,0.532,1.635,True
141,214,COc1ccc(-c2ccc(-c3ccccc3Cl)n2Cc2cccc(N)n2)cc1,N#CCCCOc1ccc(-c2ccc(-c3ccccc3Cl)n2Cc2cccc(N)n2)cc1,0.695,-0.766,False
141,215,COc1ccc(-c2ccc(-c3ccccc3Cl)n2Cc2cccc(N)n2)cc1,CCCCCOc1ccc(-c2ccc(-c3ccccc3Cl)n2Cc2ccc(NCCO)c(N)n2)cc1,0.507,-1.159,False
142,145,CCCN(CCC)C(=O)c1cc(Oc2ccccc2)cc(C(=O)NC(Cc2cc(F)cc(F)c2)C(O)CNCc2cccc(OC)c2)c1,CCCCN(C)C(=O)n1cc(C(=O)NC(Cc2cc(F)cc(F)c2)C(O)CNCc2cccc(OC)c2)c2cccnc21,0.526,0.519,False
142,155,CCCN(CCC)C(=O)c1cc(Oc2ccccc2)cc(C(=O)NC(Cc2cc(F)cc(F)c2)C(O)CNCc2cccc(OC)c2)c1,COCC1CCN(C(C)C(=O)NC(Cc2cc(F)cc(F)c2)C(O)CNCc2cccc(OC)c2)C1=O,0.5,1.681,True
142,200,CCCN(CCC)C(=O)c1cc(Oc2ccccc2)cc(C(=O)NC(Cc2cc(F)cc(F)c2)C(O)CNCc2cccc(OC)c2)c1,COc1cccc(CNC[C@H](O)[C@H](Cc2cc(F)cc(F)c2)NC(=O)c2cc(C(C)=O)cc(N3CCCCS3(=O)=O)c2)c1,0.578,0.954,False
142,208,CCCN(CCC)C(=O)c1cc(Oc2ccccc2)cc(C(=O)NC(Cc2cc(F)cc(F)c2)C(O)CNCc2cccc(OC)c2)c1,CCCN(CCC)C(=O)c1cc(C(N)=O)cc(C(=O)N[C@@H](Cc2cc(F)cc(F)c2)[C@H](O)CNCc2cccc(OC)c2)c1,0.838,0.041,False
142,209,CCCN(CCC)C(=O)c1cc(Oc2ccccc2)cc(C(=O)NC(Cc2cc(F)cc(F)c2)C(O)CNCc2cccc(OC)c2)c1,COCCN(C)C(=O)n1cc(C(=O)NC(Cc2cc(F)cc(F)c2)C(O)CNCc2cccc(OC)c2)c2cccnc21,0.505,0.863,False
142,224,CCCN(CCC)C(=O)c1cc(Oc2ccccc2)cc(C(=O)NC(Cc2cc(F)cc(F)c2)C(O)CNCc2cccc(OC)c2)c1,CCCCN(CCCC)C(=O)n1cc(C(=O)N[C@@H](Cc2ccccc2)[C@H](O)CNCc2cccc(OC)c2)c2ccccc21,0.516,0.973,False
142,301,CCCN(CCC)C(=O)c1cc(Oc2ccccc2)cc(C(=O)NC(Cc2cc(F)cc(F)c2)C(O)CNCc2cccc(OC)c2)c1,C=CCO/N=C(/C)c1cc(C(=O)N[C@@H](Cc2cc(F)cc(F)c2)[C@@H](O)CNCc2cccc(OC)c2)cc(N2CCCCS2(=O)=O)c1,0.51,1.045,False
143,151,CCOC[C@H](Oc1cc(CC2CS(=O)(=O)CC(NCc3cccc(C(C)(C)C)c3)C2O)cc(F)c1N)C(F)(F)F,CC(C)(C)c1cccc(CNC2CS(=O)(=O)CC(Cc3ccc4[nH]ccc4c3)C2O)c1,0.506,1.934,True
143,162,CCOC[C@H](Oc1cc(CC2CS(=O)(=O)CC(NCc3cccc(C(C)(C)C)c3)C2O)cc(F)c1N)C(F)(F)F,CC(C)(C)c1cccc(CNC2CS(=O)CC(Cc3cc(O)c(N)c(F)c3)C2O)c1,0.506,1.219,False
143,195,CCOC[C@H](Oc1cc(CC2CS(=O)(=O)CC(NCc3cccc(C(C)(C)C)c3)C2O)cc(F)c1N)C(F)(F)F,CC(C)(C)c1cccc(CN[C@H]2CS(=O)(=O)C[C@@H](Cc3cc(F)c4c(c3)C3(CCC(F)(F)CC3)CN4)[C@@H]2O)c1,0.527,0.641,False
143,246,CCOC[C@H](Oc1cc(CC2CS(=O)(=O)CC(NCc3cccc(C(C)(C)C)c3)C2O)cc(F)c1N)C(F)(F)F,CCCc1cc(CC2CS(=O)(=O)CC(NCc3cccc(C(C)(C)C)c3)C2O)cc(F)c1N,0.667,0.609,False
143,270,CCOC[C@H](Oc1cc(CC2CS(=O)(=O)CC(NCc3cccc(C(C)(C)C)c3)C2O)cc(F)c1N)C(F)(F)F,CN(C)CC(=O)Nc1ccc(CC2CS(=O)(=O)CC(NCc3cccc(C(C)(C)C)c3)C2O)cc1F,0.551,0.28,False
143,272,CCOC[C@H](Oc1cc(CC2CS(=O)(=O)CC(NCc3cccc(C(C)(C)C)c3)C2O)cc(F)c1N)C(F)(F)F,COCC(Oc1cc(CC2CS(=O)CC(NCc3cccc(OC(F)(F)F)c3)C2O)cc(F)c1N)C(F)(F)F,0.543,0.821,False
143,286,CCOC[C@H](Oc1cc(CC2CS(=O)(=O)CC(NCc3cccc(C(C)(C)C)c3)C2O)cc(F)c1N)C(F)(F)F,COC[C@@H](Oc1cc(C[C@@H]2CS(=O)C[C@H](NCc3cccc(C(C)(C)C)c3)[C@H]2O)cc(F)c1N)C(F)(F)F,0.674,-0.903,False
143,300,CCOC[C@H](Oc1cc(CC2CS(=O)(=O)CC(NCc3cccc(C(C)(C)C)c3)C2O)cc(F)c1N)C(F)(F)F,CC(C)(C)c1cccc(CN[C@H]2CS(=O)C[C@@H](Cc3cc(F)c(N)c(OC(C(F)(F)F)C(F)(F)F)c3)[C@@H]2O)c1,0.616,-1.204,False
144,165,CC(=O)NC(Cc1cc(F)cc(F)c1)C(O)CNC1(c2cccc(C(C)(C)C)c2)CCC(C(F)(F)F)CC1,CC(=O)N[C@@H](Cc1cc(F)cc(F)c1)[C@H](O)CNC1(c2cccc(C(C)(C)C)c2)CCC1,0.815,1.267,False
144,169,CC(=O)NC(Cc1cc(F)cc(F)c1)C(O)CNC1(c2cccc(C(C)(C)C)c2)CCC(C(F)(F)F)CC1,CC(=O)NC(Cc1cc(F)cc(F)c1)C(O)CNC1(c2ccn(C(C)(C)C)n2)CCCCC1,0.512,1.746,True
144,171,CC(=O)NC(Cc1cc(F)cc(F)c1)C(O)CNC1(c2cccc(C(C)(C)C)c2)CCC(C(F)(F)F)CC1,CC(=O)NC(Cc1cc(F)cc(F)c1)C(O)CNC1(c2cccc(-c3cscn3)c2)CCCCC1,0.549,0.523,False
144,173,CC(=O)NC(Cc1cc(F)cc(F)c1)C(O)CNC1(c2cccc(C(C)(C)C)c2)CCC(C(F)(F)F)CC1,CC(=O)N[C@@H](Cc1cc(F)cc(F)c1)[C@H](O)CN[C@]1(c2cccc(C(C)(C)C(F)F)c2)C[C@H]1C,0.605,1.712,True
144,210,CC(=O)NC(Cc1cc(F)cc(F)c1)C(O)CNC1(c2cccc(C(C)(C)C)c2)CCC(C(F)(F)F)CC1,CC(=O)NC(Cc1cc(F)cc(F)c1)C(O)CNC1(c2cccs2)CCCCC1,0.547,2.959,True
144,227,CC(=O)NC(Cc1cc(F)cc(F)c1)C(O)CNC1(c2cccc(C(C)(C)C)c2)CCC(C(F)(F)F)CC1,CC(=O)NC(Cc1cc(F)cc(F)c1)C(O)CNC1(c2cccc(C(C)(C)C)c2)CC1,0.841,0.628,False
144,228,CC(=O)NC(Cc1cc(F)cc(F)c1)C(O)CNC1(c2cccc(C(C)(C)C)c2)CCC(C(F)(F)F)CC1,CC(=O)NC(Cc1cc(F)cc(F)c1)C(O)CNC1(c2cccc(C3CCOC3)c2)CCCCC1,0.588,0.426,False
144,236,CC(=O)NC(Cc1cc(F)cc(F)c1)C(O)CNC1(c2cccc(C(C)(C)C)c2)CCC(C(F)(F)F)CC1,COC1CCC(NCC(O)C(Cc2cc(F)cc(F)c2)NC(C)=O)(c2cccc(C(C)(C)C)c2)CC1,0.812,0.628,False
144,244,CC(=O)NC(Cc1cc(F)cc(F)c1)C(O)CNC1(c2cccc(C(C)(C)C)c2)CCC(C(F)(F)F)CC1,CC(=O)NC(Cc1cc(F)cc(F)c1)C(O)CNC1(c2nc(C(C)(C)C)co2)CC1,0.532,3.114,True
144,249,CC(=O)NC(Cc1cc(F)cc(F)c1)C(O)CNC1(c2cccc(C(C)(C)C)c2)CCC(C(F)(F)F)CC1,CC(=O)NC(Cc1cc(F)cc(F)c1)C(O)CNC1(c2cc(CC(C)(C)C)cs2)CCCCC1,0.506,0.599,False
144,277,CC(=O)NC(Cc1cc(F)cc(F)c1)C(O)CNC1(c2cccc(C(C)(C)C)c2)CCC(C(F)(F)F)CC1,CC(=O)N[C@@H](Cc1cc(F)cc(F)c1)[C@H](O)CNC(C)(C)c1cccc(C(C)(C)C)c1,0.594,0.783,False
144,279,CC(=O)NC(Cc1cc(F)cc(F)c1)C(O)CNC1(c2cccc(C(C)(C)C)c2)CCC(C(F)(F)F)CC1,C=C(C)c1cccc(C2(NCC(O)C(Cc3cc(F)cc(F)c3)NC(C)=O)CCCCC2)c1,0.608,0.481,False
144,292,CC(=O)NC(Cc1cc(F)cc(F)c1)C(O)CNC1(c2cccc(C(C)(C)C)c2)CCC(C(F)(F)F)CC1,COC(=O)NC1CCC(NCC(O)C(Cc2cc(F)cc(F)c2)NC(C)=O)(c2cccc(C(C)(C)C)c2)CC1,0.789,0.862,False
144,296,CC(=O)NC(Cc1cc(F)cc(F)c1)C(O)CNC1(c2cccc(C(C)(C)C)c2)CCC(C(F)(F)F)CC1,CC(=O)N[C@@H](Cc1cc(F)cc(F)c1)[C@H](O)CNC1(c2cccc(C(C)(C)C(F)F)c2)CC1,0.725,0.843,False
145,153,CCCCN(C)C(=O)n1cc(C(=O)NC(Cc2cc(F)cc(F)c2)C(O)CNCc2cccc(OC)c2)c2cccnc21,CCCCN(C)C(=O)n1cc(C(=O)NC(Cc2cc(F)cc(F)c2)C(O)CNCc2cccc(CC)c2)c2cccnc21,0.855,-0.584,False
145,208,CCCCN(C)C(=O)n1cc(C(=O)NC(Cc2cc(F)cc(F)c2)C(O)CNCc2cccc(OC)c2)c2cccnc21,CCCN(CCC)C(=O)c1cc(C(N)=O)cc(C(=O)N[C@@H](Cc2cc(F)cc(F)c2)[C@H](O)CNCc2cccc(OC)c2)c1,0.537,-0.477,False
145,209,CCCCN(C)C(=O)n1cc(C(=O)NC(Cc2cc(F)cc(F)c2)C(O)CNCc2cccc(OC)c2)c2cccnc21,COCCN(C)C(=O)n1cc(C(=O)NC(Cc2cc(F)cc(F)c2)C(O)CNCc2cccc(OC)c2)c2cccnc21,0.88,0.345,False
145,224,CCCCN(C)C(=O)n1cc(C(=O)NC(Cc2cc(F)cc(F)c2)C(O)CNCc2cccc(OC)c2)c2cccnc21,CCCCN(CCCC)C(=O)n1cc(C(=O)N[C@@H](Cc2ccccc2)[C@H](O)CNCc2cccc(OC)c2)c2ccccc21,0.626,0.455,False
146,147,COCC(=O)NC(Cc1cccc(-c2ncco2)c1)C(O)CNC1CC2(CCC2)Oc2ncc(CC(C)(C)C)cc21,COCC(=O)NC(Cc1cc(-c2nccs2)ccc1F)C(O)CNC1CC2(CCC2)Oc2ncc(CC(C)(C)C)cc21,0.653,-0.005,False
146,148,COCC(=O)NC(Cc1cccc(-c2ncco2)c1)C(O)CNC1CC2(CCC2)Oc2ncc(CC(C)(C)C)cc21,COCC(=O)NC(Cc1cccc(-c2ccccn2)c1)C(O)CNC1CC2(CCC2)Oc2ncc(CC(C)(C)C)cc21,0.811,-0.014,False
146,154,COCC(=O)NC(Cc1cccc(-c2ncco2)c1)C(O)CNC1CC2(CCC2)Oc2ncc(CC(C)(C)C)cc21,CC(=O)NC(Cc1ccc(Cl)cc1)C(O)CNC1CC2(CCC2)Oc2ncc(CC(C)(C)C)cc21,0.602,-0.063,False
146,217,COCC(=O)NC(Cc1cccc(-c2ncco2)c1)C(O)CNC1CC2(CCC2)Oc2ncc(CC(C)(C)C)cc21,CCc1cnc2c(c1)C(NCC(O)C(Cc1ccccc1)NC(C)=O)CC1(CCC1)O2,0.559,0.977,False
146,287,COCC(=O)NC(Cc1cccc(-c2ncco2)c1)C(O)CNC1CC2(CCC2)Oc2ncc(CC(C)(C)C)cc21,CC(=O)N[C@@H](Cc1ccc(F)cc1)[C@H](O)CN[C@H]1CC2(CCC2)Oc2ncc(CC(C)(C)C)cc21,0.602,-0.283,False
147,148,COCC(=O)NC(Cc1cc(-c2nccs2)ccc1F)C(O)CNC1CC2(CCC2)Oc2ncc(CC(C)(C)C)cc21,COCC(=O)NC(Cc1cccc(-c2ccccn2)c1)C(O)CNC1CC2(CCC2)Oc2ncc(CC(C)(C)C)cc21,0.66,-0.009,False
147,154,COCC(=O)NC(Cc1cc(-c2nccs2)ccc1F)C(O)CNC1CC2(CCC2)Oc2ncc(CC(C)(C)C)cc21,CC(=O)NC(Cc1ccc(Cl)cc1)C(O)CNC1CC2(CCC2)Oc2ncc(CC(C)(C)C)cc21,0.583,-0.059,False
147,287,COCC(=O)NC(Cc1cc(-c2nccs2)ccc1F)C(O)CNC1CC2(CCC2)Oc2ncc(CC(C)(C)C)cc21,CC(=O)N[C@@H](Cc1ccc(F)cc1)[C@H](O)CN[C@H]1CC2(CCC2)Oc2ncc(CC(C)(C)C)cc21,0.6,-0.279,False
148,154,COCC(=O)NC(Cc1cccc(-c2ccccn2)c1)C(O)CNC1CC2(CCC2)Oc2ncc(CC(C)(C)C)cc21,CC(=O)NC(Cc1ccc(Cl)cc1)C(O)CNC1CC2(CCC2)Oc2ncc(CC(C)(C)C)cc21,0.609,-0.049,False
148,217,COCC(=O)NC(Cc1cccc(-c2ccccn2)c1)C(O)CNC1CC2(CCC2)Oc2ncc(CC(C)(C)C)cc21,CCc1cnc2c(c1)C(NCC(O)C(Cc1ccccc1)NC(C)=O)CC1(CCC1)O2,0.582,0.991,False
148,287,COCC(=O)NC(Cc1cccc(-c2ccccn2)c1)C(O)CNC1CC2(CCC2)Oc2ncc(CC(C)(C)C)cc21,CC(=O)N[C@@H](Cc1ccc(F)cc1)[C@H](O)CN[C@H]1CC2(CCC2)Oc2ncc(CC(C)(C)C)cc21,0.609,-0.27,False
149,158,CC1(C)Cc2cc(Cl)ccc2C(=NC(Cc2ccccc2)c2nc(=O)cc[nH]2)N1,CC1(C)Cc2cc(Cl)ccc2C(=NC(Cc2ccccc2)c2nc(=O)c(C#N)c[nH]2)N1,0.725,-0.761,False
149,170,CC1(C)Cc2cc(Cl)ccc2C(=NC(Cc2ccccc2)c2nc(=O)cc[nH]2)N1,CC1(C)Cc2cc(Cl)ccc2C(=NC(Cc2ccccc2)c2nc(=O)c(I)c[nH]2)N1,0.746,-0.662,False
150,194,COCc1cc2cc(n1)OCCCCOc1cccc(c1)CC(C(O)CNC1(c3cccc(C(C)C)c3)CC1)NC2=O,COCc1cc2cc(c1)C(=O)N[C@H]([C@H](O)CNC1(c3cccc(C(C)C)c3)CC1)Cc1cccc(c1)OCCCCN2,0.736,0.276,False
151,195,CC(C)(C)c1cccc(CNC2CS(=O)(=O)CC(Cc3ccc4[nH]ccc4c3)C2O)c1,CC(C)(C)c1cccc(CN[C@H]2CS(=O)(=O)C[C@@H](Cc3cc(F)c4c(c3)C3(CCC(F)(F)CC3)CN4)[C@@H]2O)c1,0.549,-1.293,False
151,246,CC(C)(C)c1cccc(CNC2CS(=O)(=O)CC(Cc3ccc4[nH]ccc4c3)C2O)c1,CCCc1cc(CC2CS(=O)(=O)CC(NCc3cccc(C(C)(C)C)c3)C2O)cc(F)c1N,0.579,-1.325,False
151,270,CC(C)(C)c1cccc(CNC2CS(=O)(=O)CC(Cc3ccc4[nH]ccc4c3)C2O)c1,CN(C)CC(=O)Nc1ccc(CC2CS(=O)(=O)CC(NCc3cccc(C(C)(C)C)c3)C2O)cc1F,0.597,-1.654,True
151,290,CC(C)(C)c1cccc(CNC2CS(=O)(=O)CC(Cc3ccc4[nH]ccc4c3)C2O)c1,O=S1(=O)C[C@@H](Cc2ccc(O)c(Br)c2)[C@H](O)[C@@H](NCc2cccc(C3CC3)c2)C1,0.5,-0.462,False
152,248,Cc1cc2cc(c1)C(=O)NC(C(O)CNCc1cccc(C(C)C)c1)COC/C=C/CCNC2=O,Cc1cc2cc(c1)[C@@H](O)N[C@@H](c1ccccc1)C/C=C/COC[C@@H]([C@H](O)CNCc1cccc(C(C)C)c1)NC2=O,0.709,-0.807,False
153,209,CCCCN(C)C(=O)n1cc(C(=O)NC(Cc2cc(F)cc(F)c2)C(O)CNCc2cccc(CC)c2)c2cccnc21,COCCN(C)C(=O)n1cc(C(=O)NC(Cc2cc(F)cc(F)c2)C(O)CNCc2cccc(OC)c2)c2cccnc21,0.747,0.929,False
153,224,CCCCN(C)C(=O)n1cc(C(=O)NC(Cc2cc(F)cc(F)c2)C(O)CNCc2cccc(CC)c2)c2cccnc21,CCCCN(CCCC)C(=O)n1cc(C(=O)N[C@@H](Cc2ccccc2)[C@H](O)CNCc2cccc(OC)c2)c2ccccc21,0.516,1.039,False
153,274,CCCCN(C)C(=O)n1cc(C(=O)NC(Cc2cc(F)cc(F)c2)C(O)CNCc2cccc(CC)c2)c2cccnc21,CCCCCS(=O)(=O)CC(NC(=O)c1cccnc1)C(=O)N[C@@H](Cc1cc(F)cc(F)c1)[C@H](O)CNCc1cccc(CC)c1,0.505,-0.633,False
154,217,CC(=O)NC(Cc1ccc(Cl)cc1)C(O)CNC1CC2(CCC2)Oc2ncc(CC(C)(C)C)cc21,CCc1cnc2c(c1)C(NCC(O)C(Cc1ccccc1)NC(C)=O)CC1(CCC1)O2,0.733,1.04,False
154,287,CC(=O)NC(Cc1ccc(Cl)cc1)C(O)CNC1CC2(CCC2)Oc2ncc(CC(C)(C)C)cc21,CC(=O)N[C@@H](Cc1ccc(F)cc1)[C@H](O)CN[C@H]1CC2(CCC2)Oc2ncc(CC(C)(C)C)cc21,0.861,-0.22,False
155,172,COCC1CCN(C(C)C(=O)NC(Cc2cc(F)cc(F)c2)C(O)CNCc2cccc(OC)c2)C1=O,COc1cccc(CNCC(O)C(Cc2ccccc2)NC(=O)C(CCc2ccccc2)N2CCC(CC3CC3)(NC(C)=O)C2=O)c1,0.51,-1.64,True
155,200,COCC1CCN(C(C)C(=O)NC(Cc2cc(F)cc(F)c2)C(O)CNCc2cccc(OC)c2)C1=O,COc1cccc(CNC[C@H](O)[C@H](Cc2cc(F)cc(F)c2)NC(=O)c2cc(C(C)=O)cc(N3CCCCS3(=O)=O)c2)c1,0.527,-0.727,False
155,208,COCC1CCN(C(C)C(=O)NC(Cc2cc(F)cc(F)c2)C(O)CNCc2cccc(OC)c2)C1=O,CCCN(CCC)C(=O)c1cc(C(N)=O)cc(C(=O)N[C@@H](Cc2cc(F)cc(F)c2)[C@H](O)CNCc2cccc(OC)c2)c1,0.511,-1.64,True
158,170,CC1(C)Cc2cc(Cl)ccc2C(=NC(Cc2ccccc2)c2nc(=O)c(C#N)c[nH]2)N1,CC1(C)Cc2cc(Cl)ccc2C(=NC(Cc2ccccc2)c2nc(=O)c(I)c[nH]2)N1,0.794,0.099,False
159,192,Cc1cc(C2(c3cccc(-c4cncnc4)c3)N=C(N)N(C)C2=O)c(Cl)s1,Cc1cc([C@]2(c3cccc(-c4cncnc4)c3)N=C(N)N(C)C2=O)ccn1,0.639,-0.769,False
159,226,Cc1cc(C2(c3cccc(-c4cncnc4)c3)N=C(N)N(C)C2=O)c(Cl)s1,Cc1cc(C2(c3cccc(-c4cncnc4)c3)N=C(N)N(C)C2=O)cs1,0.695,-0.526,False
159,238,Cc1cc(C2(c3cccc(-c4cncnc4)c3)N=C(N)N(C)C2=O)c(Cl)s1,COc1ccc([C@]2(c3cccc(-c4cccnc4)c3)N=C(N)N(C)C2=O)cc1C,0.507,-1.07,False
159,241,Cc1cc(C2(c3cccc(-c4cncnc4)c3)N=C(N)N(C)C2=O)c(Cl)s1,CN1C(=O)C(c2ccsc2)(c2cccc(-c3cncnc3)c2)N=C1N,0.65,-0.827,False
159,255,Cc1cc(C2(c3cccc(-c4cncnc4)c3)N=C(N)N(C)C2=O)c(Cl)s1,CCc1cc(C2(c3cccc(-c4cncnc4)c3)N=C(N)N(C)C2=O)cs1,0.619,-0.769,False
159,259,Cc1cc(C2(c3cccc(-c4cncnc4)c3)N=C(N)N(C)C2=O)c(Cl)s1,CN1C(=O)[C@@](c2ccncc2)(c2cccc(-c3cccnc3)c2)N=C1N,0.548,-0.894,False
159,266,Cc1cc(C2(c3cccc(-c4cncnc4)c3)N=C(N)N(C)C2=O)c(Cl)s1,CC(C)c1cc(C2(c3cccc(-c4cncnc4)c3)N=C(N)N(C)C2=O)ccn1,0.609,-0.827,False
161,203,CN1C(=O)C2(CC(C)(C)Oc3ccc(-c4ccccn4)cc32)N=C1N,CN1C(=O)C2(CC(C)(C)Oc3ccc(-c4cccnc4F)cc32)N=C1N,0.733,-1.26,False
162,246,CC(C)(C)c1cccc(CNC2CS(=O)CC(Cc3cc(O)c(N)c(F)c3)C2O)c1,CCCc1cc(CC2CS(=O)(=O)CC(NCc3cccc(C(C)(C)C)c3)C2O)cc(F)c1N,0.579,-0.61,False
162,272,CC(C)(C)c1cccc(CNC2CS(=O)CC(Cc3cc(O)c(N)c(F)c3)C2O)c1,COCC(Oc1cc(CC2CS(=O)CC(NCc3cccc(OC(F)(F)F)c3)C2O)cc(F)c1N)C(F)(F)F,0.548,-0.398,False
162,286,CC(C)(C)c1cccc(CNC2CS(=O)CC(Cc3cc(O)c(N)c(F)c3)C2O)c1,COC[C@@H](Oc1cc(C[C@@H]2CS(=O)C[C@H](NCc3cccc(C(C)(C)C)c3)[C@H]2O)cc(F)c1N)C(F)(F)F,0.697,-2.122,True
162,300,CC(C)(C)c1cccc(CNC2CS(=O)CC(Cc3cc(O)c(N)c(F)c3)C2O)c1,CC(C)(C)c1cccc(CN[C@H]2CS(=O)C[C@@H](Cc3cc(F)c(N)c(OC(C(F)(F)F)C(F)(F)F)c3)[C@@H]2O)c1,0.746,-2.423,True
163,164,CN1C(=O)[C@@](c2ccc(OC(F)F)cc2)(c2cccc(C#CCCF)c2)N=C1N,CCCCc1cccc([C@@]2(c3ccc(OC(F)F)cc3)N=C(N)N(C)C2=O)c1,0.627,0.477,False
163,182,CN1C(=O)[C@@](c2ccc(OC(F)F)cc2)(c2cccc(C#CCCF)c2)N=C1N,CN1C(=O)[C@@](c2ccc(OC(F)F)cc2)(c2cccc(OCCC(F)F)c2)N=C1N,0.627,0.0,False
163,190,CN1C(=O)[C@@](c2ccc(OC(F)F)cc2)(c2cccc(C#CCCF)c2)N=C1N,CCCc1cccc([C@@]2(c3ccc(OC(F)F)cc3)N=C(N)N(C)C2=O)c1,0.646,0.954,False
163,196,CN1C(=O)[C@@](c2ccc(OC(F)F)cc2)(c2cccc(C#CCCF)c2)N=C1N,CN1C(=O)[C@@](c2ccc(OC(F)F)cc2)(c2cccc(C(=O)CCCF)c2)N=C1N,0.647,0.903,False
163,199,CN1C(=O)[C@@](c2ccc(OC(F)F)cc2)(c2cccc(C#CCCF)c2)N=C1N,CN1C(=O)[C@@](c2ccc(OC(F)F)cc2)(c2cccc([C@H](F)CCCF)c2)N=C1N,0.657,0.903,False
163,273,CN1C(=O)[C@@](c2ccc(OC(F)F)cc2)(c2cccc(C#CCCF)c2)N=C1N,CN1C(=O)[C@@](c2ccc(OC(F)F)cc2)(c2ccc(F)c(OCCF)c2)N=C1N,0.612,1.079,False
163,278,CN1C(=O)[C@@](c2ccc(OC(F)F)cc2)(c2cccc(C#CCCF)c2)N=C1N,CN1C(=O)[C@@](c2ccc(OC(F)F)cc2)(c2cccc(OCCC(F)(F)F)c2)N=C1N,0.609,1.301,False
164,182,CCCCc1cccc([C@@]2(c3ccc(OC(F)F)cc3)N=C(N)N(C)C2=O)c1,CN1C(=O)[C@@](c2ccc(OC(F)F)cc2)(c2cccc(OCCC(F)F)c2)N=C1N,0.656,-0.477,False
164,190,CCCCc1cccc([C@@]2(c3ccc(OC(F)F)cc3)N=C(N)N(C)C2=O)c1,CCCc1cccc([C@@]2(c3ccc(OC(F)F)cc3)N=C(N)N(C)C2=O)c1,0.891,0.477,False
164,196,CCCCc1cccc([C@@]2(c3ccc(OC(F)F)cc3)N=C(N)N(C)C2=O)c1,CN1C(=O)[C@@](c2ccc(OC(F)F)cc2)(c2cccc(C(=O)CCCF)c2)N=C1N,0.652,0.426,False
164,199,CCCCc1cccc([C@@]2(c3ccc(OC(F)F)cc3)N=C(N)N(C)C2=O)c1,CN1C(=O)[C@@](c2ccc(OC(F)F)cc2)(c2cccc([C@H](F)CCCF)c2)N=C1N,0.662,0.426,False
164,273,CCCCc1cccc([C@@]2(c3ccc(OC(F)F)cc3)N=C(N)N(C)C2=O)c1,CN1C(=O)[C@@](c2ccc(OC(F)F)cc2)(c2ccc(F)c(OCCF)c2)N=C1N,0.591,0.602,False
164,278,CCCCc1cccc([C@@]2(c3ccc(OC(F)F)cc3)N=C(N)N(C)C2=O)c1,CN1C(=O)[C@@](c2ccc(OC(F)F)cc2)(c2cccc(OCCC(F)(F)F)c2)N=C1N,0.636,0.824,False
165,169,CC(=O)N[C@@H](Cc1cc(F)cc(F)c1)[C@H](O)CNC1(c2cccc(C(C)(C)C)c2)CCC1,CC(=O)NC(Cc1cc(F)cc(F)c1)C(O)CNC1(c2ccn(C(C)(C)C)n2)CCCCC1,0.597,0.479,False
165,171,CC(=O)N[C@@H](Cc1cc(F)cc(F)c1)[C@H](O)CNC1(c2cccc(C(C)(C)C)c2)CCC1,CC(=O)NC(Cc1cc(F)cc(F)c1)C(O)CNC1(c2cccc(-c3cscn3)c2)CCCCC1,0.635,-0.744,False
165,173,CC(=O)N[C@@H](Cc1cc(F)cc(F)c1)[C@H](O)CNC1(c2cccc(C(C)(C)C)c2)CCC1,CC(=O)N[C@@H](Cc1cc(F)cc(F)c1)[C@H](O)CN[C@]1(c2cccc(C(C)(C)C(F)F)c2)C[C@H]1C,0.634,0.445,False
165,210,CC(=O)N[C@@H](Cc1cc(F)cc(F)c1)[C@H](O)CNC1(c2cccc(C(C)(C)C)c2)CCC1,CC(=O)NC(Cc1cc(F)cc(F)c1)C(O)CNC1(c2cccs2)CCCCC1,0.618,1.692,True
165,227,CC(=O)N[C@@H](Cc1cc(F)cc(F)c1)[C@H](O)CNC1(c2cccc(C(C)(C)C)c2)CCC1,CC(=O)NC(Cc1cc(F)cc(F)c1)C(O)CNC1(c2cccc(C(C)(C)C)c2)CC1,0.93,-0.639,False
165,228,CC(=O)N[C@@H](Cc1cc(F)cc(F)c1)[C@H](O)CNC1(c2cccc(C(C)(C)C)c2)CCC1,CC(=O)NC(Cc1cc(F)cc(F)c1)C(O)CNC1(c2cccc(C3CCOC3)c2)CCCCC1,0.635,-0.841,False
165,236,CC(=O)N[C@@H](Cc1cc(F)cc(F)c1)[C@H](O)CNC1(c2cccc(C(C)(C)C)c2)CCC1,COC1CCC(NCC(O)C(Cc2cc(F)cc(F)c2)NC(C)=O)(c2cccc(C(C)(C)C)c2)CC1,0.803,-0.639,False
165,244,CC(=O)N[C@@H](Cc1cc(F)cc(F)c1)[C@H](O)CNC1(c2cccc(C(C)(C)C)c2)CCC1,CC(=O)NC(Cc1cc(F)cc(F)c1)C(O)CNC1(c2nc(C(C)(C)C)co2)CC1,0.577,1.847,True
165,249,CC(=O)N[C@@H](Cc1cc(F)cc(F)c1)[C@H](O)CNC1(c2cccc(C(C)(C)C)c2)CCC1,CC(=O)NC(Cc1cc(F)cc(F)c1)C(O)CNC1(c2cc(CC(C)(C)C)cs2)CCCCC1,0.592,-0.668,False
165,277,CC(=O)N[C@@H](Cc1cc(F)cc(F)c1)[C@H](O)CNC1(c2cccc(C(C)(C)C)c2)CCC1,CC(=O)N[C@@H](Cc1cc(F)cc(F)c1)[C@H](O)CNC(C)(C)c1cccc(C(C)(C)C)c1,0.651,-0.484,False
165,279,CC(=O)N[C@@H](Cc1cc(F)cc(F)c1)[C@H](O)CNC1(c2cccc(C(C)(C)C)c2)CCC1,C=C(C)c1cccc(C2(NCC(O)C(Cc3cc(F)cc(F)c3)NC(C)=O)CCCCC2)c1,0.712,-0.785,False
165,292,CC(=O)N[C@@H](Cc1cc(F)cc(F)c1)[C@H](O)CNC1(c2cccc(C(C)(C)C)c2)CCC1,COC(=O)NC1CCC(NCC(O)C(Cc2cc(F)cc(F)c2)NC(C)=O)(c2cccc(C(C)(C)C)c2)CC1,0.779,-0.405,False
165,296,CC(=O)N[C@@H](Cc1cc(F)cc(F)c1)[C@H](O)CNC1(c2cccc(C(C)(C)C)c2)CCC1,CC(=O)N[C@@H](Cc1cc(F)cc(F)c1)[C@H](O)CNC1(c2cccc(C(C)(C)C(F)F)c2)CC1,0.794,-0.424,False
166,234,O=C(C1CNCC1c1ccccc1Br)N1CCC(c2ccccc2)CC1c1ccccc1,O=C(C1CNCC1c1ccccc1Br)N1CCCCC1c1ccccc1,0.741,1.978,True
166,243,O=C(C1CNCC1c1ccccc1Br)N1CCC(c2ccccc2)CC1c1ccccc1,O=C(C1CNCC1c1ccccc1Br)N1CCOCC1c1ccccc1,0.684,1.894,True
167,223,CN1CCC(C)(c2cc(NC(=O)c3ccc(Cl)cn3)ccc2F)N=C1N,C[C@@]1(c2cc(NC(=O)c3ccc(Cl)cn3)ccc2F)C[C@@H]2C[C@@H]2C(=N)N1,0.5,0.903,False
168,181,CC(NC(=O)c1cc(-c2nc(C(C)(N)Cc3ccccc3)no2)cc(N(C)S(C)(=O)=O)c1)c1ccc(F)cc1,CC(NC(=O)c1cc(-c2noc(C(C)(N)Cc3ccccc3)n2)cc(N(C)S(C)(=O)=O)c1)c1ccc(F)cc1,0.792,0.051,False
168,220,CC(NC(=O)c1cc(-c2nc(C(C)(N)Cc3ccccc3)no2)cc(N(C)S(C)(=O)=O)c1)c1ccc(F)cc1,C[C@@H](NC(=O)c1cc(C(=O)OC[C@@](N)(CO)Cc2ccccc2)cc(N(C)S(C)(=O)=O)c1)c1ccc(F)cc1,0.588,-0.961,False
168,221,CC(NC(=O)c1cc(-c2nc(C(C)(N)Cc3ccccc3)no2)cc(N(C)S(C)(=O)=O)c1)c1ccc(F)cc1,CC(NC(=O)c1cc(SCCC(N)(CO)Cc2ccccc2)cc(N(C)S(C)(=O)=O)c1)c1ccc(F)cc1,0.575,1.738,True
168,245,CC(NC(=O)c1cc(-c2nc(C(C)(N)Cc3ccccc3)no2)cc(N(C)S(C)(=O)=O)c1)c1ccc(F)cc1,CC(NC(=O)c1cc(NCCC(N)(CO)Cc2ccccc2)cc(N(C)S(C)(=O)=O)c1)c1ccc(F)cc1,0.588,1.738,True
169,171,CC(=O)NC(Cc1cc(F)cc(F)c1)C(O)CNC1(c2ccn(C(C)(C)C)n2)CCCCC1,CC(=O)NC(Cc1cc(F)cc(F)c1)C(O)CNC1(c2cccc(-c3cscn3)c2)CCCCC1,0.55,-1.223,False
169,210,CC(=O)NC(Cc1cc(F)cc(F)c1)C(O)CNC1(c2ccn(C(C)(C)C)n2)CCCCC1,CC(=O)NC(Cc1cc(F)cc(F)c1)C(O)CNC1(c2cccs2)CCCCC1,0.614,1.212,False
169,227,CC(=O)NC(Cc1cc(F)cc(F)c1)C(O)CNC1(c2ccn(C(C)(C)C)n2)CCCCC1,CC(=O)NC(Cc1cc(F)cc(F)c1)C(O)CNC1(c2cccc(C(C)(C)C)c2)CC1,0.569,-1.119,False
169,228,CC(=O)NC(Cc1cc(F)cc(F)c1)C(O)CNC1(c2ccn(C(C)(C)C)n2)CCCCC1,CC(=O)NC(Cc1cc(F)cc(F)c1)C(O)CNC1(c2cccc(C3CCOC3)c2)CCCCC1,0.531,-1.32,False
169,236,CC(=O)NC(Cc1cc(F)cc(F)c1)C(O)CNC1(c2ccn(C(C)(C)C)n2)CCCCC1,COC1CCC(NCC(O)C(Cc2cc(F)cc(F)c2)NC(C)=O)(c2cccc(C(C)(C)C)c2)CC1,0.506,-1.119,False
169,244,CC(=O)NC(Cc1cc(F)cc(F)c1)C(O)CNC1(c2ccn(C(C)(C)C)n2)CCCCC1,CC(=O)NC(Cc1cc(F)cc(F)c1)C(O)CNC1(c2nc(C(C)(C)C)co2)CC1,0.554,1.367,False
169,249,CC(=O)NC(Cc1cc(F)cc(F)c1)C(O)CNC1(c2ccn(C(C)(C)C)n2)CCCCC1,CC(=O)NC(Cc1cc(F)cc(F)c1)C(O)CNC1(c2cc(CC(C)(C)C)cs2)CCCCC1,0.611,-1.148,False
169,279,CC(=O)NC(Cc1cc(F)cc(F)c1)C(O)CNC1(c2ccn(C(C)(C)C)n2)CCCCC1,C=C(C)c1cccc(C2(NCC(O)C(Cc3cc(F)cc(F)c3)NC(C)=O)CCCCC2)c1,0.589,-1.265,False
169,296,CC(=O)NC(Cc1cc(F)cc(F)c1)C(O)CNC1(c2ccn(C(C)(C)C)n2)CCCCC1,CC(=O)N[C@@H](Cc1cc(F)cc(F)c1)[C@H](O)CNC1(c2cccc(C(C)(C)C(F)F)c2)CC1,0.547,-0.903,False
171,210,CC(=O)NC(Cc1cc(F)cc(F)c1)C(O)CNC1(c2cccc(-c3cscn3)c2)CCCCC1,CC(=O)NC(Cc1cc(F)cc(F)c1)C(O)CNC1(c2cccs2)CCCCC1,0.608,2.436,True
171,227,CC(=O)NC(Cc1cc(F)cc(F)c1)C(O)CNC1(c2cccc(-c3cscn3)c2)CCCCC1,CC(=O)NC(Cc1cc(F)cc(F)c1)C(O)CNC1(c2cccc(C(C)(C)C)c2)CC1,0.608,0.105,False
171,228,CC(=O)NC(Cc1cc(F)cc(F)c1)C(O)CNC1(c2cccc(-c3cscn3)c2)CCCCC1,CC(=O)NC(Cc1cc(F)cc(F)c1)C(O)CNC1(c2cccc(C3CCOC3)c2)CCCCC1,0.605,-0.097,False
171,236,CC(=O)NC(Cc1cc(F)cc(F)c1)C(O)CNC1(c2cccc(-c3cscn3)c2)CCCCC1,COC1CCC(NCC(O)C(Cc2cc(F)cc(F)c2)NC(C)=O)(c2cccc(C(C)(C)C)c2)CC1,0.542,0.105,False
171,249,CC(=O)NC(Cc1cc(F)cc(F)c1)C(O)CNC1(c2cccc(-c3cscn3)c2)CCCCC1,CC(=O)NC(Cc1cc(F)cc(F)c1)C(O)CNC1(c2cc(CC(C)(C)C)cs2)CCCCC1,0.564,0.076,False
171,279,CC(=O)NC(Cc1cc(F)cc(F)c1)C(O)CNC1(c2cccc(-c3cscn3)c2)CCCCC1,C=C(C)c1cccc(C2(NCC(O)C(Cc3cc(F)cc(F)c3)NC(C)=O)CCCCC2)c1,0.671,-0.041,False
171,292,CC(=O)NC(Cc1cc(F)cc(F)c1)C(O)CNC1(c2cccc(-c3cscn3)c2)CCCCC1,COC(=O)NC1CCC(NCC(O)C(Cc2cc(F)cc(F)c2)NC(C)=O)(c2cccc(C(C)(C)C)c2)CC1,0.529,0.339,False
171,296,CC(=O)NC(Cc1cc(F)cc(F)c1)C(O)CNC1(c2cccc(-c3cscn3)c2)CCCCC1,CC(=O)N[C@@H](Cc1cc(F)cc(F)c1)[C@H](O)CNC1(c2cccc(C(C)(C)C(F)F)c2)CC1,0.584,0.32,False
173,227,CC(=O)N[C@@H](Cc1cc(F)cc(F)c1)[C@H](O)CN[C@]1(c2cccc(C(C)(C)C(F)F)c2)C[C@H]1C,CC(=O)NC(Cc1cc(F)cc(F)c1)C(O)CNC1(c2cccc(C(C)(C)C)c2)CC1,0.652,-1.084,False
173,236,CC(=O)N[C@@H](Cc1cc(F)cc(F)c1)[C@H](O)CN[C@]1(c2cccc(C(C)(C)C(F)F)c2)C[C@H]1C,COC1CCC(NCC(O)C(Cc2cc(F)cc(F)c2)NC(C)=O)(c2cccc(C(C)(C)C)c2)CC1,0.618,-1.084,False
173,277,CC(=O)N[C@@H](Cc1cc(F)cc(F)c1)[C@H](O)CN[C@]1(c2cccc(C(C)(C)C(F)F)c2)C[C@H]1C,CC(=O)N[C@@H](Cc1cc(F)cc(F)c1)[C@H](O)CNC(C)(C)c1cccc(C(C)(C)C)c1,0.565,-0.929,False
173,279,CC(=O)N[C@@H](Cc1cc(F)cc(F)c1)[C@H](O)CN[C@]1(c2cccc(C(C)(C)C(F)F)c2)C[C@H]1C,C=C(C)c1cccc(C2(NCC(O)C(Cc3cc(F)cc(F)c3)NC(C)=O)CCCCC2)c1,0.519,-1.23,False
173,292,CC(=O)N[C@@H](Cc1cc(F)cc(F)c1)[C@H](O)CN[C@]1(c2cccc(C(C)(C)C(F)F)c2)C[C@H]1C,COC(=O)NC1CCC(NCC(O)C(Cc2cc(F)cc(F)c2)NC(C)=O)(c2cccc(C(C)(C)C)c2)CC1,0.582,-0.85,False
173,296,CC(=O)N[C@@H](Cc1cc(F)cc(F)c1)[C@H](O)CN[C@]1(c2cccc(C(C)(C)C(F)F)c2)C[C@H]1C,CC(=O)N[C@@H](Cc1cc(F)cc(F)c1)[C@H](O)CNC1(c2cccc(C(C)(C)C(F)F)c2)CC1,0.773,-0.869,False
175,176,CCn1cc([C@@]2(c3cccc(-c4cccnc4F)c3)N=C(N)N(C)C2=O)cn1,CN1C(=O)C(c2cccc(-c3cccnc3F)c2)(c2cnn(CC(F)(F)F)c2)N=C1N,0.825,-1.815,True
175,197,CCn1cc([C@@]2(c3cccc(-c4cccnc4F)c3)N=C(N)N(C)C2=O)cn1,CN1C(=O)[C@@](c2ccncc2)(c2cccc(-c3cc(F)ccc3F)c2)N=C1N,0.522,-1.991,True
175,259,CCn1cc([C@@]2(c3cccc(-c4cccnc4F)c3)N=C(N)N(C)C2=O)cn1,CN1C(=O)[C@@](c2ccncc2)(c2cccc(-c3cccnc3)c2)N=C1N,0.515,-1.514,True
176,197,CN1C(=O)C(c2cccc(-c3cccnc3F)c2)(c2cnn(CC(F)(F)F)c2)N=C1N,CN1C(=O)[C@@](c2ccncc2)(c2cccc(-c3cc(F)ccc3F)c2)N=C1N,0.5,-0.176,False
177,178,COc1cccc(-c2cccc(C3(C)CSCC(=N)N3)c2)c1,COc1cccc(-c2cccc(C3(C)CCSC(=N)N3)c2)c1,0.608,0.0,False
179,183,COc1ccc2c(c1)C1(COC(=N)N1)c1cc(-c3ccc(Cl)cc3)ccc1O2,COc1ccc2c(c1)C1(COC(=N)N1)c1cc(-c3ccncc3Cl)ccc1O2,0.695,0.019,False
179,247,COc1ccc2c(c1)C1(COC(=N)N1)c1cc(-c3ccc(Cl)cc3)ccc1O2,COc1ccc2c(c1)C1(COC(=N)N1)c1cc(-c3cccc(Cl)c3)ccc1O2,0.827,-1.191,False
180,186,CN1C(=O)C2(CC(C)(C)Cc3ccc(-c4cncc(Cl)c4)cc32)N=C1N,CN1C(=O)C2(CC(C)(C)Sc3ccc(-c4cncc(Cl)c4)cc32)N=C1N,0.7,-0.135,False
180,235,CN1C(=O)C2(CC(C)(C)Cc3ccc(-c4cncc(Cl)c4)cc32)N=C1N,CN1C(=O)[C@]2(CC(C)(C)Cc3ccc(-c4cncnc4)cc32)N=C1N,0.778,0.204,False
181,220,CC(NC(=O)c1cc(-c2noc(C(C)(N)Cc3ccccc3)n2)cc(N(C)S(C)(=O)=O)c1)c1ccc(F)cc1,C[C@@H](NC(=O)c1cc(C(=O)OC[C@@](N)(CO)Cc2ccccc2)cc(N(C)S(C)(=O)=O)c1)c1ccc(F)cc1,0.602,-1.013,False
181,221,CC(NC(=O)c1cc(-c2noc(C(C)(N)Cc3ccccc3)n2)cc(N(C)S(C)(=O)=O)c1)c1ccc(F)cc1,CC(NC(=O)c1cc(SCCC(N)(CO)Cc2ccccc2)cc(N(C)S(C)(=O)=O)c1)c1ccc(F)cc1,0.588,1.686,True
181,245,CC(NC(=O)c1cc(-c2noc(C(C)(N)Cc3ccccc3)n2)cc(N(C)S(C)(=O)=O)c1)c1ccc(F)cc1,CC(NC(=O)c1cc(NCCC(N)(CO)Cc2ccccc2)cc(N(C)S(C)(=O)=O)c1)c1ccc(F)cc1,0.602,1.686,True
182,190,CN1C(=O)[C@@](c2ccc(OC(F)F)cc2)(c2cccc(OCCC(F)F)c2)N=C1N,CCCc1cccc([C@@]2(c3ccc(OC(F)F)cc3)N=C(N)N(C)C2=O)c1,0.677,0.954,False
182,196,CN1C(=O)[C@@](c2ccc(OC(F)F)cc2)(c2cccc(OCCC(F)F)c2)N=C1N,CN1C(=O)[C@@](c2ccc(OC(F)F)cc2)(c2cccc(C(=O)CCCF)c2)N=C1N,0.627,0.903,False
182,199,CN1C(=O)[C@@](c2ccc(OC(F)F)cc2)(c2cccc(OCCC(F)F)c2)N=C1N,CN1C(=O)[C@@](c2ccc(OC(F)F)cc2)(c2cccc([C@H](F)CCCF)c2)N=C1N,0.662,0.903,False
182,273,CN1C(=O)[C@@](c2ccc(OC(F)F)cc2)(c2cccc(OCCC(F)F)c2)N=C1N,CN1C(=O)[C@@](c2ccc(OC(F)F)cc2)(c2ccc(F)c(OCCF)c2)N=C1N,0.641,1.079,False
182,278,CN1C(=O)[C@@](c2ccc(OC(F)F)cc2)(c2cccc(OCCC(F)F)c2)N=C1N,CN1C(=O)[C@@](c2ccc(OC(F)F)cc2)(c2cccc(OCCC(F)(F)F)c2)N=C1N,0.8,1.301,False
183,247,COc1ccc2c(c1)C1(COC(=N)N1)c1cc(-c3ccncc3Cl)ccc1O2,COc1ccc2c(c1)C1(COC(=N)N1)c1cc(-c3cccc(Cl)c3)ccc1O2,0.661,-1.21,False
184,204,COc1ccc(N(c2cccc(C(=O)NC(Cc3ccccc3)C(O)CNC(C)C(=O)NC3CCCCC3)c2)S(C)(=O)=O)cc1,CC(NC[C@@H](O)[C@H](Cc1ccccc1)NC(=O)c1cccc(N(c2ccccc2)S(C)(=O)=O)c1)C(=O)NC1CCCCC1,0.89,0.135,False
184,219,COc1ccc(N(c2cccc(C(=O)NC(Cc3ccccc3)C(O)CNC(C)C(=O)NC3CCCCC3)c2)S(C)(=O)=O)cc1,COc1ccccc1N(c1cccc(C(=O)NC(Cc2ccccc2)C(O)CNC(C)C(=O)NC2CCCCC2)c1)S(C)(=O)=O,0.825,1.059,False
186,235,CN1C(=O)C2(CC(C)(C)Sc3ccc(-c4cncc(Cl)c4)cc32)N=C1N,CN1C(=O)[C@]2(CC(C)(C)Cc3ccc(-c4cncnc4)cc32)N=C1N,0.531,0.339,False
187,233,COc1cccc(-c2ccc(C3CC3c3cc(=O)n(C)c(N)n3)cc2)c1,CC(C)Oc1cccc(-c2ccc(C3CC3c3cc(=O)n(C)c(N)n3)cc2)c1,0.8,0.577,False
187,237,COc1cccc(-c2ccc(C3CC3c3cc(=O)n(C)c(N)n3)cc2)c1,Cn1c(N)nc(C2CC2c2ccc(-c3ccco3)cc2)cc1=O,0.649,0.616,False
188,269,NC1=N[C@](c2ccc(OC(F)(F)F)cc2)(c2cccc(-c3cccnc3F)c2)C2=NCCCCCN12,CC1(C)CN2C(N)=N[C@](c3ccc(OC(F)(F)F)cc3)(c3cccc(-c4cccnc4F)c3)C2=N1,0.714,0.165,False
188,276,NC1=N[C@](c2ccc(OC(F)(F)F)cc2)(c2cccc(-c3cccnc3F)c2)C2=NCCCCCN12,COc1ccc(C2(c3cccc(-c4cccnc4F)c3)N=C(N)N3CCCN=C32)cc1,0.761,-0.269,False
190,196,CCCc1cccc([C@@]2(c3ccc(OC(F)F)cc3)N=C(N)N(C)C2=O)c1,CN1C(=O)[C@@](c2ccc(OC(F)F)cc2)(c2cccc(C(=O)CCCF)c2)N=C1N,0.646,-0.051,False
190,199,CCCc1cccc([C@@]2(c3ccc(OC(F)F)cc3)N=C(N)N(C)C2=O)c1,CN1C(=O)[C@@](c2ccc(OC(F)F)cc2)(c2cccc([C@H](F)CCCF)c2)N=C1N,0.656,-0.051,False
190,273,CCCc1cccc([C@@]2(c3ccc(OC(F)F)cc3)N=C(N)N(C)C2=O)c1,CN1C(=O)[C@@](c2ccc(OC(F)F)cc2)(c2ccc(F)c(OCCF)c2)N=C1N,0.609,0.125,False
190,278,CCCc1cccc([C@@]2(c3ccc(OC(F)F)cc3)N=C(N)N(C)C2=O)c1,CN1C(=O)[C@@](c2ccc(OC(F)F)cc2)(c2cccc(OCCC(F)(F)F)c2)N=C1N,0.656,0.347,False
192,197,Cc1cc([C@]2(c3cccc(-c4cncnc4)c3)N=C(N)N(C)C2=O)ccn1,CN1C(=O)[C@@](c2ccncc2)(c2cccc(-c3cc(F)ccc3F)c2)N=C1N,0.54,-0.602,False
192,226,Cc1cc([C@]2(c3cccc(-c4cncnc4)c3)N=C(N)N(C)C2=O)ccn1,Cc1cc(C2(c3cccc(-c4cncnc4)c3)N=C(N)N(C)C2=O)cs1,0.714,0.243,False
192,238,Cc1cc([C@]2(c3cccc(-c4cncnc4)c3)N=C(N)N(C)C2=O)ccn1,COc1ccc([C@]2(c3cccc(-c4cccnc4)c3)N=C(N)N(C)C2=O)cc1C,0.587,-0.301,False
192,241,Cc1cc([C@]2(c3cccc(-c4cncnc4)c3)N=C(N)N(C)C2=O)ccn1,CN1C(=O)C(c2ccsc2)(c2cccc(-c3cncnc3)c2)N=C1N,0.696,-0.058,False
192,255,Cc1cc([C@]2(c3cccc(-c4cncnc4)c3)N=C(N)N(C)C2=O)ccn1,CCc1cc(C2(c3cccc(-c4cncnc4)c3)N=C(N)N(C)C2=O)cs1,0.661,0.0,False
192,259,Cc1cc([C@]2(c3cccc(-c4cncnc4)c3)N=C(N)N(C)C2=O)ccn1,CN1C(=O)[C@@](c2ccncc2)(c2cccc(-c3cccnc3)c2)N=C1N,0.673,-0.125,False
192,266,Cc1cc([C@]2(c3cccc(-c4cncnc4)c3)N=C(N)N(C)C2=O)ccn1,CC(C)c1cc(C2(c3cccc(-c4cncnc4)c3)N=C(N)N(C)C2=O)ccn1,0.768,-0.058,False
192,284,Cc1cc([C@]2(c3cccc(-c4cncnc4)c3)N=C(N)N(C)C2=O)ccn1,CN1C(=O)C(c2cccc(-c3cccnc3)c2)(c2ccc3c(c2)CCO3)N=C1N,0.537,0.176,False
193,206,O=C(C1CNC[C@]12CCCc1ccccc12)N1CC[C@@H](c2ccccc2)C[C@H]1c1ccccc1,O=C(C1CNCC12CCCc1cc(Br)ccc12)N1CCC(c2ccccc2)CC1c1ccccc1,0.81,-0.331,False
195,246,CC(C)(C)c1cccc(CN[C@H]2CS(=O)(=O)C[C@@H](Cc3cc(F)c4c(c3)C3(CCC(F)(F)CC3)CN4)[C@@H]2O)c1,CCCc1cc(CC2CS(=O)(=O)CC(NCc3cccc(C(C)(C)C)c3)C2O)cc(F)c1N,0.598,-0.032,False
195,270,CC(C)(C)c1cccc(CN[C@H]2CS(=O)(=O)C[C@@H](Cc3cc(F)c4c(c3)C3(CCC(F)(F)CC3)CN4)[C@@H]2O)c1,CN(C)CC(=O)Nc1ccc(CC2CS(=O)(=O)CC(NCc3cccc(C(C)(C)C)c3)C2O)cc1F,0.558,-0.361,False
196,199,CN1C(=O)[C@@](c2ccc(OC(F)F)cc2)(c2cccc(C(=O)CCCF)c2)N=C1N,CN1C(=O)[C@@](c2ccc(OC(F)F)cc2)(c2cccc([C@H](F)CCCF)c2)N=C1N,0.708,0.0,False
196,273,CN1C(=O)[C@@](c2ccc(OC(F)F)cc2)(c2cccc(C(=O)CCCF)c2)N=C1N,CN1C(=O)[C@@](c2ccc(OC(F)F)cc2)(c2ccc(F)c(OCCF)c2)N=C1N,0.636,0.176,False
196,278,CN1C(=O)[C@@](c2ccc(OC(F)F)cc2)(c2cccc(C(=O)CCCF)c2)N=C1N,CN1C(=O)[C@@](c2ccc(OC(F)F)cc2)(c2cccc(OCCC(F)(F)F)c2)N=C1N,0.609,0.398,False
197,241,CN1C(=O)[C@@](c2ccncc2)(c2cccc(-c3cc(F)ccc3F)c2)N=C1N,CN1C(=O)C(c2ccsc2)(c2cccc(-c3cncnc3)c2)N=C1N,0.5,0.544,False
197,259,CN1C(=O)[C@@](c2ccncc2)(c2cccc(-c3cc(F)ccc3F)c2)N=C1N,CN1C(=O)[C@@](c2ccncc2)(c2cccc(-c3cccnc3)c2)N=C1N,0.661,0.477,False
197,266,CN1C(=O)[C@@](c2ccncc2)(c2cccc(-c3cc(F)ccc3F)c2)N=C1N,CC(C)c1cc(C2(c3cccc(-c4cncnc4)c3)N=C(N)N(C)C2=O)ccn1,0.515,0.544,False
199,273,CN1C(=O)[C@@](c2ccc(OC(F)F)cc2)(c2cccc([C@H](F)CCCF)c2)N=C1N,CN1C(=O)[C@@](c2ccc(OC(F)F)cc2)(c2ccc(F)c(OCCF)c2)N=C1N,0.621,0.176,False
199,278,CN1C(=O)[C@@](c2ccc(OC(F)F)cc2)(c2cccc([C@H](F)CCCF)c2)N=C1N,CN1C(=O)[C@@](c2ccc(OC(F)F)cc2)(c2cccc(OCCC(F)(F)F)c2)N=C1N,0.618,0.398,False
200,208,COc1cccc(CNC[C@H](O)[C@H](Cc2cc(F)cc(F)c2)NC(=O)c2cc(C(C)=O)cc(N3CCCCS3(=O)=O)c2)c1,CCCN(CCC)C(=O)c1cc(C(N)=O)cc(C(=O)N[C@@H](Cc2cc(F)cc(F)c2)[C@H](O)CNCc2cccc(OC)c2)c1,0.591,-0.913,False
200,301,COc1cccc(CNC[C@H](O)[C@H](Cc2cc(F)cc(F)c2)NC(=O)c2cc(C(C)=O)cc(N3CCCCS3(=O)=O)c2)c1,C=CCO/N=C(/C)c1cc(C(=O)N[C@@H](Cc2cc(F)cc(F)c2)[C@@H](O)CNCc2cccc(OC)c2)cc(N2CCCCS2(=O)=O)c1,0.795,0.091,False
201,264,CC(C)Oc1cc(CN2CC[C@@]3(C[C@@H]2C)CN(C)S(=O)(=O)N3c2cccc(F)c2)ccc1O,CC(C)Oc1cccc(CN2CC[C@@]3(C[C@@H]2C)CN(C)S(=O)(=O)N3c2cccc(F)c2)c1,0.789,1.38,False
204,205,CC(NC[C@@H](O)[C@H](Cc1ccccc1)NC(=O)c1cccc(N(c2ccccc2)S(C)(=O)=O)c1)C(=O)NC1CCCCC1,C[C@@H](NC(=O)c1cc(C(=O)N[C@@H](Cc2ccccc2)[C@H](O)CNC2CC2)cc(N(C)S(C)(=O)=O)c1)c1ccccc1,0.524,0.0,False
204,219,CC(NC[C@@H](O)[C@H](Cc1ccccc1)NC(=O)c1cccc(N(c2ccccc2)S(C)(=O)=O)c1)C(=O)NC1CCCCC1,COc1ccccc1N(c1cccc(C(=O)NC(Cc2ccccc2)C(O)CNC(C)C(=O)NC2CCCCC2)c1)S(C)(=O)=O,0.84,0.924,False
204,263,CC(NC[C@@H](O)[C@H](Cc1ccccc1)NC(=O)c1cccc(N(c2ccccc2)S(C)(=O)=O)c1)C(=O)NC1CCCCC1,CS(=O)(=O)N(c1ccncc1)c1cccc(C(=O)NC(Cc2ccccc2)C(O)CNCc2cccc(C(F)(F)F)c2)c1,0.535,1.146,False
205,252,C[C@@H](NC(=O)c1cc(C(=O)N[C@@H](Cc2ccccc2)[C@H](O)CNC2CC2)cc(N(C)S(C)(=O)=O)c1)c1ccccc1,COC(COCc1ccccc1)CC(O)C(COc1cc(F)cc(F)c1)NC(=O)c1cc(C(=O)NC(C)c2ccccc2)cc(N(C)S(C)(=O)=O)c1,0.511,1.204,False
205,258,C[C@@H](NC(=O)c1cc(C(=O)N[C@@H](Cc2ccccc2)[C@H](O)CNC2CC2)cc(N(C)S(C)(=O)=O)c1)c1ccccc1,C[C@@H](NC(=O)c1cc(C(=O)N[C@@H](Cc2ccccc2)[C@H](O)C2NC(C)(C)N(C)C2=O)cc(N(C)S(C)(=O)=O)c1)c1ccc(F)cc1,0.553,0.675,False
207,213,COc1cccc(-c2cccc(C3(c4ccncc4)N=C(C)C(=N)N3)c2)c1,COc1c(C)cc([C@@]2(c3cccc(-c4cncnc4)c3)N=C(C)C(=N)N2)cc1C,0.596,-1.151,False
208,209,CCCN(CCC)C(=O)c1cc(C(N)=O)cc(C(=O)N[C@@H](Cc2cc(F)cc(F)c2)[C@H](O)CNCc2cccc(OC)c2)c1,COCCN(C)C(=O)n1cc(C(=O)NC(Cc2cc(F)cc(F)c2)C(O)CNCc2cccc(OC)c2)c2cccnc21,0.516,0.822,False
208,301,CCCN(CCC)C(=O)c1cc(C(N)=O)cc(C(=O)N[C@@H](Cc2cc(F)cc(F)c2)[C@H](O)CNCc2cccc(OC)c2)c1,C=CCO/N=C(/C)c1cc(C(=O)N[C@@H](Cc2cc(F)cc(F)c2)[C@@H](O)CNCc2cccc(OC)c2)cc(N2CCCCS2(=O)=O)c1,0.52,1.004,False
209,224,COCCN(C)C(=O)n1cc(C(=O)NC(Cc2cc(F)cc(F)c2)C(O)CNCc2cccc(OC)c2)c2cccnc21,CCCCN(CCCC)C(=O)n1cc(C(=O)N[C@@H](Cc2ccccc2)[C@H](O)CNCc2cccc(OC)c2)c2ccccc21,0.553,0.11,False
210,227,CC(=O)NC(Cc1cc(F)cc(F)c1)C(O)CNC1(c2cccs2)CCCCC1,CC(=O)NC(Cc1cc(F)cc(F)c1)C(O)CNC1(c2cccc(C(C)(C)C)c2)CC1,0.588,-2.331,True
210,228,CC(=O)NC(Cc1cc(F)cc(F)c1)C(O)CNC1(c2cccs2)CCCCC1,CC(=O)NC(Cc1cc(F)cc(F)c1)C(O)CNC1(c2cccc(C3CCOC3)c2)CCCCC1,0.587,-2.533,True
210,236,CC(=O)NC(Cc1cc(F)cc(F)c1)C(O)CNC1(c2cccs2)CCCCC1,COC1CCC(NCC(O)C(Cc2cc(F)cc(F)c2)NC(C)=O)(c2cccc(C(C)(C)C)c2)CC1,0.519,-2.331,True
210,244,CC(=O)NC(Cc1cc(F)cc(F)c1)C(O)CNC1(c2cccs2)CCCCC1,CC(=O)NC(Cc1cc(F)cc(F)c1)C(O)CNC1(c2nc(C(C)(C)C)co2)CC1,0.528,0.155,False
210,249,CC(=O)NC(Cc1cc(F)cc(F)c1)C(O)CNC1(c2cccs2)CCCCC1,CC(=O)NC(Cc1cc(F)cc(F)c1)C(O)CNC1(c2cc(CC(C)(C)C)cs2)CCCCC1,0.708,-2.36,True
210,279,CC(=O)NC(Cc1cc(F)cc(F)c1)C(O)CNC1(c2cccs2)CCCCC1,C=C(C)c1cccc(C2(NCC(O)C(Cc3cc(F)cc(F)c3)NC(C)=O)CCCCC2)c1,0.657,-2.477,True
210,292,CC(=O)NC(Cc1cc(F)cc(F)c1)C(O)CNC1(c2cccs2)CCCCC1,COC(=O)NC1CCC(NCC(O)C(Cc2cc(F)cc(F)c2)NC(C)=O)(c2cccc(C(C)(C)C)c2)CC1,0.526,-2.097,True
210,296,CC(=O)NC(Cc1cc(F)cc(F)c1)C(O)CNC1(c2cccs2)CCCCC1,CC(=O)N[C@@H](Cc1cc(F)cc(F)c1)[C@H](O)CNC1(c2cccc(C(C)(C)C(F)F)c2)CC1,0.563,-2.115,True
212,218,C[C@]1(c2cc(NC(=O)c3ccc(C#N)cn3)ccc2F)N=C(N)OC[C@H]1F,C[C@]1(c2cc(NC(=O)c3ccc(C#N)cn3)ccc2F)N=C(N)O[C@H](C(F)(F)F)[C@@H]1F,0.704,-1.525,True
212,231,C[C@]1(c2cc(NC(=O)c3ccc(C#N)cn3)ccc2F)N=C(N)OC[C@H]1F,C[C@@]1(c2cc(NC(=O)c3ccc(C#N)cn3)ccc2F)CCOC(=N)N1,0.581,-0.931,False
212,232,C[C@]1(c2cc(NC(=O)c3ccc(C#N)cn3)ccc2F)N=C(N)OC[C@H]1F,N#Cc1ccc(C(=O)Nc2ccc(F)c([C@@]3(CF)N=C(N)OCC3(F)F)c2)nc1,0.63,-0.948,False
212,254,C[C@]1(c2cc(NC(=O)c3ccc(C#N)cn3)ccc2F)N=C(N)OC[C@H]1F,N#Cc1ccc(C(=O)Nc2ccc(F)c([C@@]3(CF)N=C(N)OC[C@@H]3F)c2)nc1,0.765,-0.752,False
214,215,N#CCCCOc1ccc(-c2ccc(-c3ccccc3Cl)n2Cc2cccc(N)n2)cc1,CCCCCOc1ccc(-c2ccc(-c3ccccc3Cl)n2Cc2ccc(NCCO)c(N)n2)cc1,0.533,-0.393,False
216,253,CC(C)NC(=O)CCCn1c(N)nc2cc(Cl)ccc21,Nc1nc2cc(Cl)ccc2n1CCCC(=O)NCC1CCCCC1,0.655,-0.366,False
216,282,CC(C)NC(=O)CCCn1c(N)nc2cc(Cl)ccc21,Nc1nc2cc(Cl)ccc2n1CCCC(=O)NCc1ccccn1,0.617,0.344,False
216,289,CC(C)NC(=O)CCCn1c(N)nc2cc(Cl)ccc21,CC(C)CC(CC(=O)NC(C)C)n1c(N)nc2cc(Cl)ccc21,0.586,0.105,False
217,287,CCc1cnc2c(c1)C(NCC(O)C(Cc1ccccc1)NC(C)=O)CC1(CCC1)O2,CC(=O)N[C@@H](Cc1ccc(F)cc1)[C@H](O)CN[C@H]1CC2(CCC2)Oc2ncc(CC(C)(C)C)cc21,0.733,-1.26,False
218,231,C[C@]1(c2cc(NC(=O)c3ccc(C#N)cn3)ccc2F)N=C(N)O[C@H](C(F)(F)F)[C@@H]1F,C[C@@]1(c2cc(NC(=O)c3ccc(C#N)cn3)ccc2F)CCOC(=N)N1,0.519,0.594,False
218,232,C[C@]1(c2cc(NC(=O)c3ccc(C#N)cn3)ccc2F)N=C(N)O[C@H](C(F)(F)F)[C@@H]1F,N#Cc1ccc(C(=O)Nc2ccc(F)c([C@@]3(CF)N=C(N)OCC3(F)F)c2)nc1,0.544,0.576,False
218,254,C[C@]1(c2cc(NC(=O)c3ccc(C#N)cn3)ccc2F)N=C(N)O[C@H](C(F)(F)F)[C@@H]1F,N#Cc1ccc(C(=O)Nc2ccc(F)c([C@@]3(CF)N=C(N)OC[C@@H]3F)c2)nc1,0.577,0.773,False
220,221,C[C@@H](NC(=O)c1cc(C(=O)OC[C@@](N)(CO)Cc2ccccc2)cc(N(C)S(C)(=O)=O)c1)c1ccc(F)cc1,CC(NC(=O)c1cc(SCCC(N)(CO)Cc2ccccc2)cc(N(C)S(C)(=O)=O)c1)c1ccc(F)cc1,0.714,2.699,True
220,245,C[C@@H](NC(=O)c1cc(C(=O)OC[C@@](N)(CO)Cc2ccccc2)cc(N(C)S(C)(=O)=O)c1)c1ccc(F)cc1,CC(NC(=O)c1cc(NCCC(N)(CO)Cc2ccccc2)cc(N(C)S(C)(=O)=O)c1)c1ccc(F)cc1,0.733,2.699,True
220,258,C[C@@H](NC(=O)c1cc(C(=O)OC[C@@](N)(CO)Cc2ccccc2)cc(N(C)S(C)(=O)=O)c1)c1ccc(F)cc1,C[C@@H](NC(=O)c1cc(C(=O)N[C@@H](Cc2ccccc2)[C@H](O)C2NC(C)(C)N(C)C2=O)cc(N(C)S(C)(=O)=O)c1)c1ccc(F)cc1,0.505,-0.45,False
221,245,CC(NC(=O)c1cc(SCCC(N)(CO)Cc2ccccc2)cc(N(C)S(C)(=O)=O)c1)c1ccc(F)cc1,CC(NC(=O)c1cc(NCCC(N)(CO)Cc2ccccc2)cc(N(C)S(C)(=O)=O)c1)c1ccc(F)cc1,0.76,0.0,False
223,231,C[C@@]1(c2cc(NC(=O)c3ccc(Cl)cn3)ccc2F)C[C@@H]2C[C@@H]2C(=N)N1,C[C@@]1(c2cc(NC(=O)c3ccc(C#N)cn3)ccc2F)CCOC(=N)N1,0.507,-0.275,False
226,238,Cc1cc(C2(c3cccc(-c4cncnc4)c3)N=C(N)N(C)C2=O)cs1,COc1ccc([C@]2(c3cccc(-c4cccnc4)c3)N=C(N)N(C)C2=O)cc1C,0.562,-0.544,False
226,241,Cc1cc(C2(c3cccc(-c4cncnc4)c3)N=C(N)N(C)C2=O)cs1,CN1C(=O)C(c2ccsc2)(c2cccc(-c3cncnc3)c2)N=C1N,0.759,-0.301,False
226,255,Cc1cc(C2(c3cccc(-c4cncnc4)c3)N=C(N)N(C)C2=O)cs1,CCc1cc(C2(c3cccc(-c4cncnc4)c3)N=C(N)N(C)C2=O)cs1,0.782,-0.243,False
226,259,Cc1cc(C2(c3cccc(-c4cncnc4)c3)N=C(N)N(C)C2=O)cs1,CN1C(=O)[C@@](c2ccncc2)(c2cccc(-c3cccnc3)c2)N=C1N,0.614,-0.368,False
226,266,Cc1cc(C2(c3cccc(-c4cncnc4)c3)N=C(N)N(C)C2=O)cs1,CC(C)c1cc(C2(c3cccc(-c4cncnc4)c3)N=C(N)N(C)C2=O)ccn1,0.65,-0.301,False
226,284,Cc1cc(C2(c3cccc(-c4cncnc4)c3)N=C(N)N(C)C2=O)cs1,CN1C(=O)C(c2cccc(-c3cccnc3)c2)(c2ccc3c(c2)CCO3)N=C1N,0.515,-0.067,False
227,228,CC(=O)NC(Cc1cc(F)cc(F)c1)C(O)CNC1(c2cccc(C(C)(C)C)c2)CC1,CC(=O)NC(Cc1cc(F)cc(F)c1)C(O)CNC1(c2cccc(C3CCOC3)c2)CCCCC1,0.608,-0.202,False
227,236,CC(=O)NC(Cc1cc(F)cc(F)c1)C(O)CNC1(c2cccc(C(C)(C)C)c2)CC1,COC1CCC(NCC(O)C(Cc2cc(F)cc(F)c2)NC(C)=O)(c2cccc(C(C)(C)C)c2)CC1,0.828,0.0,False
227,244,CC(=O)NC(Cc1cc(F)cc(F)c1)C(O)CNC1(c2cccc(C(C)(C)C)c2)CC1,CC(=O)NC(Cc1cc(F)cc(F)c1)C(O)CNC1(c2nc(C(C)(C)C)co2)CC1,0.618,2.486,True
227,249,CC(=O)NC(Cc1cc(F)cc(F)c1)C(O)CNC1(c2cccc(C(C)(C)C)c2)CC1,CC(=O)NC(Cc1cc(F)cc(F)c1)C(O)CNC1(c2cc(CC(C)(C)C)cs2)CCCCC1,0.563,-0.029,False
227,277,CC(=O)NC(Cc1cc(F)cc(F)c1)C(O)CNC1(c2cccc(C(C)(C)C)c2)CC1,CC(=O)N[C@@H](Cc1cc(F)cc(F)c1)[C@H](O)CNC(C)(C)c1cccc(C(C)(C)C)c1,0.672,0.155,False
227,279,CC(=O)NC(Cc1cc(F)cc(F)c1)C(O)CNC1(c2cccc(C(C)(C)C)c2)CC1,C=C(C)c1cccc(C2(NCC(O)C(Cc3cc(F)cc(F)c3)NC(C)=O)CCCCC2)c1,0.682,-0.146,False
227,292,CC(=O)NC(Cc1cc(F)cc(F)c1)C(O)CNC1(c2cccc(C(C)(C)C)c2)CC1,COC(=O)NC1CCC(NCC(O)C(Cc2cc(F)cc(F)c2)NC(C)=O)(c2cccc(C(C)(C)C)c2)CC1,0.803,0.234,False
227,296,CC(=O)NC(Cc1cc(F)cc(F)c1)C(O)CNC1(c2cccc(C(C)(C)C)c2)CC1,CC(=O)N[C@@H](Cc1cc(F)cc(F)c1)[C@H](O)CNC1(c2cccc(C(C)(C)C(F)F)c2)CC1,0.85,0.216,False
228,236,CC(=O)NC(Cc1cc(F)cc(F)c1)C(O)CNC1(c2cccc(C3CCOC3)c2)CCCCC1,COC1CCC(NCC(O)C(Cc2cc(F)cc(F)c2)NC(C)=O)(c2cccc(C(C)(C)C)c2)CC1,0.58,0.202,False
228,249,CC(=O)NC(Cc1cc(F)cc(F)c1)C(O)CNC1(c2cccc(C3CCOC3)c2)CCCCC1,CC(=O)NC(Cc1cc(F)cc(F)c1)C(O)CNC1(c2cc(CC(C)(C)C)cs2)CCCCC1,0.525,0.173,False
228,279,CC(=O)NC(Cc1cc(F)cc(F)c1)C(O)CNC1(c2cccc(C3CCOC3)c2)CCCCC1,C=C(C)c1cccc(C2(NCC(O)C(Cc3cc(F)cc(F)c3)NC(C)=O)CCCCC2)c1,0.671,0.056,False
228,292,CC(=O)NC(Cc1cc(F)cc(F)c1)C(O)CNC1(c2cccc(C3CCOC3)c2)CCCCC1,COC(=O)NC1CCC(NCC(O)C(Cc2cc(F)cc(F)c2)NC(C)=O)(c2cccc(C(C)(C)C)c2)CC1,0.585,0.436,False
228,296,CC(=O)NC(Cc1cc(F)cc(F)c1)C(O)CNC1(c2cccc(C3CCOC3)c2)CCCCC1,CC(=O)N[C@@H](Cc1cc(F)cc(F)c1)[C@H](O)CNC1(c2cccc(C(C)(C)C(F)F)c2)CC1,0.584,0.417,False
229,257,CCC(CC(=O)NCc1ccccc1)n1c(N)nc2cc(Cl)ccc21,CCC(CC(=O)NC(COC(C)(C)C)C(=O)OC)n1c(N)nc2cc(Cl)ccc21,0.597,0.018,False
229,262,CCC(CC(=O)NCc1ccccc1)n1c(N)nc2cc(Cl)ccc21,CCC(CC(=O)NCCC1CCNC1)n1c(N)nc2cc(Cl)ccc21,0.618,0.574,False
229,285,CCC(CC(=O)NCc1ccccc1)n1c(N)nc2cc(Cl)ccc21,CCC(CC(=O)NCc1cccc(F)c1)n1c(N)nc2cc(Cl)ccc21,0.828,0.674,False
229,289,CCC(CC(=O)NCc1ccccc1)n1c(N)nc2cc(Cl)ccc21,CC(C)CC(CC(=O)NC(C)C)n1c(N)nc2cc(Cl)ccc21,0.59,0.534,False
231,232,C[C@@]1(c2cc(NC(=O)c3ccc(C#N)cn3)ccc2F)CCOC(=N)N1,N#Cc1ccc(C(=O)Nc2ccc(F)c([C@@]3(CF)N=C(N)OCC3(F)F)c2)nc1,0.532,-0.017,False
231,254,C[C@@]1(c2cc(NC(=O)c3ccc(C#N)cn3)ccc2F)CCOC(=N)N1,N#Cc1ccc(C(=O)Nc2ccc(F)c([C@@]3(CF)N=C(N)OC[C@@H]3F)c2)nc1,0.526,0.179,False
232,254,N#Cc1ccc(C(=O)Nc2ccc(F)c([C@@]3(CF)N=C(N)OCC3(F)F)c2)nc1,N#Cc1ccc(C(=O)Nc2ccc(F)c([C@@]3(CF)N=C(N)OC[C@@H]3F)c2)nc1,0.681,0.196,False
232,281,N#Cc1ccc(C(=O)Nc2ccc(F)c([C@@]3(CF)N=C(N)OCC3(F)F)c2)nc1,CC1(c2cc(NC(=O)c3ncc(Cl)cn3)ccc2F)N=C(N)OCC1(F)F,0.527,0.136,False
233,237,CC(C)Oc1cccc(-c2ccc(C3CC3c3cc(=O)n(C)c(N)n3)cc2)c1,Cn1c(N)nc(C2CC2c2ccc(-c3ccco3)cc2)cc1=O,0.617,0.038,False
234,243,O=C(C1CNCC1c1ccccc1Br)N1CCCCC1c1ccccc1,O=C(C1CNCC1c1ccccc1Br)N1CCOCC1c1ccccc1,0.709,-0.084,False
236,244,COC1CCC(NCC(O)C(Cc2cc(F)cc(F)c2)NC(C)=O)(c2cccc(C(C)(C)C)c2)CC1,CC(=O)NC(Cc1cc(F)cc(F)c1)C(O)CNC1(c2nc(C(C)(C)C)co2)CC1,0.526,2.486,True
236,249,COC1CCC(NCC(O)C(Cc2cc(F)cc(F)c2)NC(C)=O)(c2cccc(C(C)(C)C)c2)CC1,CC(=O)NC(Cc1cc(F)cc(F)c1)C(O)CNC1(c2cc(CC(C)(C)C)cs2)CCCCC1,0.5,-0.029,False
236,277,COC1CCC(NCC(O)C(Cc2cc(F)cc(F)c2)NC(C)=O)(c2cccc(C(C)(C)C)c2)CC1,CC(=O)N[C@@H](Cc1cc(F)cc(F)c1)[C@H](O)CNC(C)(C)c1cccc(C(C)(C)C)c1,0.586,0.155,False
236,279,COC1CCC(NCC(O)C(Cc2cc(F)cc(F)c2)NC(C)=O)(c2cccc(C(C)(C)C)c2)CC1,C=C(C)c1cccc(C2(NCC(O)C(Cc3cc(F)cc(F)c3)NC(C)=O)CCCCC2)c1,0.6,-0.146,False
236,292,COC1CCC(NCC(O)C(Cc2cc(F)cc(F)c2)NC(C)=O)(c2cccc(C(C)(C)C)c2)CC1,COC(=O)NC1CCC(NCC(O)C(Cc2cc(F)cc(F)c2)NC(C)=O)(c2cccc(C(C)(C)C)c2)CC1,0.829,0.234,False
236,296,COC1CCC(NCC(O)C(Cc2cc(F)cc(F)c2)NC(C)=O)(c2cccc(C(C)(C)C)c2)CC1,CC(=O)N[C@@H](Cc1cc(F)cc(F)c1)[C@H](O)CNC1(c2cccc(C(C)(C)C(F)F)c2)CC1,0.714,0.216,False
238,241,COc1ccc([C@]2(c3cccc(-c4cccnc4)c3)N=C(N)N(C)C2=O)cc1C,CN1C(=O)C(c2ccsc2)(c2cccc(-c3cncnc3)c2)N=C1N,0.547,0.243,False
238,255,COc1ccc([C@]2(c3cccc(-c4cccnc4)c3)N=C(N)N(C)C2=O)cc1C,CCc1cc(C2(c3cccc(-c4cncnc4)c3)N=C(N)N(C)C2=O)cs1,0.522,0.301,False
238,259,COc1ccc([C@]2(c3cccc(-c4cccnc4)c3)N=C(N)N(C)C2=O)cc1C,CN1C(=O)[C@@](c2ccncc2)(c2cccc(-c3cccnc3)c2)N=C1N,0.714,0.176,False
238,266,COc1ccc([C@]2(c3cccc(-c4cccnc4)c3)N=C(N)N(C)C2=O)cc1C,CC(C)c1cc(C2(c3cccc(-c4cncnc4)c3)N=C(N)N(C)C2=O)ccn1,0.537,0.243,False
238,284,COc1ccc([C@]2(c3cccc(-c4cccnc4)c3)N=C(N)N(C)C2=O)cc1C,CN1C(=O)C(c2cccc(-c3cccnc3)c2)(c2ccc3c(c2)CCO3)N=C1N,0.621,0.477,False
241,255,CN1C(=O)C(c2ccsc2)(c2cccc(-c3cncnc3)c2)N=C1N,CCc1cc(C2(c3cccc(-c4cncnc4)c3)N=C(N)N(C)C2=O)cs1,0.732,0.058,False
241,259,CN1C(=O)C(c2ccsc2)(c2cccc(-c3cncnc3)c2)N=C1N,CN1C(=O)[C@@](c2ccncc2)(c2cccc(-c3cccnc3)c2)N=C1N,0.625,-0.067,False
241,266,CN1C(=O)C(c2ccsc2)(c2cccc(-c3cncnc3)c2)N=C1N,CC(C)c1cc(C2(c3cccc(-c4cncnc4)c3)N=C(N)N(C)C2=O)ccn1,0.661,0.0,False
241,284,CN1C(=O)C(c2ccsc2)(c2cccc(-c3cncnc3)c2)N=C1N,CN1C(=O)C(c2cccc(-c3cccnc3)c2)(c2ccc3c(c2)CCO3)N=C1N,0.522,0.234,False
244,249,CC(=O)NC(Cc1cc(F)cc(F)c1)C(O)CNC1(c2nc(C(C)(C)C)co2)CC1,CC(=O)NC(Cc1cc(F)cc(F)c1)C(O)CNC1(c2cc(CC(C)(C)C)cs2)CCCCC1,0.548,-2.515,True
244,277,CC(=O)NC(Cc1cc(F)cc(F)c1)C(O)CNC1(c2nc(C(C)(C)C)co2)CC1,CC(=O)N[C@@H](Cc1cc(F)cc(F)c1)[C@H](O)CNC(C)(C)c1cccc(C(C)(C)C)c1,0.507,-2.331,True
244,279,CC(=O)NC(Cc1cc(F)cc(F)c1)C(O)CNC1(c2nc(C(C)(C)C)co2)CC1,C=C(C)c1cccc(C2(NCC(O)C(Cc3cc(F)cc(F)c3)NC(C)=O)CCCCC2)c1,0.507,-2.632,True
244,292,CC(=O)NC(Cc1cc(F)cc(F)c1)C(O)CNC1(c2nc(C(C)(C)C)co2)CC1,COC(=O)NC1CCC(NCC(O)C(Cc2cc(F)cc(F)c2)NC(C)=O)(c2cccc(C(C)(C)C)c2)CC1,0.512,-2.252,True
244,296,CC(=O)NC(Cc1cc(F)cc(F)c1)C(O)CNC1(c2nc(C(C)(C)C)co2)CC1,CC(=O)N[C@@H](Cc1cc(F)cc(F)c1)[C@H](O)CNC1(c2cccc(C(C)(C)C(F)F)c2)CC1,0.569,-2.271,True
246,270,CCCc1cc(CC2CS(=O)(=O)CC(NCc3cccc(C(C)(C)C)c3)C2O)cc(F)c1N,CN(C)CC(=O)Nc1ccc(CC2CS(=O)(=O)CC(NCc3cccc(C(C)(C)C)c3)C2O)cc1F,0.608,-0.329,False
246,300,CCCc1cc(CC2CS(=O)(=O)CC(NCc3cccc(C(C)(C)C)c3)C2O)cc(F)c1N,CC(C)(C)c1cccc(CN[C@H]2CS(=O)C[C@@H](Cc3cc(F)c(N)c(OC(C(F)(F)F)C(F)(F)F)c3)[C@@H]2O)c1,0.524,-1.813,True
249,279,CC(=O)NC(Cc1cc(F)cc(F)c1)C(O)CNC1(c2cc(CC(C)(C)C)cs2)CCCCC1,C=C(C)c1cccc(C2(NCC(O)C(Cc3cc(F)cc(F)c3)NC(C)=O)CCCCC2)c1,0.583,-0.117,False
249,292,CC(=O)NC(Cc1cc(F)cc(F)c1)C(O)CNC1(c2cc(CC(C)(C)C)cs2)CCCCC1,COC(=O)NC1CCC(NCC(O)C(Cc2cc(F)cc(F)c2)NC(C)=O)(c2cccc(C(C)(C)C)c2)CC1,0.506,0.263,False
249,296,CC(=O)NC(Cc1cc(F)cc(F)c1)C(O)CNC1(c2cc(CC(C)(C)C)cs2)CCCCC1,CC(=O)N[C@@H](Cc1cc(F)cc(F)c1)[C@H](O)CNC1(c2cccc(C(C)(C)C(F)F)c2)CC1,0.541,0.244,False
250,294,N=C1NC2(c3cccc(-c4cncc(Cl)c4)c3)CCOCC2O1,N=C1NC2(c3cccc(NC(=O)c4ccc(F)cn4)c3)CCOCC2O1,0.521,-0.225,False
253,282,Nc1nc2cc(Cl)ccc2n1CCCC(=O)NCC1CCCCC1,Nc1nc2cc(Cl)ccc2n1CCCC(=O)NCc1ccccn1,0.609,0.71,False
255,259,CCc1cc(C2(c3cccc(-c4cncnc4)c3)N=C(N)N(C)C2=O)cs1,CN1C(=O)[C@@](c2ccncc2)(c2cccc(-c3cccnc3)c2)N=C1N,0.593,-0.125,False
255,266,CCc1cc(C2(c3cccc(-c4cncnc4)c3)N=C(N)N(C)C2=O)cs1,CC(C)c1cc(C2(c3cccc(-c4cncnc4)c3)N=C(N)N(C)C2=O)ccn1,0.629,-0.058,False
255,284,CCc1cc(C2(c3cccc(-c4cncnc4)c3)N=C(N)N(C)C2=O)cs1,CN1C(=O)C(c2cccc(-c3cccnc3)c2)(c2ccc3c(c2)CCO3)N=C1N,0.522,0.176,False
257,262,CCC(CC(=O)NC(COC(C)(C)C)C(=O)OC)n1c(N)nc2cc(Cl)ccc21,CCC(CC(=O)NCCC1CCNC1)n1c(N)nc2cc(Cl)ccc21,0.519,0.556,False
257,285,CCC(CC(=O)NC(COC(C)(C)C)C(=O)OC)n1c(N)nc2cc(Cl)ccc21,CCC(CC(=O)NCc1cccc(F)c1)n1c(N)nc2cc(Cl)ccc21,0.548,0.656,False
257,289,CCC(CC(=O)NC(COC(C)(C)C)C(=O)OC)n1c(N)nc2cc(Cl)ccc21,CC(C)CC(CC(=O)NC(C)C)n1c(N)nc2cc(Cl)ccc21,0.576,0.516,False
259,266,CN1C(=O)[C@@](c2ccncc2)(c2cccc(-c3cccnc3)c2)N=C1N,CC(C)c1cc(C2(c3cccc(-c4cncnc4)c3)N=C(N)N(C)C2=O)ccn1,0.638,0.067,False
259,284,CN1C(=O)[C@@](c2ccncc2)(c2cccc(-c3cccnc3)c2)N=C1N,CN1C(=O)C(c2cccc(-c3cccnc3)c2)(c2ccc3c(c2)CCO3)N=C1N,0.678,0.301,False
260,268,COc1ccc([C@]2(c3cccc(-c4cncnc4)c3)N=C(N)c3nc(C)sc32)cc1,COc1ccc(C2(c3cccc(-c4cncnc4)c3)N=C(N)N3CC(F)(F)CN=C32)cc1,0.514,-0.799,False
262,285,CCC(CC(=O)NCCC1CCNC1)n1c(N)nc2cc(Cl)ccc21,CCC(CC(=O)NCc1cccc(F)c1)n1c(N)nc2cc(Cl)ccc21,0.568,0.1,False
262,289,CCC(CC(=O)NCCC1CCNC1)n1c(N)nc2cc(Cl)ccc21,CC(C)CC(CC(=O)NC(C)C)n1c(N)nc2cc(Cl)ccc21,0.507,-0.04,False
264,280,CC(C)Oc1cccc(CN2CC[C@@]3(C[C@@H]2C)CN(C)S(=O)(=O)N3c2cccc(F)c2)c1,CCCOc1cccc(CN2CCC3(CNS(=O)(=O)N3c3cccc(F)c3)CC2C)c1,0.582,0.983,False
266,284,CC(C)c1cc(C2(c3cccc(-c4cncnc4)c3)N=C(N)N(C)C2=O)ccn1,CN1C(=O)C(c2cccc(-c3cccnc3)c2)(c2ccc3c(c2)CCO3)N=C1N,0.514,0.234,False
268,276,COc1ccc(C2(c3cccc(-c4cncnc4)c3)N=C(N)N3CC(F)(F)CN=C32)cc1,COc1ccc(C2(c3cccc(-c4cccnc4F)c3)N=C(N)N3CCCN=C32)cc1,0.521,-0.155,False
269,276,CC1(C)CN2C(N)=N[C@](c3ccc(OC(F)(F)F)cc3)(c3cccc(-c4cccnc4F)c3)C2=N1,COc1ccc(C2(c3cccc(-c4cccnc4F)c3)N=C(N)N3CCCN=C32)cc1,0.611,-0.434,False
272,286,COCC(Oc1cc(CC2CS(=O)CC(NCc3cccc(OC(F)(F)F)c3)C2O)cc(F)c1N)C(F)(F)F,COC[C@@H](Oc1cc(C[C@@H]2CS(=O)C[C@H](NCc3cccc(C(C)(C)C)c3)[C@H]2O)cc(F)c1N)C(F)(F)F,0.81,-1.724,True
272,300,COCC(Oc1cc(CC2CS(=O)CC(NCc3cccc(OC(F)(F)F)c3)C2O)cc(F)c1N)C(F)(F)F,CC(C)(C)c1cccc(CN[C@H]2CS(=O)C[C@@H](Cc3cc(F)c(N)c(OC(C(F)(F)F)C(F)(F)F)c3)[C@@H]2O)c1,0.663,-2.025,True
273,278,CN1C(=O)[C@@](c2ccc(OC(F)F)cc2)(c2ccc(F)c(OCCF)c2)N=C1N,CN1C(=O)[C@@](c2ccc(OC(F)F)cc2)(c2cccc(OCCC(F)(F)F)c2)N=C1N,0.621,0.222,False
276,299,COc1ccc(C2(c3cccc(-c4cccnc4F)c3)N=C(N)N3CCCN=C32)cc1,COc1cccc([C@@]2(c3ccccc3)N=C(N)N3CCCN=C32)c1,0.629,2.462,True
277,292,CC(=O)N[C@@H](Cc1cc(F)cc(F)c1)[C@H](O)CNC(C)(C)c1cccc(C(C)(C)C)c1,COC(=O)NC1CCC(NCC(O)C(Cc2cc(F)cc(F)c2)NC(C)=O)(c2cccc(C(C)(C)C)c2)CC1,0.569,0.079,False
277,296,CC(=O)N[C@@H](Cc1cc(F)cc(F)c1)[C@H](O)CNC(C)(C)c1cccc(C(C)(C)C)c1,CC(=O)N[C@@H](Cc1cc(F)cc(F)c1)[C@H](O)CNC1(c2cccc(C(C)(C)C(F)F)c2)CC1,0.591,0.061,False
279,292,C=C(C)c1cccc(C2(NCC(O)C(Cc3cc(F)cc(F)c3)NC(C)=O)CCCCC2)c1,COC(=O)NC1CCC(NCC(O)C(Cc2cc(F)cc(F)c2)NC(C)=O)(c2cccc(C(C)(C)C)c2)CC1,0.584,0.38,False
279,296,C=C(C)c1cccc(C2(NCC(O)C(Cc3cc(F)cc(F)c3)NC(C)=O)CCCCC2)c1,CC(=O)N[C@@H](Cc1cc(F)cc(F)c1)[C@H](O)CNC1(c2cccc(C(C)(C)C(F)F)c2)CC1,0.652,0.362,False
283,288,CCCN(CCC)C(=O)c1cc(C)cc(C(=O)N[C@@H](Cc2cc(F)cc(F)c2)[C@H](O)C2NCN(Cc3ccccc3)C2=O)c1,CCCN(CCC)C(=O)c1cc(C)cc(C(=O)N[C@@H](Cc2cc(F)cc(F)c2)[C@H](O)[C@H]2C[C@@H](OCC)CCN2)c1,0.575,0.146,False
285,289,CCC(CC(=O)NCc1cccc(F)c1)n1c(N)nc2cc(Cl)ccc21,CC(C)CC(CC(=O)NC(C)C)n1c(N)nc2cc(Cl)ccc21,0.561,-0.141,False
286,300,COC[C@@H](Oc1cc(C[C@@H]2CS(=O)C[C@H](NCc3cccc(C(C)(C)C)c3)[C@H]2O)cc(F)c1N)C(F)(F)F,CC(C)(C)c1cccc(CN[C@H]2CS(=O)C[C@@H](Cc3cc(F)c(N)c(OC(C(F)(F)F)C(F)(F)F)c3)[C@@H]2O)c1,0.827,-0.301,False
291,294,N=C1NC2(c3cccc(NC(=O)c4ccccn4)c3)CCCCC2O1,N=C1NC2(c3cccc(NC(=O)c4ccc(F)cn4)c3)CCOCC2O1,0.6,-0.865,False
292,296,COC(=O)NC1CCC(NCC(O)C(Cc2cc(F)cc(F)c2)NC(C)=O)(c2cccc(C(C)(C)C)c2)CC1,CC(=O)N[C@@H](Cc1cc(F)cc(F)c1)[C@H](O)CNC1(c2cccc(C(C)(C)C(F)F)c2)CC1,0.694,-0.018,False
