smiles,label,set
O=C(NCCC(C)(C)C)C(Cc1cc2cc(ccc2nc1N)-c1ccccc1C)C,9.1870871,test
O=C(N(C)C1CCCCC1)CCc1cc2cc(ccc2nc1N)-c1ccccc1C,5.283996599999999,test
s1cc(cc1C1([NH2+]CC(O)C(NC(=O)C)Cc2cc(F)cc(F)c2)CCCCC1)C(C)C,6.4534574000000005,test
S(=O)(=O)(N(C)c1cc2cc(c1)C(=O)N[C@H](C\C=C\COCC(NC2=O)C(O)C[NH2+]Cc1cc(ccc1)C(C)C)c1ccccc1)C,8.4948502,test
Fc1cc(cc(F)c1)CC(NC(=O)C)C(O)C[NH2+]C1(CCC(NC(=O)C)CC1)c1cc(ccc1)C(C)(C)C,6.4559321,test
s1cccc1-c1cc(ccc1)C1CC1C1(N=C(N)N(C)C(=O)C1)C,5.2146702000000005,test
S(=O)(=O)(N(c1cc(cc(OCC)c1)C(=O)NC(Cc1ccccc1)C(O)C[NH2+]Cc1cc(ccc1)C(F)(F)F)c1ccccc1)C,8.522878599999999,test
S1(=O)(=O)N(c2cc(cc3n(cc(CC1)c23)CC)C(=O)NC([C@H](O)C[NH2+]CCC(F)(F)F)Cc1ccccc1)C,8.522878599999999,test
S(=O)(=O)(N(C)c1cc(cc(c1)COCC([NH3+])(Cc1ccccc1)C)C(=O)NC(C)c1ccc(F)cc1)C,6.463441400000001,test
S1(=O)(=O)N(C2(CC([NH+](CC2)Cc2ccc(NC(=O)C)cc2)C)CN1C)c1cc(F)ccc1,5.19382,test
Fc1cc(cc(F)c1)CC(NC(=O)C(N1CCC(NC(=O)C)(C(CC)C)C1=O)CCc1ccccc1)C(O)C1[NH2+]CC(OCCC)C1,8.585026699999998,test
FC(F)Oc1ccc(cc1)[C@@]1(N=C(N)N(C)C1=O)c1cc(ccc1)C#CC1CCCCC1,6.4814858,test
Clc1cc(Cl)cnc1C(=O)Nc1cc(C2(N=C(N)COC2)C)c(F)cc1,7.3467875,test
O=C(N[C@@H](Cc1ccccc1)C(=O)N[C@H]([C@@H](O)C[C@H](C(=O)NCC(C)C)C)CC(C)C)c1ccccc1,5.1592669,test
Fc1ccc(cc1C#N)CC(NC(=O)C)C(O)C[NH2+]C1CC2(Oc3ncc(cc13)CC(C)(C)C)CCC2,8.6197891,test
O=C1N(CC(=NC1(C)c1cc(NC(=O)c2ncc(nc2)C)ccc1)N)C,5.1500281999999995,test
O(C)c1ccc(cc1)Cc1cc(ccc1)[C@]1([NH+]=C(N2C1=NCCC2)N)c1ccccc1,5.1487417,test
S1(=O)(=O)CC(Cc2cc(OC(C(F)(F)F)C(F)(F)F)c(N)c(F)c2)C(O)C([NH2+]Cc2cc(ccc2)C(CO)(C)C)C1,8.6989698,test
Fc1cc(cc(F)c1)CC(NC(=O)C)C(O)C[NH2+]C1(CCCN(C1)C(=O)N)c1cc(ccc1)C(C)(C)C,6.4814858,test
S1(=O)(=O)CC(Cc2cc(OC(C(F)(F)F)C(F)(F)F)c(N)c(F)c2)C(O)C([NH2+]Cc2cc(ccc2)C(C)(C)C)C1,8.6989698,test
O=C1N(Cc2ccc(cc2)CNC(=O)NCCCC)C(NC1(CC1CCCCC1)C)=N,5.3010302000000005,test
O1CC(N=C1N)(c1cc(ccc1)-c1cccnc1)c1ccc(OC)cc1,5.1272612,test
Clc1ccccc1-c1cc2c(Oc3c(cc(OC)cc3)C23N=C(OC3)N)cc1,5.311580200000001,test
Brc1cc(ccc1O)CC1CS(=O)(=O)CC([NH2+]Cc2nccc(c2)C(C)C)C1O,5.3665314,test
S1(=O)(=O)N(CCCC1)c1cc(cc(c1)/C(=N\OCC(C)C)/C)C(=O)N[C@H]([C@@H](O)C[NH2+]Cc1cc(OC)ccc1)Cc1cc(F)cc(F)c1,6.368556,test
S1(=O)(=O)N(CCCC1)c1cc(cc(c1)/C(=N\O)/C)C(=O)N[C@H]([C@@H](O)C[NH2+]Cc1cc(OC)ccc1)Cc1cc(F)cc(F)c1,7.4202166,test
Fc1cc(cc(F)c1)CC(NC(=O)C)C(O)C[NH2+]C1(CCCCC1)c1cc(N(C)C)ccc1,6.387216099999999,test
S(=O)(=O)(N(c1cc(C(=O)NC(Cc2ccccc2)C(O)C[NH2+]Cc2cc(ccc2)C(F)(F)F)c(cc1)C)c1ccccc1)C,5.4596705000000005,test
Clc1cc(Cl)cnc1C(=O)Nc1cc(C2(N=C(OCC2)N)C)c(F)cc1,7.408935499999999,test
FC1(F)COC(=NC1(C)c1cc(NC(=O)c2ncc(OCC#CC)nc2)ccc1F)N,8.2218485,test
FC(F)(F)c1ccc(cc1)\C=C\C(=O)N[C@@H](Cc1ccc([N+](=O)[O-])cc1)C(=O)N[C@H]([C@@H](O)C[C@H](C(=O)NCC(C)C)C)CC(C)C,5.421361,test
Fc1cc(cc(F)c1)CC(NC(=O)C)C(O)C[NH2+]C1(CCCCC1)c1nnn(c1)C12CC3CC(C1)CC(C2)C3,6.406714,test
S1(=O)(=O)N(CCCC1)c1cc(cc(NCC)c1)C(=O)N[C@H]([C@H](O)C[NH2+]C(C)(C)c1cc(ccc1)C(F)(F)F)Cc1ccccc1,8.2218485,test
O=C1N(C)C(=NC1(c1cc(ccc1)-c1cc(ccc1)C#N)c1ccncc1)N,7.3979402,test
Fc1cc(cc(F)c1)CC(NC(=O)C(N1CCC(NC(=O)C)(C(CC)C)C1=O)CCc1ccccc1)C(O)C1[NH2+]CC(Oc2cccnc2)C1,8.229147900000001,test
S(=O)(=O)(C)c1ccc(cc1)-c1ccccc1C1C[NH2+]CC1C(=O)N1CCOCC1c1ccccc1,5.3979402,test
O=C1N(CC2CCC(CC2)C(=O)[O-])C(=NC1(C1CCCCC1)c1ccccc1)N,6.4089355,test
Fc1cc(cnc1)-c1cc(ccc1)C1(N=C(N)C2N1CCCC2)C,5.3979402,test
FCC\C=C\c1cc(ccc1)[C@]1(N=C(N)N(C)C1=O)c1ccc(OC(F)F)cc1,7.3979402,test
s1c(ccc1C(C)C)C1([NH2+]CC(O)C(NC(=O)C)Cc2cc(F)cc(F)c2)CCCCC1,5.3968558,test
Brc1cc(ccc1O)CC1CS(=O)(=O)CC([NH2+]Cc2cc(Cl)cc(Cl)c2)C1O,5.3767509,test
O1c2ncc(cc2C([NH2+]CC(O)C(NC(=O)C)Cc2ccccc2)CC12CCC2)CC(C)C,8.3010302,test
Clc1cc(Cl)ccc1C(=O)N[C@@H](Cc1ccc([N+](=O)[O-])cc1)C(=O)N[C@H]([C@@H](O)C[C@H](C(=O)NCC(C)C)C)CC(C)C,5.3726339,test
FC(F)Oc1ccc(cc1)[C@@]1(N=C(N)N(C)C1=O)c1cc(ccc1)C#CCC,7.3979402,test
Fc1cc(cc(F)c1)CC(NC(=O)C(N1CCC(NC(=O)C)(C(CC)C)C1=O)CCc1ccccc1)C(O)C1[NH2+]CC(OCc2cccnc2)C1,8.8538723,test
O1CCCCOc2cc(CC(NC(=O)c3cc(N4CCCC4=O)cc1c3)C(O)C[NH2+]C1(CC1)c1cc(ccc1)C(C)C)ccc2,9.0,test
O1c2cc(ccc2OC1)C(=O)N[C@@H](Cc1ccccc1)C(=O)N[C@H]([C@@H](O)C[C@H](C(=O)NCC(C)C)C)CC(C)C,5.0931263,test
S1(=O)(=O)N(c2cc(cc3n(cc(CC1)c23)CC)C(=O)NC(Cc1ccccc1)C(O)(O)C[NH2+]C1CCOCC1)C,7.8860564,test
O=C(c1cc2CN(CCC(=O)N(C)C3CCCCC3)C(=[NH+]c2cc1)N)c1ccccc1,7.9586072,test
Fc1cc(cc(F)c1)CC(NC(=O)C)C(O)C[NH2+]C1(CCCCC1)c1cc(ccc1)C1CCCCC1,5.0,test
S(=O)(=O)(N(C)c1cc2cc(c1)C(=O)NC(COCc1cc(ccc1)C(NC2=O)c1ccccc1)C(O)CC(C(C)C)C(=O)NC)C,5.0,test
S(=O)(=O)(N(C)c1cc2cc(c1)CCCC(OCCOC)c1cc(COCC(NC2=O)C(O)CC(C(C)C)C(=O)NCC(C)C)ccc1)C,5.0,test
S(=O)(=O)(N(C)c1cc(cc(c1)C(=O)NC(C(O)CC(C(=O)NC(C(C)C)C(=O)NC(C)C)C)CC(C)C)C(=O)NC(C)c1ccccc1)C,8.958607699999998,test
OC(C(NC(=O)C(NC(=O)C(NC(=O)C([NH3+])CCC(=O)[O-])C(C)C)CC(=O)N)CC(C)C)CC(C(=O)NC(C(=O)NC(CCC(=O)[O-])C(=O)NC(Cc1ccccc1)C(=O)[O-])C)C,9.0,test
Fc1cc(cc(F)c1)CC(NC(=O)c1cc(cc(c1)C)C(=O)N1CCCC1COC)C(O)C1[NH2+]CC(Oc2ccccc2)C1,9.1549015,test
O1CC[NH+](CC1)CC(O)COc1cc(ccc1C)C,2.6989701,test
O1c2cc(ccc2OC1)C1(N=C(N)N(C)C1=O)c1cc(ccc1)-c1cccnc1,6.6020598,test
FC1(F)COC(=NC1(C)c1cc(NC(=O)c2ncc(OC(F)(F)F)cc2)ccc1F)N,7.2441254,test
n1c2c(nc(N)c1N1CCCC1)cccc2,3.0604807999999997,test
FC1(F)CN2C(=NC1)C(N=C2N)(c1cc(ccc1)C#COCCCF)c1ccc(OC(F)F)cc1,7.23,test
S(C(C)C)C(NC(=O)C(C(C)C)CC(O)C1NC(=O)c2cc(N(S(=O)(=O)C)C)cc(c2)C(=O)NC(c2cc(COC1)ccc2)c1ccccc1)C(=O)NCc1ccccc1,6.6197886,test
O=C1N(C)C(=NC(C1)(C)C1CC1c1cc(ccc1)-c1cccnc1)N,4.9281178,test
S1(=O)(=O)N(c2cc(cc3c2n(cc3CC)C1)C(=O)NC(Cc1ccccc1)C(O)C[NH2+]C1CCCCC1)C,7.221849000000001,test
S(Oc1cc(ccc1)C(=O)NC(Cc1ccccc1)C(O)C[NH2+]C(C(=O)NC1CCCCC1)C)(=O)(=O)Cc1ccccc1,4.8860564,test
Clc1cc(ccc1OCCCC)CSC(=[NH2+])N,3.6777806000000006,test
Clc1cc(cc(F)c1)-c1cc(ccc1)C12N=C(OC1COCC2)N,4.882728599999999,test
S(=O)(=O)(N(C)c1cc(cc(c1)C(=O)NC(C(O)CC(OC)COC)COc1cc(F)cc(F)c1)C(=O)NC(C)c1ccccc1)C,5.0,test
O1CCCCCCNC(=O)CC(NC(=O)C(NC1=O)C(C)C)C(=O)NC(C(O)CC(C(=O)NC(C(C)C)C(=O)NCc1ccccc1)C)CC(C)C,7.6003261,test
Clc1ccccc1-c1n(Cc2nc(N)ccc2)c(cc1)-c1ccc(Oc2sccn2)cc1,6.5376019,test
Fc1cc(ccc1)-c1cc(ccc1)C1(N=C(N)N(C)C1=O)c1ccncc1,7.3010302,test
Fc1cc(cc(F)c1)CC(NC(=O)c1cc(cc(c1)/C(=N\OC)/C)C(=O)N(CCC)CCC)C(O)C[NH2+]Cc1cc(OC)ccc1,9.0,test
Fc1cc(ccc1)CC(NC(=O)C)C(O)C[NH2+]C1CC2(Oc3ncc(cc13)CC(C)(C)C)CCC2,9.0,test
Fc1ccc(cc1)Cc1cc(ccc1)C1([NH+]=C(N2C1=NCCC2)N)c1ccccc1,5.0861859,test
Clc1cc(cc(Cl)c1)-c1cc(ccc1)C1(N=C(N2C1=NCCC2)N)c1ccc(OC)cc1,7.650000099999999,test
Oc1ccc(cc1)CC[NH3+],2.6989701,test
Oc1ccc(cc1)CC([NH3+])C,3.09691,test
Oc1ccc(cc1CC)CC[NH3+],3.1804562,test
S1c2c(cc(cc2)-c2cncnc2)C2(N=C(N)N(C)C2=O)CC1(C)C,7.318759,test
Clc1cc(C[NH+]2CCC(NC(=O)COc3ccc(S(=O)(=O)N)cc3C)CC2)c(OC(C)C)c(OC)c1,4.1307683,test
Fc1ccc(cc1-c1cncnc1)C1(N=C(N)c2c1cc(F)cc2F)c1cc(ncc1)C(F)F,7.4412913,test
S(=O)(=O)(N(C1CCCCC1)c1cc(ccc1)C(=O)NC(Cc1ccccc1)C(O)C[NH2+]C(C(=O)NC1CCCCC1)C)C,6.522878599999999,test
S1(=O)(=O)N(c2cc(cc3c2n(cc3CC)CC1)C(=O)NC([C@H](O)C[NH2+]CCF)Cc1ccccc1)C,7.3010302,test
O=C1N(C)C(=[NH2+])NC1(c1ccccc1)c1ccccc1,5.4436975,test
S(CC)c1cc(ccc1)-c1ccc(cc1)C1CC1C=1N=C(N)N(C)C(=O)C=1,5.0409584,test
O=C1N(C)C(=NC(C1)(C)C1CC1c1cc(ccc1)-c1ccccc1)N,5.031517,test
O1CCCCNc2cc(ccc2)C(=O)NC(Cc2cc1ccc2)C(O)C[NH2+]Cc1cc(ccc1)C(C)C,6.5346169000000005,test
O(CCC)c1cc(ccc1OC)C1(N=C(N)N(C)C1=O)c1cc(ccc1)-c1cccnc1,7.3010302,test
Fc1cc(cc(F)c1)C[C@H](NC(=O)C)[C@H](O)C[NH2+]C1(CC1)c1cc(ccc1)C(CF)(C)C,6.5376019,test
s1c(ccc1-c1cc(C#N)c(F)cc1)C12N=C(N)N(C)C(=O)C1CN(C2)c1ccccc1,7.0457573,test
Clc1cc(cnc1)-c1cc(ccc1)C1(NC(=[NH2+])N(C)C1=O)C1CC1,7.229147900000001,test
O=C(N(C)C1CCCCC1)CCc1cc2c(nc1N)cccc2,4.415669,test
O(C)C1CC(N=C1N)(c1cc(ccc1)-c1cccnc1)c1ccc(OC)cc1,5.4948502,test
Fc1cc(cc(F)c1)CC(NC(=O)c1c2c(n(c1)C(=O)N(CCCC)C)cccc2)C(O)C[NH2+]Cc1cc(OC)ccc1,8.1307678,test
S1(Oc2cc(cc3c2n(cc3CC)CC1)C(=O)NC([C@H](O)C[NH2+]Cc1cc(ccc1)C(F)(F)F)Cc1ccccc1)(=O)=O,8.0969105,test
Fc1cc(cc(F)c1)CC(NC(=O)C(N1CCC(CCCC)C1=O)CCc1ccccc1)C(O)C1[NH2+]CC(OCCC)C1,7.7212462,test
Fc1cc(cc(F)c1)C[C@H](NC(=O)c1c2cccnc2n(c1)C(=O)N1CCCC[C@@H]1COCC)[C@H](O)C[NH2+]Cc1cc(OC)ccc1,7.585026700000001,test
n1cc(ccc1)-c1cc(ccc1)C1(N=C(C)C(=N1)N)c1ccccc1,5.886056900000001,test
O=C1N(C)C(=NC(C1)(CCc1cc(ccc1)-c1ccccc1)C)N,5.886056900000001,test
Fc1cc(cc(F)c1)CC(NC(=O)C)C(O)C[NH2+]C1(CCCCC1)c1cc(N2CCOCC2=O)ccc1,5.8860564,test
Clc1ccc(nc1)C(=O)Nc1cc(ccc1)C12N=C(SCC1C2)N,6.1191864,test
O1CCCCNc2nc(cc(c2)C(=O)NC(Cc2cc1ccc2)C(O)C[NH2+]Cc1cc(ccc1)C(C)C)C,7.5686364,test
Fc1c(cccc1-c1cncnc1)C1(N=C(N)N(C)C1=O)c1ccc(OC(F)(F)F)cc1,5.8664613,test
Clc1ccc(nc1)C(=O)Nc1cc(C23N=C(N)COCC2C3)c(F)cc1,7.5686364,test
Fc1ccc(cc1-c1cncnc1)[C@@]1(N=C(N)N(C)C1=O)c1ccc(OC(F)(F)F)cc1,5.856985099999999,test
S(=O)(=O)(N(C)c1cc2cc(c1)C(=O)NCCCCCOCC(NC2=O)C(O)C[NH2+]Cc1cc(ccc1)C(C)C)C,7.7958798,test
S1(=O)(=O)CC(Cc2cc(-c3n[nH]cc3)c(N)c(F)c2)C(O)C([NH2+]Cc2cc(ccc2)C(C)(C)C)C1,7.5528421,test
Clc1cc(cc(Cl)c1)-c1cc2c(OC(CC23N=C(N)N(C)C3=O)(C)C)cc1,7.5528421,test
S1(=O)(=O)CC(Cc2cc3c([nH]nc3)cc2)C(O)C([NH2+]Cc2cc(ccc2)C(C)(C)C)C1,5.8386321,test
S(=O)(=O)(N(C)c1cc(cc(c1)C(=O)NC(C(O)CC(OC)CNc1ccccc1)COc1cc(F)cc(F)c1)C(=O)NC(C)c1ccccc1)C,5.8239088,test
O=C(C)c1ccccc1-c1cc2cc(CC(C(=O)NCCC(C)(C)C)C)c(nc2cc1)N,7.823908800000001,test
Fc1cc(cc(F)c1)CC(NC(=O)C)C(O)C[NH2+]C1(CCCCC1)c1cc(ccc1)CC,6.161150900000001,test
Clc1cc(ccc1O)C[NH+]1CCC2(N(S(=O)(=O)N(C2)C)c2cc(F)ccc2)CC1C,5.7958798,test
Clc1ccc(nc1)C(=O)Nc1cc(C2(N=C(OCCC2)N)C)c(F)cc1,7.853871799999999,test
Clc1cn(nc1C(=O)Nc1cc(C2(N=C(OCC2(F)F)N)C)c(F)cc1)C(F)F,7.7212462,test
S1(=O)(=O)N(C2C=C(C=C3N(CC[NH+](C23)CC1)CC)C(=O)NC(Cc1ccccc1)C(O)C[NH2+]Cc1cc(ccc1)C(F)(F)F)C,7.585026700000001,test
Fc1cc(cc(F)c1)CC(NC(=O)c1cc(cc(c1)C(=O)N(CCC)CCC)C(NC(=O)C)C)C(O)C[NH2+]Cc1cc(OC)ccc1,7.6989698,test
S1(=O)(=O)N(c2cc(cc3n(cc(CC1)c23)CC)C(=O)NC([C@H](O)C[NH2+]CC(F)F)Cc1ccccc1)C,7.6989698,test
S1(Oc2c(N1c1cc(ccc1)C(=O)NC(Cc1ccccc1)C(O)C[NH2+]Cc1cc(ccc1)C(F)(F)F)cccc2)(=O)=O,6.0409584,test
Fc1cc(cc(F)c1)CC(NC(=O)C)C(O)C[NH2+]C1(CCCCC1)c1cc(ccc1)C1CCCC1,6.026872200000001,test
O(CCCC)c1ccc(cc1)C1(N=C(N)N(C)C1=O)C12CC3CC(C1)CC(C2)C3,6.0604806,test
Fc1cc(cc(F)c1)CC(NC(=O)c1c2cc(ccc2n(c1)C(=O)N(CCCC)C)C(OCc1ccccc1)=O)C(O)C[NH2+]Cc1cc(OC)ccc1,6.0655016999999996,test
S(=O)(=O)(N(C)c1cc(cc(c1)COCC([NH3+])(Cc1ccccc1)CF)C(=O)NC(C)c1ccc(F)cc1)C,6.001304599999999,test
Clc1cc2CC(N=C(NC(Cc3cscc3-c3occn3)C(=O)[O-])c2cc1)(C)C,6.0861859,test
O1CCCC1CN1C(=O)C(N=C1N)(C1CCCCC1)c1ccccc1,5.9829664000000005,test
S(C)C1CCC([NH2+]CC(O)C(NC(=O)C)Cc2cc(F)cc(F)c2)(CC1)c1cc(ccc1)C(C)(C)C,7.6197886,test
Fc1cc(cc(F)c1)CN1C(=O)C(N=C1N)(C1CCCCC1)c1ccccc1,5.9665761,test
Fc1cc(cc(F)c1)CC(NC(=O)C)C(O)C[NH2+]C1(CC1)c1nccc(c1)C(C)(C)C,6.19382,test
Clc1cc2CC(N=C(NC(Cc3cscc3-c3cn(nc3)C)C(=O)[O-])c2cc1)(C)C,5.9625735,test
S1(=O)(=O)CC(Cc2cc(OCC)c(N)c(F)c2)C(O)C([NH2+]Cc2cc(ccc2)C(C)(C)C)C1,7.6197886,test
O(C)c1cc(ccc1)-c1cc(ccc1)C1(N=C(C)C(=N1)N)C1CCN(CC1)C(=O)C,6.09691,test
Fc1cc(cc(F)c1)CC(NC(=O)C(N1CCC(CCCC)C1=O)CCc1ccccc1)C(O)C1[NH2+]CC(O)C1,7.6020598,test
Fc1cc(cc(F)c1)CC(NC(=O)C)C(O)C[NH2+]C1(CCCCC1)c1cc(ccc1)C1CCCC1=O,6.09691,test
FC1(F)COC(=NC1(C)c1cc(NC(=O)c2ncc(OCC(F)(F)F)nc2)ccc1F)N,7.6020598,test
O1CC2(N=C1N)c1cc(ccc1Oc1c2cc(OC)cc1)-c1ccccc1,5.9281182,test
FC(F)(F)c1cc(ccc1)C[NH2+]CC(O)C(NC(=O)c1cc(N2CCCC2=O)c2[nH]cc(c2c1)CC)Cc1ccccc1,7.585026700000001,test
S1(=O)(=O)CC(Cc2cc(CO)c(O)cc2)C(O)C([NH2+]Cc2cc(ccc2)C(C)C)C1,5.920818799999999,test
Fc1cc(cc(F)c1)CC(NC(=O)c1c2cccnc2n(c1)C(=O)N(CCCC)C)C(O)C1[NH2+]Cc2c(C1)cccc2,5.920818799999999,test
FC(F)Oc1ccc(cc1)[C@@]1(N=C(N)N(C)C1=O)c1cc(ccc1)C#CC1CC1,7.6989698,test
O1CCCCNc2cc(cc(c2)C(=O)NC(Cc2cc1ccc2)C(O)C[NH2+]Cc1cc(ccc1)C(C)C)COC,7.221849000000001,test
Fc1cc(cc(F)c1)CC(NC(=O)C)C(O)C[NH2+]C1(CCc2nc(ncc2C1)N)c1cc(ccc1)C(C)(C)C,7.853871799999999,test
Clc1cc2CC(N=C(NC(Cc3cscc3CC)C(=O)[O-])c2cc1)(C)C,6.2006593,test
Clc1ccccc1-c1n(Cc2nc(N)ccc2)c(cc1)-c1ccc(OC)cc1,5.610834099999999,test
Fc1cc(cc(F)c1)CC(NC(=O)c1cc(cc(Oc2ccccc2)c1)C(=O)N(CCC)CCC)C(O)C[NH2+]Cc1cc(OC)ccc1,8.0,test
S1(=O)(=O)CC(Cc2cc(O[C@@H](COCC)C(F)(F)F)c(N)c(F)c2)C(O)C([NH2+]Cc2cc(ccc2)C(C)(C)C)C1,7.494850200000001,test
Fc1cc(cc(F)c1)CC(NC(=O)C)C(O)C[NH2+]C1(CCC(CC1)C(F)(F)F)c1cc(ccc1)C(C)(C)C,7.481485799999999,test
Fc1cc(cc(F)c1)CC(NC(=O)c1c2cccnc2n(c1)C(=O)N(CCCC)C)C(O)C[NH2+]Cc1cc(OC)ccc1,7.481485799999999,test
O1c2ncc(cc2C([NH2+]CC(O)C(NC(=O)COC)Cc2cc(ccc2)-c2occn2)CC12CCC2)CC(C)(C)C,8.0177288,test
s1ccnc1-c1cc(CC(NC(=O)COC)C(O)C[NH2+]C2CC3(Oc4ncc(cc24)CC(C)(C)C)CCC3)c(F)cc1,8.0222759,test
O1c2ncc(cc2C([NH2+]CC(O)C(NC(=O)COC)Cc2cc(ccc2)-c2ncccc2)CC12CCC2)CC(C)(C)C,8.031517,test
Clc1cc2CC(N=C(NC(Cc3ccccc3)C=3NC(=O)C=CN=3)c2cc1)(C)C,5.5670309,test
O1CCCCOc2nc(cc(c2)C(=O)NC(Cc2cc1ccc2)C(O)C[NH2+]C1(CC1)c1cc(ccc1)C(C)C)COC,8.0457573,test
S1(=O)(=O)CC(Cc2cc3c([nH]cc3)cc2)C(O)C([NH2+]Cc2cc(ccc2)C(C)(C)C)C1,5.5606675,test
O1CC(NC(=O)c2cc(cc(c2)C(=O)NCC\C=C\C1)C)C(O)C[NH2+]Cc1cc(ccc1)C(C)C,6.3010302000000005,test
Fc1cc(cc(F)c1)CC(NC(=O)c1c2cccnc2n(c1)C(=O)N(CCCC)C)C(O)C[NH2+]Cc1cc(ccc1)CC,8.0655012,test
Clc1ccc(cc1)CC(NC(=O)C)C(O)C[NH2+]C1CC2(Oc3ncc(cc13)CC(C)(C)C)CCC2,8.080922099999999,test
Fc1cc(cc(F)c1)CC(NC(=O)C(N1CCC(COC)C1=O)C)C(O)C[NH2+]Cc1cc(OC)ccc1,6.318759,test
O=C1N(C)C(=NC(C1)(C)C1CC1c1cc(ccc1)\C=C\c1ccccc1)N,5.5376019,test
O=C(NCCC)c1ccc(cc1)-c1n(Cc2nc(N)ccc2)c(cc1)-c1ccccc1,5.522878599999999,test
Clc1cc2CC(N=C(NC(Cc3ccccc3)C=3NC(=O)C(=CN=3)C#N)c2cc1)(C)C,6.3279023,test
Clc1sc(cc1C1(N=C(N)N(C)C1=O)c1cc(ccc1)-c1cncnc1)C,6.3279023,test
Clc1cc2CC(N=C(NC(Cc3cscc3C3CC3)C(=O)[O-])c2cc1)(C)C,5.614393700000001,test
O1c2c(cc(cc2)-c2ncccc2)C2(N=C(N)N(C)C2=O)CC1(C)C,5.6265364,test
S1(=O)CC(Cc2cc(O)c(N)c(F)c2)C(O)C([NH2+]Cc2cc(ccc2)C(C)(C)C)C1,6.2757239,test
FCCC#Cc1cc(ccc1)[C@]1(N=C(N)N(C)C1=O)c1ccc(OC(F)F)cc1,8.0,test
FC(F)Oc1ccc(cc1)[C@@]1(N=C(N)N(C)C1=O)c1cc(ccc1)CCCC,7.522878599999999,test
Fc1cc(cc(F)c1)C[C@H](NC(=O)C)[C@H](O)C[NH2+]C1(CCC1)c1cc(ccc1)C(C)(C)C,6.2146702000000005,test
Brc1ccccc1C1C[NH2+]CC1C(=O)N1CCC(CC1c1ccccc1)c1ccccc1,6.221849,test
Clc1ccc(nc1)C(=O)Nc1cc(C2(N=C(N)N(CC2)C)C)c(F)cc1,7.920818799999999,test
S(=O)(=O)(N(C)c1cc(cc(c1)C(=O)NC(C)c1ccc(F)cc1)-c1onc(n1)C([NH3+])(Cc1ccccc1)C)C,5.7375488,test
Fc1cc(cc(F)c1)CC(NC(=O)C)C(O)C[NH2+]C1(CCCCC1)c1nn(cc1)C(C)(C)C,5.7351823,test
IC1=CN=C(NC1=O)C(NC1=NC(Cc2c1ccc(Cl)c2)(C)C)Cc1ccccc1,6.229147900000001,test
s1cc(nc1)-c1cc(ccc1)C1([NH2+]CC(O)C(NC(=O)C)Cc2cc(F)cc(F)c2)CCCCC1,6.9586072,test
O(C)c1cc(ccc1)C[NH2+]CC(O)C(NC(=O)C(N1CCC(NC(=O)C)(CC2CC2)C1=O)CCc1ccccc1)Cc1ccccc1,7.9586072,test
Fc1cc(cc(F)c1)C[C@H](NC(=O)C)[C@H](O)C[NH2+][C@@]1(C[C@H]1C)c1cc(ccc1)C(C(F)F)(C)C,5.7695513,test
Clc1cccnc1-c1cc2cc(CC(C(=O)NCCC(C)(C)C)C)c(nc2cc1)N,7.9586072,test
Fc1ncccc1-c1cc(ccc1)[C@@]1(N=C(N)N(C)C1=O)c1cn(nc1)CC,5.7077441,test
Fc1ncccc1-c1cc(ccc1)C1(N=C(N)N(C)C1=O)c1cn(nc1)CC(F)(F)F,7.522878599999999,test
S1CC(N=C(N)C1)(C)c1cc(ccc1)-c1cc(OC)ccc1,5.6989697999999995,test
S1CCC(N=C1N)(C)c1cc(ccc1)-c1cc(OC)ccc1,5.6989697999999995,test
Clc1ccc(cc1)-c1cc2c(Oc3c(cc(OC)cc3)C23N=C(OC3)N)cc1,5.6946487,test
Clc1cc(cnc1)-c1cc2c(CC(CC23N=C(N)N(C)C3=O)(C)C)cc1,7.522878599999999,test
S(=O)(=O)(N(C)c1cc(cc(c1)C(=O)NC(C)c1ccc(F)cc1)-c1nc(on1)C([NH3+])(Cc1ccccc1)C)C,5.6861329000000005,test
FC(F)CCOc1cc(ccc1)[C@]1(N=C(N)N(C)C1=O)c1ccc(OC(F)F)cc1,8.0,test
Clc1cnccc1-c1cc2c(Oc3c(cc(OC)cc3)C23N=C(OC3)N)cc1,5.675717400000001,test
S(=O)(=O)(N(c1cc(ccc1)C(=O)NC(Cc1ccccc1)C(O)C[NH2+]C(C(=O)NC1CCCCC1)C)c1ccc(OC)cc1)C,7.9586072,test
[NH+]=1[C@](N=C(c2ccccc2)C=1N)(C)c1cc(ccc1)-c1cccnc1,4.0,test
Clc1cc(cnc1)-c1cc2c(SC(CC23N=C(N)N(C)C3=O)(C)C)cc1,7.6575774999999995,test
O(C)c1cc(ccc1)-c1ccc(cc1)C1CC1C=1N=C(N)N(C)C(=O)C=1,4.844664099999999,test
Fc1ncccc1-c1cc(ccc1)[C@]1([NH+]=C(N2C1=NCCCCC2)N)c1ccc(OC(F)(F)F)cc1,6.8860564,test
Clc1ccc(cc1)C1(CCCC1)c1nc(sc1)N,4.4202166,test
FC(F)Oc1ccc(cc1)[C@@]1(N=C(N)N(C)C1=O)c1cc(ccc1)CCC,7.0457573,test
S1C[C@H](NC(OC(C)(C)C)=O)C(=O)N[C@@H](C)C(=O)N[C@@H](CSC\C=C\C1)[C@@H](O)C[C@H](C(=O)N[C@@H](C(C)C)C(=O)NCCCC)C,6.8068752,test
O=C1N(C)C(=N[C@@]1(c1cc(ccc1)-c1cncnc1)c1cc(ncc1)C)N,7.09691,test
O=C(N1CC[C@H](C[C@H]1c1ccccc1)c1ccccc1)[C@@H]1C[NH2+]C[C@]12CCCc1c2cccc1,6.823908800000001,test
O1CCCCNc2cc(cc(c2)C(=O)N[C@@H](Cc2cc1ccc2)[C@H](O)C[NH2+]C1(CC1)c1cc(ccc1)C(C)C)COC,7.769551299999999,test
S1(=O)(=O)C[C@@H](Cc2cc(F)c3NCC4(CCC(F)(F)CC4)c3c2)[C@H](O)[C@@H]([NH2+]Cc2cc(ccc2)C(C)(C)C)C1,6.853871799999999,test
FCCCC(=O)c1cc(ccc1)[C@]1(N=C(N)N(C)C1=O)c1ccc(OC(F)F)cc1,7.09691,test
Fc1ccc(F)cc1-c1cc(ccc1)[C@]1(N=C(N)N(C)C1=O)c1ccncc1,7.6989698,test
S(=O)(=O)(C(CCC)CCC)C[C@@H](NC(OCc1ccccc1)=O)C(=O)N[C@H]([C@H](O)C[NH2+]Cc1cc(OC)ccc1)Cc1ccccc1,6.9507818,test
FCCC[C@@H](F)c1cc(ccc1)[C@]1(N=C(N)N(C)C1=O)c1ccc(OC(F)F)cc1,7.09691,test
S1(=O)(=O)N(CCCC1)c1cc(cc(c1)C(=O)N[C@H]([C@@H](O)C[NH2+]Cc1cc(OC)ccc1)Cc1cc(F)cc(F)c1)C(=O)C,7.0457573,test
S1(=O)(=O)N([C@]2(C[C@@H]([N@H+](CC2)Cc2cc(OC(C)C)c(O)cc2)C)CN1C)c1cc(F)ccc1,7.0,test
S(=O)(=O)(N[C@@H]1C[C@H](C[C@@H](C1)C(=O)N[C@H]([C@@H](O)CC(=O)N[C@@H](CC(C)C)C(=O)N[C@H](C(=O)N([C@H](CC1CCCCC1)C(=O)N1CCC[C@H]1C(OC)=O)C)C)CC1CCCCC1)C(=O)N[C@H](C)C1CCCCC1)C,6.8927898,test
Fc1ncccc1-c1cc2c(OC(CC23N=C(N)N(C)C3=O)(C)C)cc1,6.886056900000001,test
S(=O)(=O)(N(c1cc(ccc1)C(=O)N[C@H]([C@H](O)C[NH2+][C@H](C(=O)NC1CCCCC1)C)Cc1ccccc1)c1ccccc1)C,7.823908800000001,test
S(=O)(=O)(N(C)c1cc(cc(c1)C(=O)N[C@H]([C@H](O)C[NH2+]C1CC1)Cc1ccccc1)C(=O)N[C@H](C)c1ccccc1)C,7.823908800000001,test
Brc1cc2c(cc1)C1(CCC2)C[NH2+]CC1C(=O)N1CCC(CC1c1ccccc1)c1ccccc1,7.154902000000001,test
O(C)c1cc(ccc1)-c1cc(ccc1)C1(N=C(C)C(=N1)N)c1ccncc1,6.769551299999999,test
Fc1cc(cc(F)c1)C[C@H](NC(=O)c1cc(cc(c1)C(=O)N)C(=O)N(CCC)CCC)[C@H](O)C[NH2+]Cc1cc(OC)ccc1,7.9586072,test
Fc1cc(cc(F)c1)CC(NC(=O)c1c2cccnc2n(c1)C(=O)N(CCOC)C)C(O)C[NH2+]Cc1cc(OC)ccc1,7.1366773,test
s1cccc1C1([NH2+]CC(O)C(NC(=O)C)Cc2cc(F)cc(F)c2)CCCCC1,4.522878599999999,test
O=C(NCC1CCCCC1)[C@@H](Cc1cc2cc(ccc2nc1N)-c1ccccc1C)CCC,7.9586072,test
Fc1ccc(NC(=O)c2ncc(cc2)C#N)cc1[C@]1(N=C(OC[C@H]1F)N)C,6.3615108,test
O(C)c1c(cc(cc1C)[C@@]1([NH+]=C(N)C(=N1)C)c1cc(ccc1)-c1cncnc1)C,7.920818799999999,test
Clc1ccccc1-c1n(Cc2nc(N)ccc2)c(cc1)-c1ccc(OCCCC#N)cc1,6.3767509,test
Clc1ccccc1-c1n(Cc2nc(N)c(NCCO)cc2)c(cc1)-c1ccc(OCCCCC)cc1,6.769551299999999,test
Clc1cc2nc(n(c2cc1)CCCC(=O)NC(C)C)N,3.7144427,test
O1c2ncc(cc2C([NH2+]CC(O)C(NC(=O)C)Cc2ccccc2)CC12CCC2)CC,7.0409584,test
Fc1ccc(NC(=O)c2ncc(cc2)C#N)cc1[C@]1(N=C(O[C@H](C(F)(F)F)[C@@H]1F)N)C,7.8860564,test
S(=O)(=O)(N(c1ccccc1OC)c1cc(ccc1)C(=O)NC(Cc1ccccc1)C(O)C[NH2+]C(C(=O)NC1CCCCC1)C)C,6.8996296,test
S(=O)(=O)(N(C)c1cc(cc(c1)C(OC[C@]([NH3+])(Cc1ccccc1)CO)=O)C(=O)N[C@H](C)c1ccc(F)cc1)C,6.6989698,test
S(CCC([NH3+])(Cc1ccccc1)CO)c1cc(cc(N(S(=O)(=O)C)C)c1)C(=O)NC(C)c1ccc(F)cc1,4.0,test
Clc1ccc(nc1)C(=O)Nc1cc(ccc1)C12N=C(SCCC1C2)N,4.3851027,test
Clc1ccc(nc1)C(=O)Nc1cc([C@]2([NH+]=C(N)[C@@H]3[C@H](C2)C3)C)c(F)cc1,7.0177288,test
O(C)c1cc(ccc1)C[NH2+]C[C@@H](O)[C@@H](NC(=O)c1c2c(n(c1)C(=O)N(CCCC)CCCC)cccc2)Cc1ccccc1,7.026872200000001,test
O=C1N(Cc2ccc(cc2)CNC(=O)NCCCC)C(NC1(CCc1ccccc1)CC(C)C)=N,4.3010302000000005,test
s1cc(cc1C)C1(N=C(N)N(C)C1=O)c1cc(ccc1)-c1cncnc1,6.853871799999999,test
Fc1cc(cc(F)c1)CC(NC(=O)C)C(O)C[NH2+]C1(CC1)c1cc(ccc1)C(C)(C)C,6.853871799999999,test
Fc1cc(cc(F)c1)CC(NC(=O)C)C(O)C[NH2+]C1(CCCCC1)c1cc(ccc1)C1CCOC1,7.055517200000001,test
Clc1cc2nc(n(c2cc1)C(CC(=O)NCc1ccccc1)CC)N,4.142667299999999,test
S(CC[C@H](NC(=O)[C@@H](NC(=O)C)CC(C)C)C(=O)N[C@H]([C@@H](O)C[C@H](C(=O)NCCCC)C)CC(C)C)C,7.2757239,test
Fc1ccc(NC(=O)c2ncc(cc2)C#N)cc1[C@]1(N=C(OCC1)N)C,7.292399900000001,test
Fc1ccc(NC(=O)c2ncc(cc2)C#N)cc1[C@]1(N=C(OCC1(F)F)N)CF,7.309804,test
O(C(C)C)c1cc(ccc1)-c1ccc(cc1)C1CC1C=1N=C(N)N(C)C(=O)C=1,4.2676063,test
Brc1ccccc1C1C[NH2+]CC1C(=O)N1CCCCC1c1ccccc1,4.2441254,test
O=C1N(C)C(=N[C@@]12CC(Cc1c2cc(cc1)-c1cncnc1)(C)C)N,7.318759,test
Fc1cc(cc(F)c1)CC(NC(=O)C)C(O)C[NH2+]C1(CCC(OC)CC1)c1cc(ccc1)C(C)(C)C,6.853871799999999,test
o1cccc1-c1ccc(cc1)C1CC1C=1N=C(N)N(C)C(=O)C=1,4.229147900000001,test
O(C)c1ccc(cc1C)[C@@]1(N=C(N)N(C)C1=O)c1cc(ccc1)-c1cccnc1,7.3979402,test
FC(F)(F)c1cc(ccc1)C[NH2+]CC(O)C(NC(=O)c1cc(N2CCCC2=O)c2occ(c2c1)CC)Cc1ccccc1,7.0604806,test
O1c2c(cc(cc2)CC)[C@@H]([NH2+]C[C@@H](O)[C@H]2NC(=O)CCCCCCCc3cc(C2)ccc3)CC12CCC2,7.443697500000001,test
s1cc(cc1)C1(N=C(N)N(C)C1=O)c1cc(ccc1)-c1cncnc1,7.154902000000001,test
O=C1N(CCC1)c1cc(cc(NCC)c1)C(=O)N[C@H]([C@H](O)C[NH2+]C(CCCC(C)C)(C)C)Cc1ccccc1,7.481485799999999,test
Brc1ccccc1C1C[NH2+]CC1C(=O)N1CCOCC1c1ccccc1,4.3279023,test
Fc1cc(cc(F)c1)CC(NC(=O)C)C(O)C[NH2+]C1(CC1)c1occ(n1)C(C)(C)C,4.3677454000000004,test
S(=O)(=O)(N(C)c1cc(cc(NCCC([NH3+])(Cc2ccccc2)CO)c1)C(=O)NC(C)c1ccc(F)cc1)C,4.0,test
S1(=O)(=O)CC(Cc2cc(CCC)c(N)c(F)c2)C(O)C([NH2+]Cc2cc(ccc2)C(C)(C)C)C1,6.8860564,test
Clc1cc(ccc1)-c1cc2c(Oc3c(cc(OC)cc3)C23N=C(OC3)N)cc1,6.8860564,test
O1C[C@H](NC(=O)c2cc(cc(c2)[C@@H](O)[NH2+][C@H](C\C=C\C1)c1ccccc1)C)[C@H](O)C[NH2+]Cc1cc(ccc1)C(C)C,7.1079054,test
s1cc(cc1C1([NH2+]CC(O)C(NC(=O)C)Cc2cc(F)cc(F)c2)CCCCC1)CC(C)(C)C,6.882728599999999,test
Clc1cc(cnc1)-c1cc(ccc1)C12N=C(OC1COCC2)N,4.3391347,test
O=C1N[C@@H](C[C@@H](CCCCCCCCC(=O)N(C)[C@H]1C)C)[C@H](O)C[NH2+]Cc1cc(ccc1)C(C)C,7.5686364,test
S(=O)(=O)(N(C)c1cc(cc(c1)C(=O)NC(C(O)CC(OC)COCc1ccccc1)COc1cc(F)cc(F)c1)C(=O)NC(C)c1ccccc1)C,6.6197886,test
Clc1cc2nc(n(c2cc1)CCCC(=O)NCC1CCCCC1)N,4.0809220999999996,test
Fc1ccc(NC(=O)c2ncc(cc2)C#N)cc1[C@]1(N=C(OC[C@@H]1F)N)CF,7.1135092,test
s1cc(cc1CC)C1(N=C(N)N(C)C1=O)c1cc(ccc1)-c1cncnc1,7.09691,test
O=C(N)CC[C@H](N(C(=O)[C@@H](NC(=O)[C@@H](O)C)C(C)C)C)C(=O)N[C@H]([C@@H](O)CC(=O)N[C@@H](CC(C)C)C(=O)N[C@H](C(=O)N([C@H](CC1CCCCC1)C(=O)[O-])C)C)CC1CCCCC1,7.1366773,test
Clc1cc2nc(n(c2cc1)C(CC(=O)NC(C(OC)=O)COC(C)(C)C)CC)N,4.124939,test
S(=O)(=O)(N(C)c1cc(cc(c1)C(=O)N[C@H]([C@H](O)[C@@H]1[NH2+]C(N(C)C1=O)(C)C)Cc1ccccc1)C(=O)N[C@H](C)c1ccc(F)cc1)C,7.1487417,test
O=C1N(C)C(=N[C@@]1(c1cc(ccc1)-c1cccnc1)c1ccncc1)N,7.221849000000001,test
s1c2c(nc1C)C(=[NH+][C@@]2(c1cc(ccc1)-c1cncnc1)c1ccc(OC)cc1)N,6.2006593,test
O(C)c1cc(ccc1)-c1cc(ccc1)[C@]1(N=C(N)N(C)C(=O)C1)C,6.4202166,test
Clc1cc2nc(n(c2cc1)C(CC(=O)NCCC1CC[NH2+]C1)CC)N,3.5686362000000003,test
S(=O)(=O)(N(c1cc(ccc1)C(=O)NC(Cc1ccccc1)C(O)C[NH2+]Cc1cc(ccc1)C(F)(F)F)c1ccncc1)C,6.677780599999999,test
S1(=O)(=O)N([C@]2(C[C@@H]([N@H+](CC2)Cc2cc(OC(C)C)ccc2)C)CN1C)c1cc(F)ccc1,5.6197886,test
S(=O)(=O)(Nc1cc(Nc2ncnc(c2)-c2ccccc2)ccc1C)C,4.6197886,test
O=C1N(C)C(=NC1(c1cc(ccc1)-c1cncnc1)c1cc(ncc1)C(C)C)N,7.154902000000001,test
O(C(=O)C1=CN(C=C(C(=O)N[C@H]([C@H](O)C[NH2+]C2CC2)Cc2ccccc2)[C@@H]1CCC)CC(OC(C)C)=O)C(C)(C)C,4.6090651,test
FC1(F)CN2C(=NC1)C(N=C2N)(c1cc(ccc1)-c1cncnc1)c1ccc(OC)cc1,7.0,test
Fc1ncccc1-c1cc(ccc1)[C@]1([NH+]=C(N2CC(N=C12)(C)C)N)c1ccc(OC(F)(F)F)cc1,6.7212462,test
S1(=O)(=O)CC(Cc2cc(F)c(NC(=O)C[NH+](C)C)cc2)C(O)C([NH2+]Cc2cc(ccc2)C(C)(C)C)C1,7.2146702000000005,test
Oc1ccc(cc1-c1cc(cnc1)C#CC)C1(N=C(C)C(=N1)N)C1CC1,7.2146702000000005,test
S1(=O)CC(Cc2cc(OC(COC)C(F)(F)F)c(N)c(F)c2)C(O)C([NH2+]Cc2cc(OC(F)(F)F)ccc2)C1,6.673664100000001,test
Fc1ccc(cc1OCCF)[C@]1(N=C(N)N(C)C1=O)c1ccc(OC(F)F)cc1,6.920818799999999,test
S(=O)(=O)(CCCCC)C[C@@H](NC(=O)c1cccnc1)C(=O)N[C@H]([C@H](O)C[NH2+]Cc1cc(ccc1)CC)Cc1cc(F)cc(F)c1,8.6989698,test
O=C1N(CCCC1)C(C)(C)[C@@H]1C[C@@H](CCC1)C(=O)N[C@H]([C@H](O)C[NH2+]Cc1cc(ccc1)C(C)C)Cc1ccccc1,8.6020603,test
Fc1ncccc1-c1cc(ccc1)C1([NH+]=C(N2C1=NCCC2)N)c1ccc(OC)cc1,7.154902000000001,test
Fc1cc(cc(F)c1)C[C@H](NC(=O)C)[C@H](O)C[NH2+]C(C)(C)c1cc(ccc1)C(C)(C)C,6.6989698,test
FC(F)(F)CCOc1cc(ccc1)[C@]1(N=C(N)N(C)C1=O)c1ccc(OC(F)F)cc1,6.6989698,test
Fc1cc(cc(F)c1)CC(NC(=O)C)C(O)C[NH2+]C1(CCCCC1)c1cc(ccc1)C(C)=C,7.0,test
S1(=O)(=O)NCC2(N1c1cc(F)ccc1)CC([NH+](CC2)Cc1cc(OCCC)ccc1)C,4.6363878,test
Clc1cnc(nc1)C(=O)Nc1cc(C2(N=C(OCC2(F)F)N)C)c(F)cc1,7.1739254,test
Clc1cc2nc(n(c2cc1)CCCC(=O)NCc1ncccc1)N,3.3705904,test
Fc1cc(cc(F)c1)C[C@H](NC(=O)c1cc(cc(c1)C)C(=O)N(CCC)CCC)[C@H](O)[C@@H]1[NH2+]CN(Cc2ccccc2)C1=O,8.3010302,test
O1CCc2cc(ccc12)C1(N=C(N)N(C)C1=O)c1cc(ccc1)-c1cccnc1,6.920818799999999,test
Clc1cc2nc(n(c2cc1)C(CC(=O)NCc1cc(F)ccc1)CC)N,3.4685211000000002,test
S1(=O)C[C@@H](Cc2cc(O[C@H](COC)C(F)(F)F)c(N)c(F)c2)[C@H](O)[C@@H]([NH2+]Cc2cc(ccc2)C(C)(C)C)C1,8.3979397,test
Fc1ccc(cc1)C[C@H](NC(=O)C)[C@H](O)C[NH2+][C@H]1CC2(Oc3ncc(cc13)CC(C)(C)C)CCC2,8.3010302,test
Fc1cc(cc(F)c1)C[C@H](NC(=O)c1cc(cc(c1)C)C(=O)N(CCC)CCC)[C@H](O)[C@@H]1[NH2+]CC[C@H](OCC)C1,8.1549015,test
Clc1cc2nc(n(c2cc1)C(CC(C)C)CC(=O)NC(C)C)N,3.6090648,test
Brc1cc(ccc1O)C[C@@H]1CS(=O)(=O)C[C@H]([NH2+]Cc2cc(ccc2)C2CC2)[C@H]1O,6.0222764,test
O1C2CCCCC2(N=C1N)c1cc(NC(=O)c2ncccc2)ccc1,3.6989701,test
Fc1cc(cc(F)c1)CC(NC(=O)C)C(O)C[NH2+]C1(CCC(NC(OC)=O)CC1)c1cc(ccc1)C(C)(C)C,6.6197886,test
Clc1ccccc1-c1n(CC(=O)NC(=[NH2+])N)c(cc1)-c1ccc(Oc2ccc(cc2)C(=O)C)cc1,6.154902,test
Fc1ccc(nc1)C(=O)Nc1cc(ccc1)C12N=C(OC1COCC2)N,4.5638375,test
Fc1cc(cc(F)c1)CC(NC(=O)C(N1CCC(CCCC)C1=O)C)C(O)C1[NH2+]CC(O)C1,7.0177288,test
Fc1cc(cc(F)c1)C[C@H](NC(=O)C)[C@H](O)C[NH2+]C1(CC1)c1cc(ccc1)C(C(F)F)(C)C,6.6382723,test
Fc1cc(NC[C@@H](O)[C@@H](NC(=O)C=2[C@H](CCC)C(C(=O)C)=C(N(CC(OC(C)C)=O)C=2C)C)Cc2ccccc2)ccc1,4.5670309,test
O(C)c1cc(cnc1)-c1cc(ccc1)CNc1cccnc1N,4.3979402,test
O(C)c1cc(ccc1)[C@]1([NH+]=C(N2C1=NCCC2)N)c1ccccc1,4.6925039,test
S1(=O)C[C@@H](Cc2cc(OC(C(F)(F)F)C(F)(F)F)c(N)c(F)c2)[C@H](O)[C@@H]([NH2+]Cc2cc(ccc2)C(C)(C)C)C1,8.6989698,test
S1(=O)(=O)N(CCCC1)c1cc(cc(c1)/C(=N\OCC=C)/C)C(=O)N[C@H]([C@@H](O)C[NH2+]Cc1cc(OC)ccc1)Cc1cc(F)cc(F)c1,6.9546771,test
O=C([O-])[C@@H](\[NH+]=C\1/NC(Cc2c/1cccc2)(C)C)Cc1ccccc1,4.5654311,test
Fc1cc(cc(F)c1)CC(NC(=O)C)C(O)C[NH2+]C1(CCCCC1)c1cc(N2CCCC2=O)ccc1,6.0861859,train
O=C(NCC=C)c1ccc(cc1)-c1n(Cc2nc(N)ccc2)c(cc1)-c1ccccc1,6.229147900000001,train
Fc1cc(cc(F)c1)CC(NC(=O)C)C(O)C[NH2+]C1(CC1)c1cc(ccc1)C1(OCCC1)C,6.2365718,train
Fc1cc(cc(F)c1)C[C@H](NC(=O)C)[C@H](O)C[NH2+]C1(CCOCC1)c1cc(-n2nccc2)ccc1,6.9586072,train
Fc1c(cccc1OC)-c1cc2c(Oc3c(cc(OC)cc3)C23N=C(OC3)N)cc1,6.0457573,train
Fc1cc(cc(F)c1)CC(NC(=O)C)C(O)C[NH2+]C1(CCCCC1)c1cc(ccc1)CC(C)C,6.0915151,train
FC(F)(F)c1nccc(c1)C1(N=C(N)c2c1cccc2)c1cc(ccc1)-c1cncnc1,6.8728952,train
Fc1ccc(cc1-c1cccnc1F)C1(N=C(N)N(C)C1=O)c1cc(C)c(OC)cc1,6.251812,train
Fc1cc(cc(F)c1)CC(NC(=O)C)C(O)C[NH2+]C1(CCCCC1)c1cc(ccc1)C1CCOCOC1,6.251812,train
Fc1cc(cc(F)c1)CC(NC(=O)C)C(O)C[NH2+]C1(CC1)c1cc(ccc1)C1OCCC1,6.2365718,train
Clc1cc(cc(Cl)c1NC(=O)C)CNC(=[NH2+])NC(=O)Cn1c2cc(ccc2cc1)CN(S(=O)(=O)C)C,6.0757208,train
S(=O)(=O)(N(C)c1cc(cc(c1)C(=O)NC(C)c1ccc(F)cc1)-c1nc([nH]n1)C([NH3+])(Cc1ccccc1)C)C,6.085128299999999,train
O=C1N(C)C(=NC1(C1CCCCC1)c1cc(NC(=O)c2n(ccc2)C)ccc1)N,6.0655016999999996,train
Fc1cc(cc(F)c1)CC(NC(=O)C)C(O)C[NH2+]C1(CC1)c1nn(cc1)CC(C)(C)C,6.0604806,train
FC(F)(F)Oc1ccc(cc1)C1(N=C(N)N(C)C1=O)c1cc(ccc1)-c1ccc(OC)nc1,6.0457573,train
O=C1N(CC(=NC1(C)c1cc(NC(=O)c2ncc(cc2)C#N)ccc1)N)C,6.0899095999999995,train
O1c2c(cc(cc2)-c2cccnc2)C2(N=C(N)N(C)C2=O)CC1(C)C,6.9469213000000005,train
Fc1cc(cc(F)c1)CC(NC(=O)C)C(O)C[NH2+]C1(CCC(=O)CC1)c1cc(ccc1)C(C)(C)C,6.920818799999999,train
Clc1cc2CC(N=C(NC(Cc3cscc3CCC3CC3)C(=O)[O-])c2cc1)(C)C,6.2441254,train
S1(=O)(=O)CC(Cc2cc(F)c3NCC4(CCC4)c3c2)C(O)C([NH2+]Cc2cc(ccc2)C(C)(C)C)C1,6.251812,train
S1(=O)(=O)N(CCCC1)c1cc(cc(NCC)c1)C(=O)NC(Cc1ccccc1)C(O)C[NH2+]C1CC1,6.920818799999999,train
ClC1=CN=C(NC1=O)C(NC1=NC(Cc2c1ccc(Cl)c2)(C)C)Cc1ccccc1,6.251812,train
OC(C(NC(=O)C1CC(CCC1)C(NC(=O)CC)(C)C)Cc1ccccc1)C[NH2+]Cc1cc(ccc1)C(C)C,6.2365718,train
FC(F)Oc1ccc(cc1)[C@@]1(N=C(N)N(C)C1=O)c1cc(ccc1)C[C@@H](CC)C,6.9586072,train
Fc1cc(cc(F)c1)CC(NC(=O)C(N1CCC(NC(=O)C)(C(CC)C)C1=O)CCc1ccccc1)C(O)C1[NH2+]Cc2c(C1)cccc2O,6.0604806,train
Fc1cc(cc(F)c1)CC(NC(=O)C)C(O)C[NH2+]C1(CCCN(C1)C(OCc1ccccc1)=O)c1cc(ccc1)C(C)(C)C,6.0655016999999996,train
Clc1ccccc1-c1n(Cc2nc(N)ccc2)c(cc1)-c1ccc(Oc2ccccc2)cc1,6.070581,train
Clc1ccc(nc1)C(=O)Nc1cc(C2(Oc3c(cccc3)C(=N2)N)C)c(F)cc1,6.920818799999999,train
O(C)c1ccc(cc1C1CCCC1)C1(N=C(N)N(C)C1=O)c1cc(ccc1)-c1cccnc1,6.920818799999999,train
S(=O)(=O)(C)c1cc(ccc1)C1([NH2+]CC(O)C(NC(=O)C)Cc2cc(F)cc(F)c2)CCCCC1,6.142667299999999,train
S1CC(=NC1(c1cc(ccc1)-c1cccnc1)c1ccc(OC)cc1)N,6.1023731,train
Fc1cc(cc(F)c1)CC(NC(=O)C)C(O)C[NH2+]C1(CC1)c1cc(c[n+]([O-])c1)CC(C)(C)C,6.142667299999999,train
Fc1cc(cc(F)c1)CC(NC(=O)c1c2c(n(c1)C(=O)N(CCCC)C)cc(cc2)C#N)C(O)C[NH2+]Cc1cc(OC)ccc1,6.920818799999999,train
S1(=O)(=O)CC(Cc2cc3c([nH]cc3CC(F)(F)F)cc2)C(O)C([NH2+]Cc2cc(ccc2)C(C)(C)C)C1,6.920818799999999,train
Fc1c2c(ccc1)C(N=C2N)(c1cc(ccc1)-c1cncnc1)c1ccncc1,6.9065785,train
Clc1ccccc1-c1n(Cc2nc(N)ccc2)c(cc1)-c1ccc(OCCCCC)cc1,6.2596374,train
FC(F)(F)Oc1ccc(cc1)[C@]1([NH+]=C(N2C1=NCCC2)N)c1cc(ccc1)-c1cncnc1,6.1023731,train
Fc1ncccc1-c1cc(ccc1)[C@]1([NH+]=C(N2C1=NCCC2)N)c1cc2OC(F)(F)Oc2cc1,6.1307683,train
S1(=O)(=O)CC(Cc2cc(O)c(N)c(F)c2)C(O)C([NH2+]Cc2cc(ccc2)C(C)(C)C)C1,6.920818799999999,train
Fc1ccc(OC)cc1-c1cc2c(Oc3c(cc(OC)cc3)C23N=C(OC3)N)cc1,6.1307683,train
S(=O)(=O)(N(C)c1cc(cc(c1)C(=O)N[C@H]([C@@H](O)C[NH2+]Cc1cc(OC)ccc1)Cc1cc(F)cc(F)c1)C(=O)C)C,6.9065785,train
Fc1cc(cc(F)c1)CC(NC(=O)C)C(O)C[NH2+]C1(CCCCC1)c1cc(N2CCCOCC2=O)ccc1,6.124939,train
Clc1cc2CC(N=C(NC(Cc3ccccc3)C=3NC(ON=3)=O)c2cc1)(C)C,6.124939,train
Clc1cc(cnc1)-c1cc2c(CC(CC23N=C(OC3)N)(C)C)cc1,6.1029229,train
Fc1cc(cc(F)c1)CC(NC(=O)C)C(O)C[NH2+]C1(CC1)c1cc(cnc1)CC(C)(C)C,6.1079054,train
Fc1cc(cc(F)c1)C[C@H](NC(=O)C)[C@H](O)C[NH2+]C1(CC1)c1cc(ccc1)[C@H]1CCOC1,6.1191864,train
Fc1cc(cc(F)c1)CC(NC(=O)c1cc(cc(c1)C(=O)N(CCC)CCC)C([NH3+])C)C(O)C[NH2+]Cc1cc(OC)ccc1,6.9100947,train
Brc1cc(ccc1)CC1CS(=O)(=O)CC([NH2+]Cc2cc(ccc2)C(C)C)C1O,6.1191864,train
Brc1ccsc1CC(NC1=NC(Cc2c1ccc(Cl)c2)(C)C)C(=O)[O-],6.1487417,train
Clc1ccccc1-c1n(Cc2nc(N)ccc2)c(cc1)-c1ccc(Oc2ncccc2)cc1,6.0915151,train
O=C1c2c(cc(cc2)-c2cncnc2)C2(N=C(N)N(C)C2=O)CC1(C)C,6.1530447,train
Oc1ccc(cc1-c1nccc(c1)C#CC)C1(N=C(C)C(=N1)N)C1CC1,6.886056900000001,train
Clc1ccccc1-c1n(Cc2nc(N)ccc2)c(cc1)-c1ccc(Oc2ccncc2)cc1,6.229147900000001,train
Fc1ncccc1-c1cc2c(Oc3c(cc(OC)cc3)C23N=C(OC3)N)cc1,6.09691,train
OC(C(NC(=O)C(NC(=O)C(NC(=O)C)CC(C)C)C)CC(C)C)CC(C(=O)NCCCC)C,6.920818799999999,train
S1(=O)(=O)CC(Cc2cc(OC(F)(F)F)c(N)cc2)C(O)C([NH2+]Cc2cc(ccc2)C(C)(C)C)C1,6.8860564,train
Clc1cc2CC(N=C(NC(Cc3cscc3C#C)C(=O)[O-])c2cc1)(C)C,6.1191864,train
Fc1cc(cc(F)c1)CC(NC(=O)C(N1CCC(NC(=O)C)(C(CC)C)C1=O)CCc1ccccc1)[C@H](O)[C@H]1[NH2+]Cc2c(C1)cccc2,6.221849,train
Fc1cc(cc(F)c1)CC(NC(=O)C)C(O)C[NH2+]C1(CCCCC1)c1cc(ccc1)C(CC)(C)C,6.8860564,train
Clc1cc(ccc1)-c1cc2c(OC(CC23N=C(N)N(CC(F)(F)F)C3=O)(C)C)cc1,6.218963099999999,train
Fc1cc(cc(F)c1)CC(NC(=O)C)C(O)C[NH2+]C1(CCCCC1)c1cc(ccc1)-c1ccoc1,6.920818799999999,train
Brc1cc(ccc1)CC1CS(=O)(=O)CC([NH2+]Cc2cc(ccc2)C(C)(C)C)C1O,6.2146702000000005,train
O(C)c1ccc(cc1C)C1(N=C(N)N(C)C1=O)c1cc(-c2cccnc2)c(cc1)C#N,6.2006593,train
O=C1N(C)C(=NC1(c1cc(ccc1)-c1ccccc1)c1ccncc1)N,6.8860564,train
o1cc(cc1)-c1cc(ccc1)C1(N=C(N)N(C)C1=O)c1ccncc1,6.2006593,train
O(C)c1ccc(cc1C)C1(N=C(N)N(C)C1=O)c1cc(-c2cccnc2)c(cc1)C,6.8860564,train
S1CCC(=NC1(C)c1cc(ccc1)-c1cc(OC)ccc1)N,6.2006593,train
s1c2c(nc1C)C(=NC2(c1cc(ccc1)-c1cncnc1)c1ccc(OC)cc1)N,6.2006593,train
O1CCCCNc2cc(cc(c2)C(=O)NC(Cc2cc1ccc2)C(O)C[NH2+]C(COC)c1cc(ccc1)C(C)(C)C)COC,6.1752234,train
S1(=O)(=O)CC(Cc2cc(OCCC)ccc2)C(O)C([NH2+]Cc2cc(ccc2)C(C)(C)C)C1,6.1739254,train
OC(C(NC(=O)C1CC(CCC1)C(NC(=O)C)C(C)C)Cc1ccccc1)CC(C(=O)NCCCC)C,6.09691,train
Fc1cc(cc(F)c1)CC(NC(=O)C)C(O)C[NH2+]C1(CCCCC1)c1cc(N2CCCOCC2)ccc1,6.154902,train
S1(=O)(=O)N(C2C=C(C=C3N(CC[NH+](C23)CC1)CC)C(=O)NC(Cc1ccccc1)C(O)C[NH2+]C1CC1)C,6.2596374,train
Ic1cc(ccc1)C1([NH2+]CC(O)C(NC(=O)C)Cc2cc(F)cc(F)c2)CCCCC1,6.337242099999999,train
FC(F)Oc1ccc(cc1)[C@@]1(N=C(N)N(C)C1=O)c1cc(ccc1)/C(/F)=C/C1CC1,6.2676063,train
Fc1cc(cc(F)c1)C[C@H](NC(=O)C)[C@H](O)C[NH2+]C1(CCOCC1)c1cc(ccc1)[C@H]1CCOC1,6.5376019,train
S1(=O)(=O)CC(Cc2cc3c([nH]cc3CC)cc2)C(O)C([NH2+]Cc2cc(ccc2)C(C)(C)C)C1,6.6989698,train
FC(F)Oc1cc(ccc1)[C@]1(N=C(N)N(C)C1=O)c1ccc(OC(F)F)cc1,6.6989698,train
S(=O)(=O)(N(c1cc(ccc1)C(=O)NC(Cc1ccccc1)C(O)C[NH2+]C(C(=O)NC1CCCCC1)C)c1ccc(cc1)C#N)C,6.7212462,train
FC1(F)COC(=NC1(C)c1cc(NC(=O)c2ncccc2)ccc1F)N,6.5316525,train
O=C1N(C)C(=NC1(c1cc(nc(c1)C)C(C)C)c1cc(ccc1)-c1cncnc1)N,6.522878599999999,train
Brc1cc(ccc1O)CC1CS(=O)(=O)CC([NH2+]Cc2cc(ccc2)C(C)C)C1O,6.522878599999999,train
Fc1ncccc1-c1cc(ccc1)[C@]1([NH+]=C(N2C1=NCCC2)N)c1cc2OCCOc2cc1,6.7212462,train
S1(=O)(=O)N(c2c(CCC1)c(NCC)cc(c2)C(=O)NC(Cc1ccccc1)C(O)C[NH2+]C1CCOCC1)C,6.7212462,train
S(=O)(=O)(N(C)c1cc2cc(c1)C(=O)NCCC\C=C\COCC(NC2=O)C(O)C[NH2+]Cc1cc(ccc1)C(C)C)C,6.7447276,train
s1c(C)c(cc1CC)C1(N=C(N)N(C)C1=O)c1cc(ccc1)-c1cncnc1,6.7447276,train
Fc1cc(cc(F)c1)CC(NC(=O)C)C(O)C[NH2+]C1(CCCCC1)c1cc(cc(c1)C)C(C)(C)C,6.7447276,train
FC(F)(F)Oc1ccc(cc1)[C@@]1([NH+]=C(N2C1=NCCC2)N)c1cc(ccc1)CCC1CC1,6.677780599999999,train
S(=O)(=O)(N(Cc1ccccc1)c1cc(ccc1)C(=O)NC(Cc1ccccc1)C(O)C[NH2+]C(C(=O)NC1CCCCC1)C)C,6.7447276,train
FCC([NH2+]CC(O)C1NC(=O)c2cc(cc(NCCCCOc3cc(C1)ccc3)c2)COC)c1cc(ccc1)C(C)(C)C,6.752026600000001,train
Clc1cc(cnc1)-c1cc(ccc1)C1(N=C(C)C(=N1)N)C1CC1,6.508638400000001,train
Brc1cscc1CC(NC1=NC(Cc2c1ccc(Cl)c2)(C)C)C(=O)[O-],6.508638400000001,train
Fc1cc(cc(F)c1)CC(NC(=O)C)C(O)C[NH2+]C1(CCCCC1)c1cc(cc(N)c1)C(C)(C)C,6.497572900000001,train
Fc1cc(cc(c1)-c1cncnc1)C1(N=C(N)N(C)C1=O)c1ccc(OC(F)(F)F)cc1,6.4948502,train
s1cc(cc1C(C)C)C1([NH2+]CC(O)C(NC(=O)C)Cc2cc(F)cc(F)c2)CCCCC1,6.4948502,train
O(C)c1ccc(cc1)C1(N=C(n2nc(cc12)C)N)c1cc(ccc1)-c1cncnc1,6.4948502,train
S(=O)(=O)(N(C)c1cc(cc(c1)/C(=N\OCC(C)C)/C)C(=O)N[C@H]([C@@H](O)C[NH2+]Cc1cc(OC)ccc1)Cc1cc(F)cc(F)c1)C,6.7619538,train
Clc1cc2CC(N=C(NC(Cc3ccccc3)C=3NC(=O)c4c(N=3)ccnc4)c2cc1)(C)C,6.769551299999999,train
Fc1cc(cc(F)c1)CC(NC(=O)C(N1CCC(C(C)C)C1=O)C)C(O)C[NH2+]Cc1cc(OC)ccc1,6.769551299999999,train
O(CC)c1ccc(cc1)C1(N=C(N)N(C)C1=O)C12CC3CC(C1)CC(C2)C3,6.4814858,train
FC(F)Oc1ccc(cc1)[C@@]1(N=C(N)N(C)C1=O)c1ccccc1,6.769551299999999,train
S(=O)(=O)(N(C)c1cc(cc(c1)COC(=O)C([NH3+])(Cc1ccccc1)CO)C(=O)NC(C)c1ccc(F)cc1)C,6.508638400000001,train
Fc1cc(cc(F)c1)CC(NC(=O)C)C(O)C[NH2+]C1(CCCCC1)c1cc(cc(O)c1)C(C)(C)C,6.769551299999999,train
S(=O)(=O)(N(c1cc(ccc1)C(=O)NC(Cc1ccccc1)C(O)C[NH2+]Cc1cc(ccc1)C(F)(F)F)c1ncccc1)C,6.5376019,train
Fc1cc(cc(F)c1)CC(NC(=O)C)C(O)C[NH2+]C1(CCC(NC=O)CC1)c1cc(ccc1)C(C)(C)C,6.677780599999999,train
Fc1cc(cc(F)c1)CC(NC(=O)C)C(O)C[NH2+]C1(CCC(N(O)C(=O)C)CC1)c1cc(ccc1)C(C)(C)C,6.6197886,train
O(C)c1cc(ccc1)C[NH2+]CC(O)C(NC(=O)c1c2c(n(c1)C(=O)N(CCC)CCC)cccc2)Cc1ccccc1,6.6197886,train
O1c2c(cc(NC(=O)c3oc(cc3)C)cc2)C2(N=C(N)N(C)C2=O)CC1(C)C,6.6382723,train
Clc1cc(cc(Cl)c1NC(=O)C)CNC(=[NH2+])NC(=O)Cn1c2cc(OC)ccc2cc1,6.6497521,train
Fc1c2c(ccc1)C(N=C2N)(c1cc(ccc1)-c1cncnc1)c1cc(ncc1)C(F)(F)F,6.6179828999999994,train
Ic1cc(cc(c1)C(C)(C)C)C1([NH2+]CC(O)C(NC(=O)C)Cc2cc(F)cc(F)c2)CCCCC1,6.651695299999999,train
S(=O)(=O)(N(c1cc(cc(c1)/C(=N/OCC(C)C)/C)C(=O)N[C@H]([C@@H](O)C[NH2+]Cc1cc(OC)ccc1)Cc1cc(F)cc(F)c1)c1ccccc1)C,6.616184700000001,train
S1(=O)(=O)CC(Cc2cc3c([nH]nc3CCC)cc2)C(O)C([NH2+]Cc2cc(ccc2)C(C)(C)C)C1,6.6575774999999995,train
S1(Oc2cc(cc3c2n(cc3CC)CC1)C(=O)NC([C@H](O)C[NH2+]C1CC1)Cc1ccccc1)(=O)=O,6.6020598,train
Clc1ccccc1-c1n(Cc2nc(N)c(NCCCO)cc2)c(cc1)-c1ccc(OCCCCC)cc1,6.6575774999999995,train
Fc1cc(cc(F)c1)CC(NC(=O)C)C(O)C[NH2+]C1(CCCC1)c1cc(ccc1)C(C)(C)C,6.6575774999999995,train
FC(F)(F)c1cc(ccc1)-c1cc(ccc1)C1(N=C(N)N(C)C1=O)c1ccncc1,6.6020598,train
S(=O)(=O)(C)C1CCC([NH2+]CC(O)C(NC(=O)C)Cc2cc(F)cc(F)c2)(CC1)c1cc(ccc1)C(C)(C)C,6.677780599999999,train
Fc1cc(cc(F)c1)CC(NC(=O)C)C(O)C[NH2+]C1(CCCCC1)c1cc(N2CCCCC2=O)ccc1,6.6020598,train
Fc1cc(cc(F)c1)CC(NC(=O)C)C(O)C[NH2+]C1(CCCCC1)c1cc(ccc1)C(CO)(C)C,6.585026700000001,train
FC(F)Oc1ccc(cc1)[C@@]1(N=C(N)N(C)C1=O)c1cc(ccc1)C#C,6.585026700000001,train
n1cc(ccc1)-c1cc(ccc1)C1(N=C(N2C1=NCCC2)N)c1ccncc1,6.579999900000001,train
Fc1cc(cc(F)c1)CC(NC(=O)C)C(O)C[NH2+]C1(CCCOC1)c1cc(-n2nccc2)ccc1,6.5686364,train
O(C)c1cc(ccc1OC)C1(N=C(N)N(C)C1=O)C12CC3CC(C1)CC(C2)C3,6.5686364,train
Fc1cc(cc(F)c1)CC(NC(=O)c1c2cccnc2n(c1)C(=O)N(CC1CC1)CCC)C(O)C[NH2+]Cc1cc(OC)ccc1,6.677780599999999,train
S1(=O)(=O)N(C2(CC([NH+](CC2)Cc2ccc(O)cc2)C)CN1C)c1cc(F)ccc1,6.5686364,train
Fc1cc(cc(F)c1)CC(NC(=O)C)C(O)C[NH2+]C1(CCCCC1)c1nn(cc1)CC(C)(C)C,6.677780599999999,train
O(C)c1ccc(cc1)C1(N=C(C)C(=N1)N)c1cc(ccc1)-c1cncnc1,6.5686364,train
O1c2c(cc(cc2)C2CCCCC2)C2(N=C(N)N(C)C2=O)CC1(C)C,6.5559554,train
O(C)c1ccc(cc1CC)C1(N=C(N)N(C)C1=O)C12CC3CC(C1)CC(C2)C3,6.5528420999999994,train
O=C1N(C)C(=N[C@]1(C1CCCCC1)c1cc(NC(=O)COC)ccc1)N,6.677780599999999,train
Fc1c2c(ccc1)C(N=C2N)(c1cc(ccc1)-c1cc(cnc1)C#N)c1cc(ncc1)C(F)(F)F,6.5968795,train
O(C)c1ccc(cc1)C1(N=C(C)C(=N1)N)c1cc(ccc1)-c1cccnc1,6.4814858,train
Fc1cc(cc(F)c1)CC(NC(=O)C)C(O)C[NH2+]C1(CCCCC1)c1cc(N2C3CC(CC3)C2=O)ccc1,6.468521099999999,train
Fc1cc(cc(F)c1)CC(NC(=O)C)C(O)C[NH2+]C1(CC1)c1cc(ccc1)CC(C)(C)C,6.4672456,train
S(=O)(=O)(NC1CCC([NH2+]CC(O)C(NC(=O)C)Cc2cc(F)cc(F)c2)(CC1)c1cc(ccc1)C(C)(C)C)C,6.3979402,train
Fc1c2c(ccc1)C(N=C2N)(c1cc(ccc1)-c1cncnc1)c1cc(OC)ncc1,6.3968558,train
Clc1ccccc1-c1n(Cc2nc(N)ccc2)c(cc1)-c1ccc(Oc2cccnc2)cc1,6.387216099999999,train
Clc1ccccc1-c1n(Cc2nc(N)ccc2)c(cc1)-c1ccc(Oc2nnccc2)cc1,6.387216099999999,train
O1c2ncc(cc2C([NH2+]CC(O)C(NC(=O)C(C)C)Cc2cc3OCOc3cc2)CC12CCC2)CC(C)(C)C,6.8416375999999985,train
O1c2c(cc(OCC(C)C)cc2)C2(N=C(N)N(C)C2=O)CC1(C)C,6.365522900000001,train
Brc1cc(ccc1N)CC1CS(=O)(=O)CC([NH2+]Cc2cc(ccc2)C(C)(C)C)C1O,6.853871799999999,train
S(=O)(=O)(N(c1cc(ccc1)C(=O)NC(Cc1ccccc1)C(O)C[NH2+]C1CC1)c1ccccc1)C,6.3565474,train
Fc1cc(cc(F)c1)CC(NC(=O)C)C(O)C[NH2+]C1(CC1)c1nnn(c1)CC(C)(C)C,6.3467875,train
Clc1cc2CC(N=C(NC(Cc3cscc3-c3cn[nH]c3)C(=O)[O-])c2cc1)(C)C,6.3467875,train
Clc1cc(cc(Cl)c1NC(=O)C)CNC(=[NH2+])NC(=O)Cn1c2c(cc(OC)cc2)cc1,6.3467875,train
Clc1ccccc1-c1n(Cc2nc(N)ccc2)c(cc1)-c1ccc(Oc2nccnc2)cc1,6.337242099999999,train
Fc1cc(cc(F)c1)CC(NC(=O)C)C(O)C[NH2+]C1(CCCN(O)C1)c1cc(ccc1)C(C)(C)C,6.3979402,train
FC(F)(F)Oc1ccc(cc1)C1(N=C(N)N(C)C1=O)C12CC3CC(C1)CC(C2)C3,6.3279023,train
S(=O)(=O)(N(C)c1cc(cc(c1)C(=O)NC(C(O)CC(OC)COC(C)C)COc1cc(F)cc(F)c1)C(=O)NC(C)c1ccccc1)C,6.318759,train
S1(=O)(=O)Nc2cc(cc3c2n(cc3CC)CCC1)C(=O)NC(Cc1ccccc1)C(O)C[NH2+]C1CC1,6.309804,train
Fc1cc(cc(F)c1)CC(NC(=O)c1cc(cc(c1)C)C(=O)N(CCC)CCC)C(O)C1[NH2+]CC[NH2+]C1,6.309804,train
Fc1ccc(cc1)C1(N=C(C)C(=N1)N)c1cc(ccc1)-c1cccnc1,6.309804,train
O=C1N(C)C(=N[C@]1(c1cc(nc(c1)C)C)c1cc(ccc1)-c1cncnc1)N,6.853871799999999,train
S(=O)(=O)(N(C)c1cc(cc(c1)C(=O)NC(C(O)CC(OC)COCc1ccc(OC)cc1)COc1cc(F)cc(F)c1)C(=O)NC(C)c1ccccc1)C,6.853871799999999,train
n1ccc(cc1)C1(N=C(N)c2c1cccc2)c1cc(ccc1)-c1cncnc1,6.3010302000000005,train
S1CC(=NC1(c1cc(ccc1)-c1cc(OC)ccc1)c1ccncc1)N,6.3010302000000005,train
s1nc(cc1)-c1cc2c(OC(CC23N=C(N)N(C)C3=O)(C)C)cc1,6.3001623,train
Clc1cc2CC(N=C(NC(Cc3cscc3C#CC)C(=O)[O-])c2cc1)(C)C,6.292429900000001,train
Clc1ccc(nc1)C(=O)Nc1cc(C2(N=C(OCC2)N)C)c(F)cc1,6.8632793,train
FC(F)(F)Oc1ccc(cc1)C1(N=C(N)N(C)C1=O)c1cc(ccc1)-c1cccnc1OC,6.283996599999999,train
Fc1cc(cc(F)c1)CC(NC(=O)C(N1CCC(NC(=O)C)(C(CC)C)C1=O)CCc1ccccc1)[C@H](O)[C@H]1[NH2+]Cc2c(C1)cccc2OC,6.853871799999999,train
O=C(NCCC(C)(C)C)C(Cc1cc2cc(ccc2nc1N)-c1ncccc1C#N)C,6.4089355,train
Fc1cc(cc(F)c1)C[C@H](NC(=O)C)[C@H](O)C[NH2+]C1(CC1)c1cc(ccc1)C(CF)(CF)C,6.4089355,train
S1(=O)(=O)N(c2c(CCC1)c(NCC)cc(c2)C(=O)NC(Cc1ccccc1)C(O)C[NH2+]C1CC1)C,6.823908800000001,train
S(C)c1cc(ccc1)-c1cc2c(OC(CC23N=C(N)N(C)C3=O)(C)C)cc1,6.463441400000001,train
Fc1cc(cc(F)c1)CC(NC(=O)C)C(O)C[NH2+]C1(CCCCC1)c1cc(ccc1)C(C#N)(C)C,6.779892,train
Fc1cc(cc(F)c1)CC(NC(=O)C)C(O)C[NH2+]C1(CC1)c1cn(nc1)CC(C)(C)C,6.4609237,train
Clc1ccc(nc1)C(=O)Nc1cc(ccc1)C1(N=C(N)CNC1=O)C,6.4584208,train
Fc1cc(cc(F)c1)CC(NC(=O)C(N1CCC(C(C)C)C1=O)C)C(O)C1[NH2+]CC(OCCC)C1,6.7958798,train
Fc1cc(cc(F)c1)CC(NC(=O)c1c2cc(ccc2n(c1)C(=O)N(CCCC)C)C(F)(F)F)C(O)C[NH2+]Cc1cc(OC)ccc1,6.7958798,train
O=C1N(Cc2ccc(cc2)CNC(=O)NCCCC)C(NC1(CC1CCCCC1)CCC1CCCCC1)=N,6.4559321,train
S1(=O)(=O)CC(Cc2cc(F)c(N)cc2)C(O)C([NH2+]Cc2cc(ccc2)C(C)(C)C)C1,6.4559321,train
Fc1cc(cc(F)c1)CC(NC(=O)C)C(O)C[NH2+]C1(CCCCC1)c1cc(cc(c1)C(=O)C)C(C)(C)C,6.7958798,train
S1(Oc2cc(cc3c2n(cc3CC)CC1)C(=O)NC([C@H](O)C[NH2+]CC#C)Cc1ccccc1)(=O)=O,6.4436975,train
Fc1ncccc1-c1cc(ccc1)[C@@]1([NH+]=C(N2C1=NCCC2)N)c1ccc(OC(F)(F)F)cc1,6.4317985,train
S(CCC(NC(=O)C(NC(=O)C)C(C)C)C(=O)NC(C(O)CC(C(=O)NCCCC)C)CC(C)C)C,6.4317985,train
s1cccc1-c1cc(ccc1)C1([NH2+]CC(O)C(NC(=O)C)Cc2cc(F)cc(F)c2)CCCCC1,6.4317985,train
S1(=O)(=O)CC(Cc2cc(CC)c(O)cc2)C(O)C([NH2+]Cc2cc(ccc2)C(C)C)C1,6.4317985,train
Fc1ncccc1-c1cc(ccc1)C1([NH+]=C(N2C1=NCCC2)N)c1cc2OCOc2cc1,6.7958798,train
s1ccc(C2(N=C(N)N(C)C2=O)c2cc(ccc2)-c2cncnc2)c1C,6.4317985,train
Fc1cc(cc(F)c1)CC(NC(=O)C)C(O)C[NH2+]C1(CCN(CC1)C(=O)N)c1cc(ccc1)C(C)(C)C,6.4202166,train
Clc1cn(nc1C(=O)Nc1cc(C2(N=C(OCC2(F)F)N)C)c(F)cc1)C,6.821022999999999,train
Fc1cc(cc(F)c1)CC(NC(=O)C)C(O)C[NH2+]C1(CCC(CC1)C#N)c1cc(ccc1)C(C)(C)C,6.4202166,train
O1c2cc(ccc2OC1)C(=O)Nc1cc(ccc1)C1(N=C(N)N(C)C1=O)C1CCCCC1,6.4202166,train
O1c2c(cc(cc2)-c2cncnc2)C2(N=C(N)N(C)C2=O)CC1(C)C,6.821022999999999,train
S(=O)(=O)(N(C)c1cc(cc(c1)/C(=N\OCC=C)/C)C(=O)N[C@H]([C@@H](O)C[NH2+]Cc1cc(OC)ccc1)Cc1cc(F)cc(F)c1)C,6.821022999999999,train
S1(=O)(=O)CC(Cc2cc(-c3ccoc3)c(N)c(F)c2)C(O)C([NH2+]Cc2cc(ccc2)C(C)(C)C)C1,6.823908800000001,train
Fc1cc(cc(F)c1)CC(NC(=O)C)C(O)C[NH2+]C1(CCCCC1)c1cc(ccc1)/C(=C/C)/C,6.4202166,train
S1(=O)(=O)CC(Cc2cc(CCCC)c(O)cc2)C(O)C([NH2+]Cc2cc(ccc2)C(C)C)C1,6.823908800000001,train
OC(C(NC(=O)C1CC(CCC1)C(N(C(=O)CC)C)(C)C)Cc1ccccc1)C[NH2+]Cc1cc(ccc1)C(C)C,6.823908800000001,train
O(C)c1ccc(cc1C#N)C1(N=C(N)N(C)C1=O)c1cc(ccc1)-c1cccnc1,6.823908800000001,train
Fc1c2c(ccc1)C(N=C2N)(c1cc(ccc1)-c1cncnc1)c1ccc(OC)cc1,6.869666099999999,train
O1CC[C@@H](NC(=O)[C@@H](Cc2cc3cc(ccc3nc2N)-c2ccccc2C)C)CC1(C)C,9.1549015,train
Fc1cc(cc(F)c1)CC(NC(=O)C)C(O)C[NH2+]C1(CC1)c1cc(N2C3CC(CC3)C2)ccc1,5.7212462,train
S(=O)(=O)(N(C)c1cc(cc(c1)COCC([NH3+])(Cc1ccccc1)C(F)F)C(=O)NC(C)c1ccc(F)cc1)C,6.0338582999999995,train
Brc1cc(ccc1)CCC=1N=C(N)N(C)C(=O)C=1,4.7033347999999995,train
FC(F)(F)c1ccc(cc1)\C=C\C(=O)N[C@@H](Cc1ccccc1)C(=O)N[C@H]([C@@H](O)C[C@H](C(=O)NCC(C)C)C)CC(C)C,4.7090755,train
O=C(N1CCC(CC1)c1ccccc1)C1C[NH2+]CC1c1ccccc1,4.7212462,train
S(=O)(=O)(N(C)c1cc(cc(c1)CNC(=O)C([NH3+])(Cc1ccccc1)CO)C(=O)NC(C)c1ccc(F)cc1)C,4.7423215,train
O=C1N(C)C(=NC(C1)(C)C1CC1c1ccccc1)N,4.7447276,train
n1cc(cnc1)-c1cc(ccc1)C1(N=C(C(C)C)C(=N1)N)c1ccccc1,4.7447276,train
O=C1N(C)C(=NC(C1)(C)C1CC1c1cc(ccc1)-c1cc(ccc1)CO)N,4.6819367,train
O=C1N(C)C(=NC(C1)(C)C1CC1c1cc(ccc1)-c1cc(NC(=O)C)ccc1)N,4.779892,train
S(=O)(=O)(N1C(C)=C(C(=O)N[C@H](C)c2ccccc2)[C@@H](CC)C(C(=O)N[C@H]([C@H](O)C[NH2+]C2CC2)Cc2ccccc2)=C1C)C,4.7904849,train
O(C(=O)C=1[C@@H](C)C(=CN(CC(OC(C)C)=O)C=1C)C(=O)N[C@H]([C@H](O)C[NH2+]C1CC1)Cc1ccccc1)Cc1ccccc1,4.7931742999999996,train
Fc1cc(cnc1)-c1cc(ccc1)C1(N=C(N)[C@@H]2N1CCCC2)C,4.7958798,train
O=C(N[C@@H](Cc1ccccc1)C(=O)N[C@H]([C@@H](O)C[C@H](C(=O)NCC(C)C)C)CC(C)C)c1ccc([N+](=O)[O-])cc1,4.8032713,train
O(C(=O)CN1C(C)=C(C(=O)N[C@H]([C@H](O)C[NH2+]C2CC2)Cc2ccccc2)[C@@H](C)C(C(=O)NOCc2ccccc2)=C1C)CC,4.8096681,train
S(C)c1cc(ccc1)-c1ccc(cc1)C1CC1C=1N=C(N)N(C)C(=O)C=1,4.826813700000001,train
S(=O)(=O)(N(C)c1cc(cc(-n2nnc(c2)C([NH3+])(Cc2ccccc2)C)c1)C(=O)NC(C)c1ccc(F)cc1)C,4.7878122,train
S1(=O)(=O)NCC2(N1c1cc(F)ccc1)CC([NH+](CC2)Cc1ccccc1)C,4.6798539,train
S(=O)(=O)(N1C(C)=C(C(=O)N[C@H]([C@H](O)C[NH2+]C2CC2)Cc2ccccc2)[C@@H](C(C(=O)NOCc2ccccc2)=C1C)c1ccccc1)C,4.6695862,train
FC(F)(F)c1cc(ccc1)C1([NH+]=C(N2C1=NCCC2)N)c1ccccc1,4.6595559,train
O(C(=O)C=1[C@@H](C)C(C(=O)N[C@H]([C@H](O)C[NH2+]C2CC2)Cc2ccccc2)=C(N(CCCOC(=O)C)C=1C)C)Cc1ccccc1,4.5702476999999995,train
Clc1cc(cc(F)c1)-c1cc(ccc1)C12N=C(OC1CCCC2)N,4.575118499999999,train
O(C)c1cc(NC[C@@H](O)[C@@H](NC(=O)C=2[C@H](CCC)C(C(=O)C)=C(N(CC(OC(C)C)=O)C=2C)C)Cc2ccccc2)ccc1,4.575118499999999,train
O(C)c1cc(ccc1)C[NH2+]C[C@@H](O)[C@@H](NC(=O)C1=CN(CC(OC(C)C)=O)C(C)=C(C(=O)C)[C@H]1C)Cc1ccccc1,4.5833597,train
O=C1N(C)C(=NC(=C1)C1CC1c1ccc(cc1)-c1ccccc1)N,4.5917601999999995,train
s1cc(nc1N)C1(CCCC1)c1ccc(OC)cc1,4.6020598,train
S(=O)(=O)(N(C)c1cc(cc(c1)C(=O)NCC(O)(Cc1ccccc1)CO)C(=O)NC(C)c1ccc(F)cc1)C,4.6038008,train
O=C1N(C)C(=NC(=C1)C1CC1c1ccc(cc1)-c1cc(ccc1)CCO)N,4.610834099999999,train
O=C1N(C)C(=NC(=C1)C1CC1c1ccc(cc1)-c1cc(ccc1)COC)N,4.614393700000001,train
O(C)c1ccc(cc1)-c1cc(ccc1)C1CC1C1(N=C(N)N(C)C(=O)C1)C,4.6326442000000005,train
O=C1N(C)C(=NC(=C1)C1CC1c1ccc(cc1)-c1cc(ccc1)CC)N,4.634511900000001,train
O(C)c1cc(ccc1)C[NH2+]C[C@@H](O)[C@@H](NC(=O)C=1[C@H](CCC)C(C(=O)C)=C(N(CC(OC(C)C)=O)C=1C)C)Cc1ccccc1,4.634511900000001,train
S(=O)(=O)(N(C)c1cc(cc(c1)C(=O)NC(C)c1ccc(F)cc1)CCCC([NH3+])(Cc1ccccc1)CO)C,4.6497521,train
S(=O)(=O)(N(C)c1cc(cc(c1)C(OCC(O)(Cc1ccccc1)C[NH3+])=O)C(=O)NC(C)c1ccc(F)cc1)C,4.6536469,train
S(=O)(=O)(N(C)c1cc(cc(c1)COCC([NH3+])(Cc1ccccc1)CC)C(=O)NC(C)c1ccc(F)cc1)C,4.6575775,train
S(=O)(=O)(N1C(C)=C(C(=O)N[C@H]([C@H](O)C[NH2+]C2CC2)Cc2ccccc2)[C@@H](C)C(C(=O)NOCc2ccccc2)=C1C)C,4.826813700000001,train
s1cccc1-c1ccc(cc1)C1CC1C=1N=C(N)N(C)C(=O)C=1,4.850781,train
O(CCC)c1cc(ccc1)-c1ccc(cc1)C1CC1C=1N=C(N)N(C)C(=O)C=1,4.8538718,train
n1cc(ccc1)-c1cc(ccc1)C1(N=C(C)C(=N1)N)C,4.8860564,train
S(=O)(=O)(N(C)c1cc(cc(c1)C(=O)NC(C(O)CC(OC)COCc1ccc(F)cc1)COc1cc(F)cc(F)c1)C(=O)NC(C)c1ccccc1)C,5.0,train
S(=O)(=O)(N(C)c1cc(cc(c1)C(=O)NC(C(O)CC(OC)CO)COc1cc(F)cc(F)c1)C(=O)NC(C)c1ccccc1)C,5.0,train
Fc1cc(cc(F)c1)CC(NC(=O)C)C(O)C[NH2+]C1(CCC(CC1)CCO)c1cc(ccc1)C(C)(C)C,5.0,train
Fc1cc(cc(F)c1)CC(NC(=O)C)C(O)C[NH2+]C1(CCC[NH2+]C1)c1cc(ccc1)C(C)(C)C,5.0,train
Brc1sccc1CC(NC1=NC(Cc2c1ccc(Cl)c2)(C)C)C(=O)[O-],5.0222764,train
S1(=O)(=O)NCC2(N1c1cc(F)ccc1)CC([NH+](CC2)Cc1cc(OCC)ccc1)C,5.0222764,train
S(=O)(=O)(N1C(C)=C(C(=O)N[C@H]([C@H](O)C[NH2+]C2CC2)Cc2ccccc2)[C@@H](CC)C(C(=O)NOCc2ccccc2)=C1C)C,5.0222764,train
s1cc(nc1C1([NH2+]CC(O)C(NC(=O)C)Cc2cc(F)cc(F)c2)CC1)CC(C)(C)C,5.0287242,train
O(C(C)C)C(=O)CN1C(C)=C(C(=O)N[C@H]([C@H](O)C[NH2+]C2CC2)Cc2ccccc2)[C@@H](C)C(C(=O)NOCc2ccccc2)=C1C,5.0457573,train
S1CC(N=C1N)(C)c1cc(NC(=O)c2ncccc2)ccc1,5.0467238,train
Clc1cc(cc(Cl)c1)CNC(=[NH2+])NC(=O)Cn1c2c(cccc2)cc1,5.057992,train
O1c2c(cc(N3CCCCC3)cc2)C2(N=C(N)N(C)C2=O)CC1(C)C,5.0624318,train
O(CCC)c1cc(ccc1)-c1cc(ccc1)C1CC1C1(N=C(N)N(C)C(=O)C1)C,5.0757208,train
Fc1ccncc1-c1cc(ccc1)C1(N=C(OC1)N)c1ccc(OC)cc1,5.0861859,train
S(=O)(=O)(N1C(C)=C(C(=O)N[C@H]([C@H](O)C[NH2+]C2CC2)Cc2ccccc2)[C@H](CCC)C(C(=O)NOCc2ccccc2)=C1C)C,5.0915151,train
S(=O)(=O)(N(C)c1cc(cc(c1)C(=O)NC(C(O)CC(OC)COCc1cc(OC)ccc1)COc1cc(F)cc(F)c1)C(=O)NC(C)c1ccccc1)C,5.0,train
O=C([O-])C(NC1=NC(Cc2c1cccc2)(C)C)Cc1ccccc1,4.5654311,train
S(=O)(=O)(N(C)c1cc(cc(c1)C(=O)NC(C(O)CC(OC)C[NH2+]Cc1ccccc1)COc1cc(F)cc(F)c1)C(=O)NC(C)c1ccccc1)C,5.0,train
S(=O)(=O)(N(C)c1cc2cc(c1)C(=O)NC(OCCOC)c1cc(COCC(NC2=O)C(O)CC(C(C)C)C(=O)NCC(C)C)ccc1)C,5.0,train
O(C)c1nc(cnc1)-c1ccc(cc1)C1CC1C=1N=C(N)N(C)C(=O)C=1,4.8996296,train
S1(=O)(=O)NCC2(N1c1cc(F)ccc1)CC([NH+](CC2)Cc1cc(OCC(C)C)ccc1)C,4.9507818,train
O=C1N(C)C(=NC(=C1)C1CC1c1ccc(cc1)-c1cc(ccc1)CCC)N,4.9586072,train
S1(=O)(=O)NCC2(N1c1cc(F)ccc1)CC([NH+](CC2)Cc1cc(OC2CCCC2)ccc1)C,4.9586072,train
S(=O)(=O)(N1C(C)=C(C(=O)N[C@H]([C@H](O)C[NH2+]C2CC2)Cc2ccccc2)[C@@H](C(C)C)C(C(=O)NOCc2ccccc2)=C1C)C,4.9586072,train
S(=O)(=O)(N(C)c1cc(cc(c1)C(=O)NCC([NH3+])(Cc1ccccc1)CO)C(=O)NC(C)c1ccc(F)cc1)C,4.9665761,train
Clc1ccc(nc1)C(=O)Nc1cc2c(CCC23N=C(OC3)N)cc1,4.9673815,train
O1C[C@@]2(N=C1N)c1cc(ccc1Oc1c2cc(OC)cc1)-c1cncnc1,4.9829664000000005,train
O(CC)c1cc(ccc1)-c1ccc(cc1)C1CC1C=1N=C(N)N(C)C(=O)C=1,4.9913998,train
S(=O)(=O)(N(C)c1cc(cc(c1)COCC([NH3+])Cc1ccccc1)C(=O)NC(C)c1ccc(F)cc1)C,4.995678400000001,train
S(=O)(=O)(N(C)c1cc(cc(c1)C[NH2+]CC([NH3+])(Cc1ccccc1)CO)C(=O)NC(C)c1ccc(F)cc1)C,4.995678400000001,train
O1CCC(=NC1(C)c1cc(ccc1)-c1cc(OC)ccc1)N,5.0,train
O1CC(NC(=O)c2cc(cc(c2)C(=O)NCC\C=C\C1)C)C(O)C[NH2+]Cc1ccccc1,5.0,train
S1(=O)(=O)CC(Cc2cc(OC(C(F)(F)F)C(F)(F)F)c(N)c(F)c2)C(O)C([NH2+]CC2CC2OC(C)(C)C)C1,5.0,train
S1(=O)(=O)CC(Cc2cc(OC(C(F)(F)F)C(F)(F)F)c(N)c(F)c2)C(O)C([NH3+])C1,5.0,train
Fc1cc(cc(F)c1)CC(NC(=O)C)C(O)C[NH2+]C1(CCCCC1)c1ccccc1,5.0,train
O(C(=O)C=1[C@@H](C)C(C(=O)N[C@H]([C@H](O)C[NH2+]C2CC2)Cc2ccccc2)=C(N(CC(=O)N(C(C)C)C)C=1C)C)Cc1ccccc1,4.5497508,train
O1CCN(CC1)C(=O)CN1C(C)=C(C(=O)N[C@H]([C@H](O)C[NH2+]C2CC2)Cc2ccccc2)[C@H](C)C(C(OCc2ccccc2)=O)=C1C,4.5466819,train
O(C(C)C)C(=O)CN1C(C)=C(C(=O)C)[C@@H](C)C(C(=O)N[C@H]([C@H](O)C[NH2+]C2CC2)Cc2ccccc2)=C1C,4.533132599999999,train
O=C1N(C)C(=NC(=C1)CCc1ccc(cc1)-c1ccccc1)N,3.6989701,train
Clc1cc2nc(n(c2cc1)CCCC(=O)N(Cc1cc(F)ccc1)C)N,3.7121983,train
O=C1N(C)C(=NC(=C1)CCc1ccccc1)N,3.7670038,train
S1(=O)CC(Cc2cc(OC(COC)C(F)(F)F)c(N)c(F)c2)C(O)C([NH3+])C1,3.8239087999999994,train
Fc1cc(cc(F)c1)CC(NC(=O)C)C(O)C[NH2+]C1(CCCCC1)c1occ(n1)C(C)(C)C,3.8607507000000005,train
Clc1cc2CC(N=C(NC(Cc3ccccc3)c3ncccn3)c2cc1)(C)C,3.8629625,train
O=C1N(C)C(=NC(C1)(C)[C@H]1C[C@@H]1c1ccccc1)N,3.879426,train
O=C1N(C)C(=NC(=C1)C1CC1c1ccc(cc1)-c1ccc(cc1)C)N,3.9244529999999997,train
Brc1cc(ccc1O)CC1CS(=O)(=O)CC([NH3+])C1O,4.0,train
OC(C(NC(=O)c1c2cccnc2n(c1)C(=O)N(CCCC)C)Cc1ccccc1)C[NH2+]C1CC1,4.0,train
S(=O)(=O)(NCC(O)C(NC(=O)c1c2cccnc2n(c1)C(=O)N(CCCC)C)Cc1ccccc1)c1cc(OC)ccc1,4.0,train
S(=O)(=O)(N(C)c1cc(cc(c1)COCC([NH3+])(Cc1ccccc1)COC)C(=O)NC(C)c1ccc(F)cc1)C,4.0,train
S(=O)(=O)(CCC([NH3+])(Cc1ccccc1)CO)c1cc(cc(N(S(=O)(=O)C)C)c1)C(=O)NC(C)c1ccc(F)cc1,4.0,train
S1(=O)(=O)NCC2(N1c1cc(F)ccc1)CC([NH+](CC2)Cc1cc(OC)ccc1)C,4.0030508000000005,train
Clc1cc2nc(n(c2cc1)C(CC(=O)NCCC(C)(C)C)CC)N,4.0222764,train
O1C2COCCC2(N=C1N)c1cc(NC(=O)c2ncccc2)ccc1,3.6989701,train
Clc1cc2nc(n(c2cc1)C(CC(=O)NC(C(=O)[O-])COC(C)(C)C)CC)N,4.0604806,train
Brc1cc(ccc1)C12N=C(OC1CCCC2)N,3.6989701,train
s1cc(nc1N)C1(CCCC1)c1ccccc1,3.6635404,train
Brc1cc(ccc1)C1CC1C=1N=C(N)N(C)C(=O)C=1,2.9531147,train
Clc1cc2nc(n(c2cc1)C(CC(=O)NCc1ncccc1)CC)N,3.0,train
Clc1cc2nc(n(c2cc1)C(CC(=O)NCC1CCOCC1)CC)N,3.0,train
Clc1cc2nc(n(c2cc1)CCCC(=O)NCC[NH+]1CCOCC1)N,3.0824945,train
Clc1cc2nc(n(c2cc1)C(CC(=O)NC(C)C)CC)N,3.1580152999999997,train
[nH]1nnnc1C(NC1=NC(Cc2c1cccc2)(C)C)Cc1ccccc1,3.1947711,train
Clc1cc2nc(n(c2cc1)CCCC(=O)NCCC1CC[NH2+]C1)N,3.352617,train
Clc1cc2nc(n(c2cc1)C(CC(=O)NCC[NH+]1CCOCC1)CC)N,3.3565474,train
Clc1cc2nc(n(c2cc1)C(CC(=O)N(CC1CCCCC1)C)CC)N,3.4259686,train
Clc1cc2CC(N=C(NC(Cc3ccccc3)c3oc(nn3)C)c2cc1)(C)C,3.4689045,train
Clc1cc2nc(n(c2cc1)CCCC(=O)NC1CC[NH+](CC1)C)N,3.4881167,train
Clc1cc2nc(n(c2cc1)C(CC(=O)NCc1ccc(F)cc1)CC)N,3.5783961000000004,train
Clc1cc2nc(n(c2cc1)CCCC(=O)NCc1cc(F)ccc1)N,3.6038004999999997,train
Clc1cc2nc(n(c2cc1)C(CC(=O)NCC1CC1)CC)N,3.6143937000000004,train
Clc1cc2nc(n(c2cc1)C(CC(C)C)CC(=O)NCc1ncccc1)N,3.6289322,train
O=C1N(C)C(=N[C@](C1)(CCc1ccccc1)C)N,3.6989701,train
O(C)c1ccc(cc1)C1(N=C(N)CC1)c1cc(ccc1)-c1cncnc1,5.1023731,train
Clc1cc2CC(N=C(NC(Cc3ccccc3)c3nc4occc4cn3)c2cc1)(C)C,4.1325326,train
O=C1N(C)C(=NC(=C1)C1CC1c1ccc(cc1)-c1cc(NC(=O)C)ccc1)N,4.154902,train
O(CC1CC1)c1cc(ccc1)-c1ccc(cc1)C1CC1C=1N=C(N)N(C)C(=O)C=1,4.4672456,train
O1C2CCCCC2(N=C1N)c1cc(ccc1)-c1cc(ccc1)C#N,4.468521099999999,train
O(C(C)C)C(=O)CN1C(C)=C(C(=O)C)[C@@H](CCC)C(C(=O)N[C@H]([C@H](O)C[NH2+]C2CC2)Cc2ccccc2)=C1C,4.4801722,train
O(C(C)C)C(=O)CN1C=C(C(=O)N[C@H](C)c2ccccc2)[C@@H](C)C(=C1)C(=O)N[C@H]([C@H](O)C[NH2+]C1CC1)Cc1ccccc1,4.4841261,train
s1cc(nc1N)C(Cc1ccccc1)c1ccc(OC)cc1,4.4948502,train
O(C(=O)C1=CN(C=C(C(=O)N[C@H]([C@H](O)C[NH2+]C2CC2)Cc2ccccc2)[C@@H]1C)CC(OC(C)C)=O)C(C)(C)C,4.4962091,train
O(C)c1cc(NC[C@@H](O)[C@@H](NC(=O)C2=CN(C=C(C(=O)N[C@H](C)c3ccccc3)[C@H]2CCC)CC(OC(C)C)=O)Cc2ccccc2)ccc1,4.5058455,train
[NH+]=1[C@@](C=2N(CCCN=2)C=1N)(c1cc(ccc1)C(C)(C)C)c1ccccc1,4.5199928,train
Clc1ccc(nc1)C(=O)Nc1cc([C@@]2(N=C(N)C(=O)N(C2)C)C)c(F)cc1,4.522878599999999,train
Clc1ccc(nc1)C(=O)Nc1cc(ccc1)[C@@]1(N=C(N)C(=O)N(C1)C)C,4.522878599999999,train
Clc1ccc(nc1)C(=O)Nc1cc(ccc1)[C@@]1(N=C(N)CN(C)C1=O)C,4.522878599999999,train
s1c(nnc1C([NH3+])(Cc1ccccc1)C)-c1cc(cc(N(S(=O)(=O)C)C)c1)C(=O)NC(C)c1ccc(F)cc1,4.524328700000001,train
O(C(C)C)C(=O)CN1C=C(C(=O)N[C@H](C)c2ccccc2)[C@@H](CCC)C(=C1)C(=O)N[C@H]([C@H](O)C[NH2+]C1CC1)Cc1ccccc1,4.5287085,train
Brc1ccc(cc1)COC(=O)C1[NH2+]CC2(C1)c1c(NC2=O)cccc1,4.5301781,train
Fc1cc(NC[C@@H](O)[C@@H](NC(=O)C2=CN(CC(OC(C)C)=O)C(C)=C(C(=O)C)[C@H]2C)Cc2ccccc2)ccc1,4.533132599999999,train
O(C)c1cc(ccc1)C([NH2+]CC(O)C(NC(=O)c1cc(N2CCCC2=O)c2c(n(cc2)CC)c1)Cc1ccccc1)(C)C,4.4559321,train
S(=O)(=O)(N(C)c1cc(cc(OCCC([NH3+])(Cc2ccccc2)CO)c1)C(=O)NC(C)c1ccc(F)cc1)C,4.1518106,train
O1C2CCCCC2(N=C1N)c1cc(ccc1)-c1cncnc1,4.4522252,train
O(C)c1cc(ccc1)C[NH2+]CC(O)C(NC(=O)c1c2c(n(c1)CCCC)cccc2)Cc1ccccc1,4.4202166,train
Brc1cc(ccc1O)CC1CS(=O)(=O)CC([NH2+]Cc2ccccc2)C1O,4.180456200000001,train
O=C1N(C)C(=NC(=C1)C1CC1c1ccc(cc1)-c1cc(ccc1)C(=O)N)N,4.2225733,train
Clc1cc2nc(n(c2cc1)CCCC(=O)N(CC1CCCCC1)C)N,4.229147900000001,train
Clc1cc2nc(n(c2cc1)C(CC(C)C)CC(=O)NCc1cc(F)ccc1)N,4.2676063,train
O(C)c1nc(ccc1)-c1ccc(cc1)C1CC1C=1N=C(N)N(C)C(=O)C=1,4.2732730000000005,train
s1cc(cc1-c1ccc(cc1)C1CC1C=1N=C(N)N(C)C(=O)C=1)C,4.294992,train
S(=O)(=O)(Cc1ccccc1)c1cc(ccc1)C(=O)NC(Cc1ccccc1)C(O)C[NH2+]C(C(=O)NC1CCCCC1)C,4.3010302000000005,train
s1cc(cc1)-c1ccc(cc1)C1CC1C=1N=C(N)N(C)C(=O)C=1,4.3325472000000005,train
O1C2COCCC2(N=C1N)c1cc(ccc1)-c1cc(ccc1)C#N,4.3334817999999995,train
O(C)c1ccc(cc1C)[C@]1(N=C(N)N(C)C1=O)C12CC3CC(C1)CC(C2)C3,4.3467875,train
S(=O)(=O)(Cc1cc(ccc1)C(=O)NC(Cc1ccccc1)C(O)C[NH2+]C(C(=O)NC1CCCCC1)C)c1ccccc1,4.3565474,train
S(=O)(=O)(N(Cc1ccccc1)C)c1cc(ccc1)C(=O)NC(Cc1ccccc1)C(O)C[NH2+]C(C(=O)NC1CCCCC1)C,4.387216099999999,train
O=C1N(C)C(=NC(=C1)C1CC1c1ccc(cc1)-c1ccccc1C)N,4.4045038,train
O(C(=O)C=1[C@H](C)C(C(=O)N[C@H]([C@H](O)C[NH2+]C2CC2)Cc2ccccc2)=C(N(CC(=O)N(C)C)C=1C)C)Cc1ccccc1,4.4078231,train
O1C2CCCCC2(N=C1N)c1cc(ccc1)-c1cc(OC)ccc1,4.4202166,train
O1C2COCCC2(N=C1N)c1cc(ccc1)-c1cc(OC)ccc1,4.430625900000001,train
Fc1ncc(cc1)-c1cc2c(Oc3c(cc(OC)cc3)C23N=C(OC3)N)cc1,6.0457573,train
O=C1N(C)C(=NC1(C1CCCCC1)c1cc(NC(=O)CCOC)ccc1)N,5.1045775,train
s1cc(cc1)-c1cc(ccc1)C1CC1C1(N=C(N)N(C)C(=O)C1)C,5.124939,train
O1CC2(N=C1N)c1cc(ccc1Oc1c2cc(OC)cc1)-c1cc(ccc1)C,5.7772837,train
Clc1ccccc1-c1n(Cc2nc(N)ccc2)c(cc1)-c1ccc(OCCCC)cc1,5.782516,train
S1(=O)(=O)CC(Cc2ccccc2)C(O)C([NH2+]Cc2cc(ccc2)C(C)(C)C)C1,5.7904849,train
Fc1cc(cc(F)c1)CC(NC(=O)C(N1CCC(CCCC)C1=O)C)C(O)C1[NH2+]Cc2c(C1)cccc2,5.7958798,train
Fc1cc(cc(F)c1)CC(NC(=O)C)C(O)C[NH2+]C1(CCCCC1)c1cc(-n2ccnc2)ccc1,5.7958798,train
Clc1cc(F)c(cc1)-c1cc2c(Oc3c(cc(OC)cc3)C23N=C(OC3)N)cc1,5.8068752,train
Fc1cc(cc(F)c1)CC(NC(=O)C)C(O)C[NH2+]C1(CC1)c1cc(ccc1)C1OCCCC1,5.7695513,train
S1(=O)(=O)N(C2(CC([NH+](CC2)Cc2cc(OC(C)C)ccc2)C)CN1c1ncccn1)c1cc(F)ccc1,5.8239088,train
S1(=O)(=O)N(c2c3n(cc(c3c(cc2)C(=O)NC(C(O)CC(OC)COCc2ccc(OC)cc2)COc2cc(F)cc(F)c2)CC)CC1)C,5.8239088,train
FC1(F)c2c(cc(cc2)-c2cncnc2)C2(N=C(N)N(C)C2=O)CC1(C)C,5.8259400999999995,train
FC(F)(F)Oc1ccc(cc1)C1([NH+]=C(N2C1=NCCC2)N)c1cc(ccc1)CCC,5.844664099999999,train
FC(F)(F)Oc1ccc(cc1)[C@@]1(N=C(N)N(C)C1=O)c1ccccc1,5.847711599999999,train
Brc1cc(ccc1O)CC1CS(=O)(=O)CC([NH2+]Cc2cc(OC(C)C)ccc2)C1O,5.8538718,train
Fc1cc(cc(F)c1)CC(NC(=O)C)C(O)C[NH2+]C1(CCCCC1)c1cc(N2CCNC2=O)ccc1,5.8538718,train
O(C)c1cc(ccc1)C[NH2+]CC(O)C(NC(=O)c1c2c(n(c1)C(=O)N(CC)CC)cccc2)Cc1ccccc1,5.8239088,train
Clc1ccccc1-c1cc(ccc1)C[NH+]1CCC2(N(S(=O)(=O)NC2)c2cc(F)ccc2)CC1C,5.7695513,train
S1(=O)(=O)N(C2(CC([NH+](CC2)Cc2cc(OC(C)C)ccc2)C)CN1CC)c1cc(F)ccc1,5.7695513,train
S1(=O)(=O)N(C2(CC([NH+](CC2)Cc2cc(OC(C)C)ccc2)C)CN1c1occn1)c1cc(F)ccc1,5.7695513,train
S(=O)(=O)(N(C)c1cc(cc(c1)C(=O)NC(C(O)CC(OC)COCC=C)COc1cc(F)cc(F)c1)C(=O)NC(C)c1ccccc1)C,5.6925039,train
Clc1ccc(nc1)C(=O)Nc1cc(ccc1)C1(N=C(OC1)N)C,5.6946487,train
Fc1cc(cc(F)c1)CC(NC(=O)c1cc(cc(c1)C(=O)N(CCC)CCC)CC(OC)COC)C(O)C[NH2+]Cc1cc(OC)ccc1,5.6989697999999995,train
Clc1cc(cnc1)-c1cc2c(CC(CC23N=C(SC3)N)(C)C)cc1,5.7002749,train
Clc1cc(-c2cc(ccc2)C2(N=C(OC2)N)c2ccc(OC)cc2)c(F)cc1,5.7099652,train
Fc1ncccc1-c1cc2c(CC(CC23N=C(OC3)N)(C)C)cc1,5.7194219,train
S(=O)(=O)(N(C)c1cc2cc(c1)C(=O)NC(c1cc(COCC(NC2=O)C(O)CC(C(C)C)C(=O)NCC(C)C)ccc1)CCCOC)C,5.7212462,train
S(=O)(=O)(N(C)c1cc(cc(c1)C(=O)NC(C(O)CC(OC)COCC1CC1)COc1cc(F)cc(F)c1)C(=O)NC(C)c1ccccc1)C,5.730486900000001,train
Clc1cc2CC(N=C(NC(Cc3cscc3-c3ccncc3)C(=O)[O-])c2cc1)(C)C,5.7328281,train
S1(=O)(=O)CC(Cc2ccc(O)cc2)C(O)C([NH2+]Cc2cc(ccc2)C(C)C)C1,5.7447276,train
S(=O)(=O)(N(C)c1nc(N(CC2CC2C)C)cc(c1)C(=O)NC(C(O)CC(OC)COCc1ccc(OC)cc1)COc1cc(F)cc(F)c1)C,5.7447276,train
O1CC2(N=C1N)c1cc(ccc1Oc1c2cc(OC)cc1)-c1ccc(cc1)C,5.7495799000000005,train
O=C(NC(C)C)c1ccc(cc1)-c1n(Cc2nc(N)ccc2)c(cc1)-c1ccccc1,5.7495799000000005,train
s1cc(cc1C1([NH2+]CC(O)C(NC(=O)C)Cc2cc(F)cc(F)c2)CCCCC1)CC,5.759450900000001,train
O1c2c(cc(cc2)-c2ccccc2OC)C2(N=C(N)N(C)C2=O)CC1(C)C,5.7695513,train
O=C1N(CCCCCC)C(=NC1(C1CCCCC1)c1ccccc1)N,5.856985099999999,train
FC(F)(F)c1ccc(nc1)C(=O)Nc1cc(ccc1)C1(N=C(N)CN(C)C1=O)C,5.8601208,train
S(=O)(=O)(N(C)c1cc(cc(c1)COCC([NH3+])(Cc1ccccc1)CO)C(=O)NC(C)c1ccc(F)cc1)C,5.863279299999999,train
O(C)c1cc(ccc1)C(=O)Nc1cc(ccc1)C1(N=C(N)N(C)C1=O)C1CCCCC1,5.8664613,train
Fc1cc(cc(F)c1)CC(NC(=O)C)C(O)C[NH2+]C1(CCCCC1)c1cc(ccc1)-c1occc1,5.9586072,train
s1cc(nc1N)C(Cc1cc([N+](=O)[O-])ccc1OC)c1ccc(OC)cc1,5.9586072,train
O=C1N(C)C(=NC1(C1CCCCC1)C1CCCCC1)N,5.9665761,train
Clc1ccc(nc1)C(=O)Nc1cc(ccc1)C1(N=C(N)N(C)C1=O)C,5.9913998,train
Clc1cc(cc(Cl)c1NC(=O)C)CNC(=[NH2+])NC(=O)Cn1c2c(cccc2)cc1,5.995678400000001,train
S1CCC(=NC1(C)c1cc(ccc1)-c1cncnc1)N,6.0,train
Fc1cc(cc(F)c1)CC(NC(=O)C(N1CCC(CCCC)C1=O)CCc1ccccc1)C(O)C1[NH2+]Cc2c(C1)cccc2,6.0,train
Fc1cc(cc(F)c1)CC(NC(=O)C)C(O)C[NH2+]C1(CCCCC1)c1cc(N2CCCNC2=O)ccc1,6.0,train
S1(=O)(=O)CC(Cc2cc(CCO)c(O)cc2)C(O)C([NH2+]Cc2cc(ccc2)C(C)C)C1,6.004365,train
O=C1N(C)C(=NC1(C1CCCCC1)c1ccccc1)N,6.004365,train
Fc1cc(cc(F)c1)C[C@H](NC(=O)C)[C@H](O)C[NH2+]C1(CC1)c1cc(-n2nccc2)ccc1,6.0087738,train
Clc1ccccc1-c1n(Cc2nc(N)ccc2)c(cc1)-c1ccc(Nc2cncnc2)cc1,6.0087738,train
Clc1cc2c(OC3(CC2[NH2+]CC(O)C(NC(=O)C)Cc2ccccc2)CCC3)nc1,6.0190883,train
O=C1N(CCCCCC(=O)[O-])C(=NC1(C1CCCCC1)c1ccccc1)N,6.0222764,train
S(=O)(=O)(N(c1cc(ccc1C)C(=O)NC(Cc1ccccc1)C(O)C[NH2+]Cc1cc(ccc1)C(F)(F)F)c1ccccc1)C,6.031517,train
Fc1cc(cc(F)c1)CC(NC(=O)c1c2c(n(c1)C(OCCCC)=O)cccc2)C(O)C[NH2+]Cc1cc(OC)ccc1,5.9586072,train
Clc1cc(ccc1)-c1cc(ccc1)C1(N=C(OC1)N)c1ccc(OC)cc1,5.6861329000000005,train
S1(=O)(=O)CC(Cc2ccccc2)C(O)C([NH2+]Cc2cc(ccc2)C(C)C)C1,5.9586072,train
Fc1cc(cc(F)c1)CC(NC(=O)c1cc(ccc1)C(=O)N(CCC)CCC)C(O)C1[NH2+]Cc2c(C1)cccc2,5.9586072,train
O1CC2(N=C1N)CC(Cc1c2cc(cc1)-c1cncnc1)(C)C,5.8703103,train
Fc1cc(cc(F)c1)C[C@H](NC(=O)C)[C@H](O)C[NH2+]C1(CC1)c1cc(ccc1)C(C(F)(F)F)=C,5.8860564,train
Fc1cc(cc(F)c1)C[C@H](NC(=O)C)[C@H](O)C[NH2+]Cc1cc(ccc1)C(C)(C)C,5.8860564,train
Fc1cc(cc(F)c1)CC(NC(=O)C)C(O)C[NH2+]C1(CCCCC1)c1cc(N2CCOC2=O)ccc1,5.8860564,train
OC(C(NC(=O)c1cc(N(C(=O)C)c2ccccc2)ccc1)Cc1ccccc1)C[NH2+]C(C(=O)NC1CCCCC1)C,5.8860564,train
Fc1cc(cc(F)c1)CC(NC(=O)C)C(O)C[NH2+]C1(CCCN(C1)C(=O)C)c1cc(ccc1)C(C)(C)C,5.8860564,train
Clc1cc2CC(N=C(NC(Cc3cscc3-c3n[nH]cc3)C(=O)[O-])c2cc1)(C)C,5.8996296,train
S(=O)(=O)(N(C)c1cc(cc(c1)C(=O)NC)C(=O)NC(C(O)CC(C(=O)NC(C(C)C)C(=O)NCc1ccccc1)C)COCc1cc(F)cc(F)c1)C,5.8996296,train
FCCOc1ccc(cc1)[C@@]1(N=C(N)N(C)C1=O)c1ccccc1,5.9065785,train
O=C1N(Cc2ccccc2)C(=NC1(C1CCCCC1)c1ccccc1)N,5.9065785,train
S1(=O)(=O)N(C2(CC([NH+](CC2)Cc2cc(OCC)c(O)cc2)C)CN1C)c1cc(F)ccc1,5.920818799999999,train
O=C(NC1CC1)c1ccc(cc1)-c1n(Cc2nc(N)ccc2)c(cc1)-c1ccccc1,5.920818799999999,train
Clc1cccc(-c2cc3c(Oc4c(cc(OC)cc4)C34N=C(OC4)N)cc2)c1F,5.9318142,train
Clc1ccccc1-c1n(Cc2nc(N)ccc2)c(cc1)-c1ccc(OCCC)cc1,5.939302,train
S1(=O)(=O)N(C2(CC([NH+](CC2)Cc2cc3c([nH]nc3CC)cc2)C)CN1C)c1cc(F)ccc1,5.9586072,train
S1(=O)(=O)CC(Cc2cc(ccc2)COCCC)C(O)C([NH2+]Cc2cc(ccc2)C(C)C)C1,5.9586072,train
O=C1N(Cc2ccc(cc2)CNC(=O)NCCCC)C(NC1(CC1CCCCC1)CC1CCCCC1)=N,5.677780599999999,train
Fc1cc(cc(F)c1)CC(NC(=O)C)C(O)C[NH2+]C1(CCCCC1)c1cc(ccc1)CC(C)(C)C,5.677780599999999,train
O(C)c1ccc(cc1)C1(N=C(C(C)C)C(=N1)N)c1cc(ccc1)-c1cncnc1,5.677780599999999,train
O1c2ncccc2C([NH2+]CC(O)C(NC(=O)C)Cc2ccccc2)CC12CCC2,5.2773662,train
n1c(cccc1N)Cn1c(ccc1-c1ccccc1)-c1ccccc1,5.283996599999999,train
FC(F)(F)Oc1ccc(cc1)-c1cc2c(Oc3c(cc(OC)cc3)C23N=C(OC3)N)cc1,5.2958492999999995,train
O1CC(NC(=O)c2cc(cc(c2)C(=O)N[C@@H](C\C=C\C1)c1ccccc1)C)C(O)C[NH2+]Cc1cc(ccc1)C(C)C,5.309804,train
Fc1cc(cc(F)c1)CC(NC(=O)C)C(O)C[NH2+]C1(CC1)c1oc(cn1)C(C)(C)C,5.309804,train
Fc1cc(cc(F)c1)CC(NC(=O)C)C(O)C[NH2+]C1(CC[NH2+]CC1)c1cc(ccc1)C(C)(C)C,5.3279023,train
O=C(N[C@@H](Cc1ccccc1)C(=O)N[C@H]([C@@H](O)C[C@H](C(=O)NCC(C)C)C)CC(C)C)c1c2c(ccc1)cccc2,5.3306832,train
Fc1cc(cc(F)c1)CC(NC(=O)C)C(O)C[NH2+]C1(CCCCC1)c1onc(c1)C(C)(C)C,5.3509574,train
O(C)c1cc(ccc1)-c1cc(ccc1)CCC=1N=C(N)N(C)C(=O)C=1,5.3767509,train
Clc1ccc(nc1)C(=O)Nc1cc2c(CCC23N=C(SC3)N)cc1,5.3979402,train
S1(=O)(=O)N(C2(CC([NH+](CC2)Cc2cc(OC(C)C)ccc2)C)CN1c1ccncc1)c1cc(F)ccc1,5.3979402,train
O=C(N1CCC(CC1)c1ccccc1)C1C[NH2+]CC12CCCc1c2cccc1,5.3979402,train
Fc1cc(cc(F)c1)CC(NC(=O)C)C(O)C[NH2+]C1(CC1)c1cc(ccc1)C1OCCOC1,5.3979402,train
S(CCC(NC(=O)C(NC(=O)C)C)C(=O)NC(C(O)CC(C(=O)NCCCC)C)CC(C)C)C,5.3979402,train
O1CC2(N=C1N)c1cc(ccc1Oc1c2cc(OC)cc1)-c1ccncc1,5.4089355,train
[NH+]=1[C@@](C=2N(CCCN=2)C=1N)(c1cc(ccc1)Cc1ccccc1)c1ccccc1,5.2757239,train
Fc1ccc(F)cc1-c1cc(ccc1)[C@@]1(N=C(N)N(C)C1=O)c1ccncc1,5.419075,train
O=C1N(CCC1)c1cc(ccc1)C(=O)NC(Cc1ccccc1)C(O)C[NH2+]C(C(=O)NC1CCCCC1)C,5.2757239,train
O=C([O-])C(NC1=NC(Cc2c1ccc(c2)C)(C)C)Cc1ccccc1,5.2668028,train
O(C)c1ccccc1-c1cc(ccc1)C1CC1C1(N=C(N)N(C)C(=O)C1)C,5.124939,train
Clc1cc2CC(N=C(NC(Cc3ccccc3)C=3NC(=O)c4c(N=3)cccc4)c2cc1)(C)C,5.1408615,train
O1c2c(cc(cc2)-c2ccc(OC)cc2)C2(N=C(N)N(C)C2=O)CC1(C)C,5.1428485,train
O1CC2(N=C1N)c1cc(ccc1Oc1c2cc(OC)cc1)-c1ccccc1C,5.1536627,train
Brc1ccc(cc1C(C)(C)C)C1([NH2+]CC(O)C(NC(=O)C)Cc2cc(F)cc(F)c2)CCCCC1,5.161150900000001,train
O(C)c1ccccc1C[NH2+]CC(O)C(NC(=O)c1c2cccnc2n(c1)C(=O)N(CCCC)C)Cc1ccccc1,5.1870866,train
S(=O)(=O)(N(C)c1cc(cc(c1)C(=O)NC(C(O)CC(OC)COc1ccccc1)COc1cc(F)cc(F)c1)C(=O)NC(C)c1ccccc1)C,5.1870866,train
Clc1cc(ccc1)-c1cc(ccc1)C1(OCCC(=N1)N)C,5.2006593,train
OC(C(NC(=O)c1cc(Nc2ccccc2)ccc1)Cc1ccccc1)C[NH2+]C(C(=O)NC1CCCCC1)C,5.2006593,train
O1c2c(cc(cc2)-c2ccncc2)C2(N=C(N)N(C)C2=O)CC1(C)C,5.202732599999999,train
S1(=O)(=O)CC(Cc2cc(Cc3cc(ccc3)C)c(O)cc2)C(O)C([NH2+]Cc2cc(ccc2)C(C)C)C1,5.2076082,train
S1(=O)(=O)N(C2(CC([NH+](CC2)Cc2cc3c([nH]cc3)cc2)C)CN1C)c1cc(F)ccc1,5.2146702000000005,train
S(=O)(=O)(N(C)c1cc(cc(c1)CNC(=O)C([NH3+])(Cc1ccccc1)C)C(=O)NC(C)c1ccc(F)cc1)C,5.2426038,train
O(C)c1ccc([N+](=O)[O-])cc1CC(c1ccc(OC)cc1)c1nc([nH]c1)N,5.2441254,train
S(=O)(=O)(Nc1cc(ccc1)C(=O)NC(Cc1ccccc1)C(O)C[NH2+]C(C(=O)NC1CCCCC1)C)Cc1ccccc1,5.2596374,train
S(=O)(=O)(N(C)c1cc2cc(c1)C(=O)NCCCCCOCC(NC2=O)C(O)C[NH2+]Cc1ccccc1)C,5.2757239,train
Fc1cc(cc(F)c1)CC(NC(=O)C)C(O)C[NH2+]C1(CCCCC1)c1cc(-n2nccn2)ccc1,5.1135092,train
O(C)c1cc(ccc1OC)C(=O)N[C@@H](Cc1ccc([N+](=O)[O-])cc1)C(=O)N[C@H]([C@@H](O)C[C@H](C(=O)NCC(C)C)C)CC(C)C,5.419075,train
S(=O)(=O)(N(c1ccccc1)c1nc(ccc1)C(=O)NC(Cc1ccccc1)C(O)C[NH2+]Cc1cc(ccc1)C(F)(F)F)C,5.4400935,train
Clc1cc2CC(N=C(NC(Cc3ccccc3)C(=O)[O-])c2cc1)(C)C,5.5466819,train
Brc1cc(ccc1OC)CC1CS(=O)(=O)CC([NH2+]Cc2cc(ccc2)C(C)C)C1O,5.5528420999999994,train
FC(F)(F)Oc1cc(ccc1)-c1cc2c(Oc3c(cc(OC)cc3)C23N=C(OC3)N)cc1,5.559091099999999,train
OC(C(NC(=O)C1CC(CCC1)C1(NC(=O)C)CCCC1)Cc1ccccc1)CC(C(=O)NCCCC)C,5.5686364,train
O=C(N[C@@H](Cc1ccc([N+](=O)[O-])cc1)C(=O)N[C@H]([C@@H](O)C[C@H](C(=O)NCC(C)C)C)CC(C)C)c1ccc([N+](=O)[O-])cc1,5.5783958,train
n1cc(cnc1)-c1cc(ccc1)C1(N=C(C)C(=N1)N)Cc1ccccc1,5.5850267,train
Brc1cc(ccc1)[C@]1([NH+]=C(N2C1=NCCC2)N)c1ccc(OC(F)(F)F)cc1,5.5850267,train
Clc1cc(ccc1)C1(N=C(N)N(C)C1=O)c1ccccc1,5.6020598,train
Fc1cc(cc(F)c1)CC(NC(=O)C)C(O)C[NH2+]C1(CCCCC1)c1ncnc(c1)C(C)(C)C,5.614393700000001,train
Fc1cc(cc(F)c1)CC(NC(=O)C)C(O)C[NH2+]C1(CC1)c1cc(N2C3CC(OC3)C2)ccc1,5.6197886,train
O(C(C)(C)C)C(=O)N[C@@H](CC(C)C)C(=O)N[C@@H](Cc1ccccc1)C(=O)N[C@H]([C@@H](O)C[C@H](C(=O)NCC(C)C)C)CC(C)C,5.6363878,train
S1(=O)(=O)N(C2(CC([NH+](CC2)Cc2cc(OC(C)C)ccc2)C)CN1C(C)C)c1cc(F)ccc1,5.6382723,train
S1(=O)(=O)CC(Cc2cc(OCCC)ccc2)C(O)C([NH2+]Cc2cc(ccc2)C(C)C)C1,5.6382723,train
Clc1ccc(cc1)C1(N=C(N)N(C)C1=O)c1ccccc1,5.6478176,train
s1ccnc1N1S(=O)(=O)N(C2(CC([NH+](CC2)Cc2cc(OC(C)C)ccc2)C)C1)c1cc(F)ccc1,5.6575775,train
O=C1N(C)C(=N[C@]1(C1CCCCC1)c1cc(NC(=O)CCC)ccc1)N,5.545155,train
S(=O)(=O)(N(C)c1cc2cc(c1)C(=O)NC(COCc1cc(ccc1)C(NC2=O)c1ccccc1)C(O)CC(C(C)C)C(=O)NCC(C)C)C,5.4317985,train
O1c2c(cc(cc2)-c2cc(OC(C)C)ccc2)C2(N=C(N)N(C)C2=O)CC1(C)C,5.5430269,train
O=C(NCCCC)c1ccc(cc1)-c1n(Cc2nc(N)ccc2)c(cc1)-c1ccccc1,5.522878599999999,train
S(=O)(=O)(N(C)c1cc(cc(c1)C(=O)NC(C(O)CC(C(=O)NC(C(C)C)C(=O)NCc1ccc(F)cc1)C)COCc1cc(F)cc(F)c1)C(=O)NC(C)c1ccccc1)C,5.4436975,train
O(C)c1cc(ccc1)C1(N=C(N)N(C)C1=O)c1ccccc1,5.4596705000000005,train
O=C(NC1CCC1)c1ccc(cc1)-c1n(Cc2nc(N)ccc2)c(cc1)-c1ccccc1,5.468521099999999,train
Brc1cc(ccc1)C1(N=C(N2C1=NCC(F)(F)C2)N)c1ccc(OC)cc1,5.4699998,train
Clc1cc2CC(N=C(NC(Cc3ccccc3)C=3NC(=O)NN=3)c2cc1)(C)C,5.472370099999999,train
O(C)c1cc(ccc1)-c1cc(ccc1)C1CC1C1(N=C(N)N(C)C(=O)C1)C,5.4814858,train
Clc1ccc(nc1)C(=O)Nc1cc(ccc1)C12N=C(OC1COCC2)N,5.4814858,train
O1CC(N=C(N)C1)(C)c1cc(ccc1)-c1cc(OC)ccc1,5.4948502,train
S1(=O)(=O)N(C2(CC([NH+](CC2)Cc2cc(OC(C)C)ccc2)C)CN1c1cccnc1)c1cc(F)ccc1,5.508638400000001,train
S(=O)(=O)(N(C)c1cc2cc(c1)C(=O)NC(COCc1cc(ccc1)C(NC2=O)c1ccc(OC)cc1)C(O)CC(C(C)C)C(=O)NCC(C)C)C,5.508638400000001,train
S(=O)(=O)(n1cc(c2c1cccc2)C(=O)NC(Cc1ccccc1)C(O)C[NH2+]Cc1cc(OC)ccc1)CCCC,5.508638400000001,train
O(C)c1ccc(cc1)C1(N=C(N)N(C)C1=O)c1ccccc1,5.508638400000001,train
s1cc(nc1CC(C)(C)C)C1([NH2+]CC(O)C(NC(=O)C)Cc2cc(F)cc(F)c2)CC1,5.5157003,train
O1CCC(CC1)C1(N=C(C)C(=N1)N)c1cc(ccc1)-c1cc(OC)ccc1,5.522878599999999,train
s1cc(cc1C(=O)CC)[C@]1(N=C(N)N(C)C1=O)c1cc(ccc1)-c1cccnc1F,5.522878599999999,train
Clc1cc2CC(N=C(NC(Cc3ccsc3)C(=O)[O-])c2cc1)(C)C,5.5376019,train
Clc1ccccc1-c1n(Cc2nc(N)c(OCCO)cc2)c(cc1)-c1ccc(OCCCCC)cc1,6.9586072,train
S1(Oc2cc(cc3c2n(cc3CC)CC1)C(=O)NC([C@H](O)C[NH2+]CC1CCOCC1)Cc1ccccc1)(=O)=O,7.0655017,train
FC1(F)COC(=NC1(C)c1cc(NC(=O)c2ncc(OCC(F)(F)F)cc2)ccc1F)N,6.9665761,train
Fc1cc(cc(F)c1)CC(NC(=O)C(N1CCC(NC(=O)C)(C(CC)C)C1=O)CCc1ccccc1)C(O)C[NH2+]Cc1cc(OC)ccc1,8.2146702,train
Fc1c2c(ccc1)C(N=C2N)(C=1C=C(C)C(=O)N(C=1)C)c1cc(ccc1)C#CC1CC1,8.2160969,train
S1(=O)(=O)CC(Cc2cc(OC(C(F)(F)F)C(F)(F)F)c(N)c(F)c2)C(O)C([NH2+]Cc2cc3c(COC3(C)C)cc2)C1,8.2218485,train
S1(=O)(=O)CC(Cc2cc(OCC(F)(F)F)c(N)c(F)c2)C(O)C([NH2+]Cc2cc(ccc2)C(C)(C)C)C1,8.2218485,train
S1(=O)(=O)CC(Cc2cc(OCC(F)F)c(N)c(F)c2)C(O)C([NH2+]Cc2cc(ccc2)C(C)(C)C)C1,8.2218485,train
S(=O)(=O)(N(c1cc(cc(N2CCCC2=O)c1)C(=O)NC(Cc1ccccc1)C(O)C[NH2+]Cc1cc(ccc1)C(F)(F)F)c1ccccc1)C,8.2218485,train
S(=O)(=O)(N(c1cc(cc(c1)/C(=N\OCCC)/C)C(=O)NC([C@@H](O)C[NH2+]Cc1cc(OC)ccc1)Cc1cc(F)cc(F)c1)c1ccccc1)C,8.2218485,train
O1c2c(cc(cc2)CC)C([NH2+]CC(O)C2NC(=O)C=3C=C(c4ncccc4)C(=O)N(CCCCc4cc(C2)ccc4)C=3)CC12CCC2,8.229147900000001,train
O1c2ncc(cc2C([NH2+]CC(O)C(NC(=O)C)Cc2ccccc2)CC12CCC2)CC(C)(C)C,8.2365723,train
s1ccnc1-c1cc(ccc1)CC(NC(=O)COCC)C(O)C[NH2+]C1CC2(Oc3ncc(cc13)CC(C)(C)C)CCC2,8.2441254,train
s1cc(nc1-c1cc(ccc1)CC(NC(=O)COC)C(O)C[NH2+]C1CC2(Oc3ncc(cc13)CC(C)(C)C)CCC2)C,8.2441254,train
Fc1cc(cc(F)c1)CC(NC(=O)C(N1CCC(CC(C)C)C1=O)CCc1ccccc1)C(O)C1[NH2+]CC(OCCC)C1,8.2441254,train
O1c2ncc(cc2C([NH2+]CC(O)C(NC(=O)COC)Cc2cc3OCOc3cc2)CC12CCC2)CC(C)(C)C,8.2676058,train
s1cncc1-c1cc(ccc1)CC(NC(=O)COC)C(O)C[NH2+]C1CC2(Oc3ncc(cc13)CC(C)(C)C)CCC2,8.2839966,train
Fc1cc(cc(F)c1)CC(NC(=O)C(N1CCC(C(O)CCC)C1=O)CCc1ccccc1)C(O)C[NH2+]Cc1cc(OC)ccc1,8.2839966,train
s1ccnc1-c1cc(ccc1F)CC(NC(=O)COC)C(O)C[NH2+]C1CC2(Oc3ncc(cc13)CC(C)(C)C)CCC2,8.2146702,train
s1ccnc1-c1cc(ccc1)CC(NC(=O)C1OCCC1)C(O)C[NH2+]C1CC2(Oc3ncc(cc13)CC(C)(C)C)CCC2,8.2006598,train
Fc1cc(F)ccc1CC(NC(=O)C)C(O)C[NH2+]C1CC2(Oc3ncc(cc13)CC(C)(C)C)CCC2,8.1870871,train
Fc1cc(cc(F)c1)CC(NC(=O)C)C(O)C[NH2+]C1CC2(Oc3ncc(cc13)CC(C)(C)C)CCC2,8.1611509,train
Fc1c2c(ccc1)C(N=C2N)(C=1C=C(C)C(=O)N(C=1)CC)c1cc(ccc1)-c1cc(cnc1)C#N,8.0830202,train
S1(=O)CC(Cc2cc(OCC(F)(F)F)c(N)c(F)c2)C(O)C([NH2+]Cc2cc(ccc2)C(C)(C)C)C1,8.0969095,train
Clc1cc2CC(N=C(NC(Cc3c(csc3CCC)-c3cn[nH]c3)C(=O)[O-])c2cc1)(C)C,8.0969095,train
O=C1N(C)C(=NC1(c1cc(ccc1)-c1cncnc1)c1cn(nc1)CCCC)N,8.0969095,train
S1(=O)(=O)CC(Cc2cc(CC)c(NC(=O)C)c(F)c2)C(O)C([NH2+]Cc2cc(ccc2)C(C)(C)C)C1,8.0969105,train
S(=O)(=O)(N(c1cc(ccc1)C(=O)NC(Cc1ccccc1)C(O)C[NH2+]C(C(=O)NC1CCCCC1)C)c1cc(ccc1)C#N)C,8.0969105,train
S1(=O)(=O)N(c2cc(cc3c2n(cc3CC)C1)C(=O)NC(Cc1ccccc1)C(O)C[NH2+]Cc1cc(OC)ccc1)C,8.0969105,train
S(=O)(=O)(N(c1cc(cc(c1)C(=O)NC(Cc1ccccc1)C(O)C[NH2+]Cc1cc(ccc1)C(F)(F)F)C(C)C)c1ccccc1)C,8.3010302,train
S1(=O)(=O)N(c2cc(cc3n(cc(CC1)c23)CC)C(=O)N[C@H]([C@H](O)C[NH2+]CCC)Cc1ccccc1)C,8.0969105,train
s1ccnc1-c1cc(ccc1)CC(NC(=O)[C@@H](OC)C)C(O)C[NH2+]C1CC2(Oc3ncc(cc13)CC(C)(C)C)CCC2,8.1426678,train
S1(=O)CC(Cc2cc(OC(CO)C(F)(F)F)c(N)c(F)c2)C(O)C([NH2+]Cc2cc(ccc2)C(C)(C)C)C1,8.1549015,train
S1(=O)(=O)CC(Cc2cc(OC(C(F)(F)F)C(F)(F)F)c(N)c(F)c2)C(O)C([NH2+]Cc2noc(c2)CC(C)(C)C)C1,8.1549015,train
S(=O)(=O)(N(C)c1cc(cc(c1)C(=O)NC(C)c1ccc(F)cc1)-c1oc(cn1)C([NH3+])(Cc1ccccc1)C)C,8.1549015,train
S1(=O)(=O)N(c2cc(cc3c2n(cc3CC)CC1)C(=O)NC(Cc1ccccc1)C(O)C[NH2+]C1CCCCC1)CC,8.1549015,train
S1(=O)(=O)N(c2cc(cc3c2n(cc3CC)CC1)C(=O)NC(Cc1ccccc1)C(O)C[NH2+]CCC(F)(F)F)C,8.1549015,train
s1cc(nc1)-c1cc(ccc1)CC(NC(=O)COC)C(O)C[NH2+]C1CC2(Oc3ncc(cc13)CC(C)(C)C)CCC2,8.1611509,train
S(=O)(=O)(N(C)c1cc2cc(c1)C(=O)NC(COC\C=C/CCN(C)C2=O)C(O)C[NH2+]Cc1cc(ccc1)C(C)C)C,8.124939,train
Fc1cc(cc(F)c1)CC(NC(=O)C)C(O)C[NH2+]C1(CC\C(=N\O)\CC1)c1cc(ccc1)C(C)(C)C,8.0555172,train
S1(=O)(=O)N(c2cc(cc3c2n(cc3CC)CC1)C(=O)N[C@H]([C@H](O)C[NH2+]C1CCOCC1)Cc1ccccc1)CC,8.3010302,train
S1(=O)(=O)N(c2cc(cc3n(cc(CC1)c23)CC)C(=O)NC(Cc1ccccc1)C(O)C[NH2+]C1CCOCC1)C,8.3010302,train
Fc1cc(cc(F)c1)CC(NC(=O)C(N1CCC(NC(=O)C)(C(CC)C)C1=O)CCc1ccccc1)C(O)C1[NH2+]CC(OCc2cc(ccc2)C(F)(F)F)C1,8.5686359,train
Fc1cc(cc(F)c1)CC(NC(=O)C(N1CCC(NC(=O)C)(C(CC)C)C1=O)CCc1ccccc1)C(O)C1[NH2+]CC(Oc2ncccc2)C1,8.585026699999998,train
Fc1cc(cc(F)c1)CC(NC(=O)C(N1CCC(NC(=O)C)(C(CC)C)C1=O)CCc1ccccc1)C(O)C1[NH2+]CC(Oc2ccccc2)C1,8.585026699999998,train
O=C(NCC1CCCCC1)C(Cc1cc2cc(ccc2nc1N)-c1ccccc1C)C,8.6020603,train
Fc1c2c(ccc1)C(N=C2N)(C=1C=C(C)C(=O)N(C=1)CC)c1cc(NC(=O)c2ncccc2)ccc1,8.6038008,train
FC(F)(F)c1cc(ccc1)CC(NC(=O)C)C(O)C[NH2+]C1CC2(Oc3ncc(cc13)CC(C)(C)C)CCC2,8.6197891,train
Fc1ccc(cc1OC(F)(F)F)CC(NC(=O)C)C(O)C[NH2+]C1CC2(Oc3ncc(cc13)CC(C)(C)C)CCC2,8.6777811,train
S1(=O)(=O)CC(Cc2cc(OC(C(F)(F)F)C(F)(F)F)c(N)c(F)c2)C(O)C([NH2+]Cc2cc(ccc2)C(O)(C)C)C1,8.6989698,train
S1(=O)(=O)CC(Cc2cc(O[C@H](COC)C(F)(F)F)c(N)c(F)c2)C(O)C([NH2+]Cc2cc(ccc2)C(C)(C)C)C1,8.6989698,train
S(=O)(=O)(N(C)c1cc2cc(NCCCCOc3cc(CC(NC2=O)C(O)C[NH2+]C2(CC2)c2cc(ccc2)C(C)C)ccc3)c1)CCC,8.6989698,train
Fc1cc(cc(F)c1)CC(NC(=O)c1cc(cc(c1)C(=O)N(CCC)CCC)C(O)C)C(O)C[NH2+]Cc1cc(OC)ccc1,8.6989698,train
Fc1cc(cc(c1)C#C)CC(NC(=O)COC)C(O)C[NH2+]C1CC2(Oc3ncc(cc13)CC(C)(C)C)CCC2,8.721246699999998,train
s1ccnc1-c1cc(cc(F)c1)CC(NC(=O)COC)C(O)C[NH2+]C1CC2(Oc3ncc(cc13)CC(C)(C)C)CCC2,8.721246699999998,train
S(=O)(=O)(N(C)c1cc2cc(NCCCCOc3cc(CC(NC2=O)C(O)C[NH2+]Cc2cc(ccc2)C(C)C)ccc3)c1)CCC,9.0,train
Fc1cc(ccc1C)CC(NC(=O)C)C(O)C[NH2+]C1CC2(Oc3ncc(cc13)CC(C)(C)C)CCC2,9.004365,train
O1c2ncc(cc2C([NH2+]CC(O)C2NC(=O)C=3C=CC(=O)N(CCCc4cc(C2)ccc4)C=3)CC12CCC2)CC(C)(C)C,8.5686359,train
Fc1ccc(cc1CC(NC(=O)COC)C(O)C[NH2+]C1CC2(Oc3ncc(cc13)CC(C)(C)C)CCC2)C#C,8.5376024,train
Fc1cc(cc(F)c1)CC(NC(=O)c1cc(cc(c1)/C(=N\O)/C)C(=O)N(CCC)CCC)C(O)C[NH2+]Cc1cc(OC)ccc1,8.522878599999999,train
Fc1cc(cc(F)c1)CC(NC(=O)C(N1CCC(NC(=O)C)(C(CC)C)C1=O)CCc1ccccc1)C(O)C1[NH2+]CC(OCc2cc(ccc2)C#N)C1,8.522878599999999,train
Fc1ccc(cc1OC)CC(NC(=O)C)C(O)C[NH2+]C1CC2(Oc3ncc(cc13)CC(C)(C)C)CCC2,8.3467875,train
Fc1cc(cc(F)c1)CC(NC(=O)C(N1CCC(NC(=O)C)(C(CC)C)C1=O)CCc1ccccc1)C(O)C1[NH2+]Cc2c(C1)cccc2OC,8.376750900000001,train
s1ccnc1-c1cc(ccc1)CC(NC(=O)COC)C(O)C[NH2+]C1CC2(Oc3ncc(cc13)CC(C)(C)C)CCC2,8.3872166,train
S1(=O)(=O)CC(Cc2cc(O[C@H](COCCOC)C(F)(F)F)c(N)c(F)c2)C(O)C([NH2+]Cc2cc(ccc2)C(C)(C)C)C1,8.3979397,train
S(=O)(=O)(N(c1cc(cc(c1)C(=O)NC(Cc1ccccc1)C(O)C[NH2+]Cc1cc(ccc1)C(F)(F)F)C1CCCC1)c1ccccc1)C,8.3979397,train
Fc1cc(cc(F)c1)CC(NC(=O)c1cc(cc(c1)C(=O)N(CCC)CCC)C(=O)C)C(O)C[NH2+]Cc1cc(OC)ccc1,8.3979397,train
Fc1ccc(cc1C)CC(NC(=O)C)C(O)C[NH2+]C1CC2(Oc3ncc(cc13)CC(C)(C)C)CCC2,8.3979397,train
S1(=O)(=O)N(c2cc(cc3c2n(cc3CC)CC1)C(=O)NC(Cc1ccccc1)C(O)C[NH2+]C(CCCC(C)C)(C)C)C,8.3010302,train
s1ccnc1-c1cc(ccc1)CC(NC(=O)C)C(O)C[NH2+]C1CC2(Oc3ncc(cc13)CC(C)(C)C)CCC2,8.431797999999999,train
S(=O)(=O)(N(C)c1cc(cc(c1)C(=O)NC(C(O)CC(C(=O)NC(C(C)C)C(=O)NCc1ccccc1)C)COCc1ccccc1)C(=O)NC(C)c1ccccc1)C,8.4436979,train
Fc1cc(ccc1OC)CC(NC(=O)C)C(O)C[NH2+]C1CC2(Oc3ncc(cc13)CC(C)(C)C)CCC2,8.4436979,train
Fc1ccccc1CC(NC(=O)C)C(O)C[NH2+]C1CC2(Oc3ncc(cc13)CC(C)(C)C)CCC2,8.4436979,train
O1c2ncc(cc2C([NH2+]CC(O)C(NC(=O)COC)Cc2cc(ccc2)C#C)CC12CCC2)CC(C)(C)C,8.4685211,train
s1ccnc1-c1cc(ccc1)CC(NC(=O)C(O)C)C(O)C[NH2+]C1CC2(Oc3ncc(cc13)CC(C)(C)C)CCC2,8.4948502,train
S(=O)(=O)(N(C)c1cc(cc(c1)C(=O)NC(C(O)CC(C(=O)NC(C(C)C)C(=O)NCc1ccccc1)C)COc1cc(F)cc(F)c1)C(=O)NC(C)c1ccccc1)C,8.5086384,train
S1(=O)(=O)CC(Cc2cc(O[C@@H](C(F)(F)F)C)c(N)c(F)c2)C(O)C([NH2+]Cc2cc(ccc2)C(C)(C)C)C1,8.522878599999999,train
Fc1ccc(cc1C#C)CC(NC(=O)COC)C(O)C[NH2+]C1CC2(Oc3ncc(cc13)CC(C)(C)C)CCC2,8.431797999999999,train
Fc1cc(cc(F)c1)CC(NC(=O)C(N1CCC(NC(=O)C)(C(CC)C)C1=O)CCc1ccccc1)C(O)C1[NH2+]CC(O)C1,9.0506096,train
S(=O)(=O)(N(C)c1cc(cc(c1)/C(=N\OCc1ccccc1)/C)C(=O)N[C@H]([C@@H](O)C[NH2+]Cc1cc(OC)ccc1)Cc1cc(F)cc(F)c1)C,8.0457573,train
S1(=O)(=O)N(c2cc(cc3c2n(cc3CC)CC1)C(=O)NC(Cc1ccccc1)C(O)C[NH2+]C1CCCCC1)C,8.0457573,train
S(=O)(=O)(N(C)c1cc2cc(c1)C(=O)NCC\C=C\COCC(NC2=O)C(O)C[NH2+]Cc1cc(ccc1)C(C)(C)C)C,7.823908800000001,train
O1c2ncc(cc2C([NH2+]CC(O)C(NC(=O)COC)Cc2cc(ccc2)C#CC)CC12CCC2)CC(C)(C)C,7.823908800000001,train
s1cc(cc1C(=O)CC)C1(N=C(N)N(C)C1=O)c1cc(ccc1)-c1cncnc1,7.823908800000001,train
S(=O)(=O)(N(c1ccccc1)c1nccc(c1)C(=O)NC(Cc1ccccc1)C(O)C[NH2+]Cc1cc(ccc1)C(F)(F)F)C,7.823908800000001,train
S1(=O)(=O)N(c2cc(cc3c2n(cc3CC)CC1)C(=O)NC(Cc1ccccc1)C(O)C[NH2+]C)C,7.823908800000001,train
S1(=O)(=O)N(c2cc(cc3c2n(cc3CC)CC1)C(=O)NC(Cc1ccccc1)C(O)C[NH2+]C1CCOCC1)C,7.823908800000001,train
S(=O)(=O)(N(C)c1cc2cc(c1)C(=O)NCC\C=C\COCC(NC2=O)C(O)C[NH2+]Cc1cc(ccc1)C(C)C)C,7.853871799999999,train
S(=O)(=O)(CC)c1cc(cc(N(S(=O)(=O)C)c2ccccc2)c1)C(=O)NC(Cc1ccccc1)C(O)C[NH2+]Cc1cc(ccc1)C(F)(F)F,7.853871799999999,train
S1(=O)(=O)Nc2cc(cc3c2n(cc3CC)CC1)C(=O)NC([C@H](O)C[NH2+]Cc1cc(OC)ccc1)Cc1ccccc1,7.853871799999999,train
FC(F)(F)Oc1ccc(cc1)CC(NC(=O)C)C(O)C[NH2+]C1CC2(Oc3ncc(cc13)CC(C)(C)C)CCC2,7.853871799999999,train
FC1(F)CN2C(=NC1)C(N=C2N)(c1cc(ccc1)-c1cc(OC)cnc1)c1ccc(OC(F)F)cc1,7.860000099999999,train
S1(=O)CC(Cc2cc(OC(COC)C(F)(F)F)c(N)c(F)c2)C(O)C([NH2+]Cc2cc(ccc2)C(O)(C)C)C1,7.8860564,train
FC(F)(F)c1cc(ccc1)C[NH2+]CC(O)C(NC(=O)c1cc(N2CCCC2=O)c(OC)c(NCC)c1)Cc1ccccc1,6.9586072,train
Fc1cc(cc(F)c1)CC(NC(=O)c1c2cc(F)ccc2n(c1)C(=O)N(CCCC)C)C(O)C[NH2+]Cc1cc(OC)ccc1,7.8860564,train
Fc1ccc(cc1C#CCOC)[C@]1(N=C(N)N(C)C1=O)c1cc(C)c(OC(F)F)cc1,7.8860564,train
Fc1c2c(ccc1)C(N=C2N)(C=1C=C(C)C(=O)N(C=1)CC)c1cc(ccc1)-c1cncnc1,7.8096681,train
Fc1cc(cc(F)c1)CC(NC(=O)c1cc(cc(c1)C(=O)N(CCC)CCC)CC(O)C)C(O)C[NH2+]Cc1cc(OC)ccc1,7.7958798,train
O=C(NCC1CCCCC1)C(Cc1cc2cc(ccc2nc1N)-c1ccccc1C)CC,7.7958798,train
O=C(NCCC(C)(C)C)C(Cc1cc2cc(ccc2nc1N)-c1ncccc1C)C,7.7958798,train
S1(=O)(=O)N(c2c(CCC1)c(NCC)cc(c2)C(=O)NC(Cc1ccccc1)C(O)C[NH2+]Cc1cc(ccc1)C(F)(F)F)C,7.7212462,train
FC(F)(F)c1cc(ccc1)C[NH2+]CC(O)C(NC(=O)c1cc(N2CCCC2=O)c2ncn(c2c1)CC)Cc1ccccc1,7.7212462,train
O1c2ncc(cc2C([NH2+]CC(O)C(NC(=O)C)Cc2cc(OC)c(OC)cc2)CC12CCC2)CC(C)(C)C,7.7399287,train
S1(=O)CC(Cc2cc(OC(COC)C(F)(F)F)c(N)c(F)c2)C(O)C([NH2+]Cc2cc(ccc2)C(C)C)C1,7.7447276,train
S(=O)(=O)(N(C)c1cc2cc(c1)C(=O)NCCCCCCOCC(NC2=O)C(O)C[NH2+]Cc1cc(ccc1)C(C)C)C,7.7447276,train
S(=O)(=O)(N(c1cc(ccc1)C(=O)NC(Cc1ccccc1)C(O)C[NH2+]C(C(=O)NC1CCCCC1)C)c1cc(OC)ccc1)C,7.7447276,train
Fc1cc(cc(F)c1)CC(NC(=O)C)C(O)C[NH2+]C1(CC(=O)NCC1)c1cc(ccc1)C(C)(C)C,7.7447276,train
S(=O)(=O)(N(c1cc(cc(c1)C(=O)NC(Cc1ccccc1)C(O)C[NH2+]Cc1cc(ccc1)C(F)(F)F)-c1ccccc1)c1ccccc1)C,7.8860564,train
S1(=O)(=O)N(CCCC1)c1cc(cc(NCC)c1)C(=O)NC(Cc1ccccc1)C(O)C[NH2+]C1CCc2c1cc(OC)cc2,7.7447276,train
Clc1cc(C)c(nc1)C(=O)Nc1cc(C2(N=C(OCC2(F)F)N)C)c(F)cc1,7.769551299999999,train
Fc1cc(cc(F)c1)CC(NC(=O)C(N1CCC(NC(=O)C)(C(CC)C)C1=O)CCc1ccccc1)C(O)C1[NH2+]Cc2c(C1)cccc2OCCC,7.769551299999999,train
O1CCCCOc2nc(cc(c2)C(=O)NC(Cc2cc1ccc2)C(O)C[NH2+]C1(CC1)c1cc(ccc1)C(C)C)C,7.769551299999999,train
S(=O)(=O)(N(c1cc(cc(c1)C(=O)N[C@H]([C@@H](O)C[NH2+]Cc1cc(OC)ccc1)Cc1cc(F)cc(F)c1)C(=O)C)c1ccccc1)C,7.769551299999999,train
O1CC2(N=C1N)c1cc(ccc1Oc1c2cc(cc1)CCC)-c1cncnc1,7.7958798,train
Fc1ncccc1-c1cc(ccc1)C1(N=C(N)N(C)C1=O)c1cn(nc1)CCC(C)C,7.7958798,train
Fc1cc(cc(F)c1)CC(NC(=O)C(N1CCC(C(O)CCC)C1=O)CCc1ccccc1)C(O)C1[NH2+]CC(O)C1,7.7958798,train
S1(=O)(=O)N(CCCC1)c1cc(cc(NCC)c1OC)C(=O)NC(Cc1ccccc1)C(O)C[NH2+]Cc1cc(ccc1)C(F)(F)F,7.7447276,train
S1(=O)(=O)N(c2cc(cc3n(cc(CC1)c23)CC)C(=O)NC([C@H](O)C[NH2+]C1CC1)Cc1ccccc1)C,8.0457573,train
S(c1cc(cc(c1)C(=O)NC(Cc1cc(F)cc(F)c1)C(O)C[NH2+]Cc1cc(OC)ccc1)C(=O)N(CCC)CCC)c1ccccc1,7.8860564,train
S1(=O)CC(Cc2cc(OC(COC)C(F)(F)F)c(N)c(F)c2)C(O)C([NH2+]Cc2cc(ccc2)C(CO)(C)C)C1,7.920818799999999,train
Fc1ccc(cc1OCCCF)[C@]1(N=C(N)N(C)C1=O)c1ccc(OC(F)F)cc1,8.0,train
FC(F)Oc1ccc(cc1)[C@@]1(N=C(N)N(C)C1=O)c1cc(ccc1)C#CCCO,8.0,train
Fc1ncccc1-c1cc(ccc1)[C@]1(N=C(N)N(C)C1=O)c1ccc(OC(F)F)cc1,8.0,train
Clc1ccc(N(S(=O)(=O)C)c2cc(ccc2)C(=O)NC(Cc2ccccc2)C(O)C[NH2+]C(C(=O)NC2CCCCC2)C)cc1,8.0,train
Fc1ncccc1-c1cc(ccc1)C1(N=C(N)N(C)C1=O)c1cc(nc(c1)CC)CC,8.0,train
S(=O)(=O)(N(C)c1cc(cc(c1)C(=O)NC(C(O)C[C@@H](C(=O)NC(C(C)C)C(=O)NCc1ccccc1)C)COc1cc(F)cc(F)c1)C(=O)NC(C)c1ccccc1)C,8.0,train
Fc1ccc(cc1-c1cccnc1F)[C@@]1(N=C(N)N(C)C1=O)c1cc(C)c(OC)cc1,8.0,train
S1(=O)(=O)N(c2cc(cc3n(cc(CC1)c23)CC)C(=O)N[C@H]([C@H](O)C[NH2+]C(CC)C)Cc1ccccc1)C,8.0,train
Fc1cc(cc(F)c1)CC(NC(=O)c1cc(cc(Oc2ccc(OC)cc2)c1)C(=O)N(CCC)CCC)C(O)C[NH2+]Cc1cc(OC)ccc1,8.0,train
S(=O)(=O)(N(c1cc(cc(c1)/C(=N/OC)/C)C(=O)NC([C@@H](O)C[NH2+]Cc1cc(OC)ccc1)Cc1cc(F)cc(F)c1)c1ccccc1)C,8.0,train
Fc1cc(cc(F)c1)CC(NC(=O)c1cc(cc(c1)C(=O)N(CCC)CCC)CCO)C(O)C[NH2+]Cc1cc(OC)ccc1,8.0,train
Fc1cc(cc(F)c1)CC(NC(=O)c1cc(cc(c1)/C(=N\OCC=C)/C)C(=O)N(CCC)CCC)C(O)C[NH2+]Cc1cc(OC)ccc1,8.0,train
s1ccnc1-c1cc(ccc1)CC(NC(=O)C(OC)OC)C(O)C[NH2+]C1CC2(Oc3ncc(cc13)CC(C)(C)C)CCC2,8.0087738,train
O1c2ncc(cc2C([NH2+]CC(O)C2NC(=O)C=3C=CC(=O)N(CCCCc4cc(C2)ccc4)C=3)CC12CCC2)CC(C)(C)C,8.0132284,train
s1ccnc1-c1cc(ccc1)CC(NC(=O)[C@H]1OCCC1)C(O)C[NH2+]C1CC2(Oc3ncc(cc13)CC(C)(C)C)CCC2,8.036211999999999,train
Fc1cc(cc(F)c1)C[C@H](NC(=O)c1c2cccnc2n(c1)C(=O)N1CCC[C@@H]1COC)[C@H](O)C[NH2+]Cc1cc(OC)ccc1,8.0,train
O1CCC(CC1)CNC(=O)C(Cc1cc2cc(ccc2nc1N)-c1ccccc1C)C,8.0,train
Fc1cc(cc(F)c1)CC(NC(=O)C(N1CCC(NC(=O)C)(C(CC)C)C1=O)CCc1ccccc1)C(O)C1[NH2+]CC(OCc2ccc(F)cc2)C1,8.0,train
Fc1ncccc1-c1cc(ccc1)C1(N=C(N)N(C)C1=O)c1cn(nc1)CC,8.0,train
Fc1cc(cc(F)c1)C[C@H](NC(=O)c1c2cccnc2n(c1)C(=O)N1CCC[C@@H]1COCC)[C@H](O)C[NH2+]Cc1cc(OC)ccc1,7.920818799999999,train
Fc1ccc(cc1C#CCOC)[C@]1(N=C(N)N(C)C1=O)c1ccc(OC(F)F)cc1,7.920818799999999,train
S(=O)(=O)(c1cc(cc(c1)C(=O)NC(Cc1cc(F)cc(F)c1)C(O)C[NH2+]Cc1cc(OC)ccc1)C(=O)N(CCC)CCC)c1ccc(OC)cc1,7.920818799999999,train
S(=O)(=O)(N(c1cc(cc(c1)/C(=N\OCc1ccccc1)/C)C(=O)N[C@H]([C@@H](O)C[NH2+]Cc1cc(OC)ccc1)Cc1cc(F)cc(F)c1)c1ccccc1)C,7.920818799999999,train
s1ccnc1-c1cc(ccc1)CC(NC(=O)CC)C(O)C[NH2+]C1CC2(Oc3ncc(cc13)CC(C)(C)C)CCC2,7.9586072,train
Fc1c(cccc1C#C)CC(NC(=O)COC)C(O)C[NH2+]C1CC2(Oc3ncc(cc13)CC(C)(C)C)CCC2,7.9586072,train
S1(=O)(=O)CC(Cc2cc(OC3CCC3)c(N)c(F)c2)C(O)C([NH2+]Cc2cc(ccc2)C(C)(C)C)C1,7.9586072,train
Fc1c2c(ccc1)C(N=C2N)(C=1C=C(C)C(=O)N(C=1)CC)c1cc(ccc1)-c1cc(F)cnc1,7.889410499999999,train
Clc1cc(N(S(=O)(=O)C)c2cc(ccc2)C(=O)NC(Cc2ccccc2)C(O)C[NH2+]C(C(=O)NC2CCCCC2)C)cc(Cl)c1,7.9586072,train
S(=O)(=O)(c1cc(cc(c1)C(=O)NC(Cc1cc(F)cc(F)c1)C(O)C[NH2+]Cc1cc(OC)ccc1)C(=O)N(CCC)CCC)c1ccccc1,7.9586072,train
S(=O)(=O)(N(c1cc(ccc1)C(=O)N[C@H]([C@@H](O)C[NH2+]Cc1cc(OC)ccc1)Cc1cc(F)cc(F)c1)c1ccccc1)C,7.9586072,train
Fc1ccc(cc1C(F)(F)F)CC(NC(=O)C)C(O)C[NH2+]C1CC2(Oc3ncc(cc13)CC(C)(C)C)CCC2,7.9586072,train
S1(=O)CC(Cc2cc(OC(COC)C(F)(F)F)c(N)c(F)c2)C(O)C([NH2+]Cc2cc(ccc2F)C(C)(C)C)C1,8.0,train
S1(=O)CC(Cc2cc(OC(COC)C(F)(F)F)c(N)c(F)c2)C(O)C([NH2+]C(C)c2cc(ccc2)C(C)(C)C)C1,8.0,train
O1c2c(cc(cc2)-c2cc(cnc2)C#CC)C2(N=C(N)N(C)C2=O)CC1(C)C,8.0,train
Fc1ncccc1-c1cc(ccc1)C1(N=C(N)N(C)C1=O)c1cn(nc1)CCCC,8.0,train
S1(=O)(=O)N(c2cc(cc3n(cc(CC1)c23)CC)C(=O)NC([C@H](O)C[NH2+]CC#C)Cc1ccccc1)C,7.9586072,train
Clc1cc(C[NH+]2CCC(NC(=O)COc3ccc(S(=O)(=O)N)cc3)CC2)c(OC(C)C)c(OC)c1,3.7695510000000003,train
s1cc(cc1)-c1cc2c(nc(N)cc2)cc1,4.411168099999999,train
O=C(NCC1CCCCC1)CCc1cc2c(nc1N)cccc2,4.847711599999999,train
O1c2c(cc(cc2)-c2cc(ccc2)C#N)[C@]2(N=C(N)N(C)C2=O)CC1(C)C,7.026872200000001,train
[NH+]=1[C@](N=C(C)C=1N)(C1CC1)c1cc(ccc1)-c1cc(cnc1)C#CC,7.1023731,train
FC1(F)CN2C(=NC1)[C@]([NH+]=C2N)(c1cc(ccc1)C#CCOC)c1ccc(OC(F)F)cc1,7.110000099999999,train
FC(F)(F)c1cc(ccc1)C[NH2+]C[C@@H](O)[C@@H](NC(=O)C=1C=C(N2CCCC2=O)C(=O)N(C=1)C1CCCC1)Cc1ccccc1,7.1191864,train
s1cc(cc1)[C@@]1(N=C(N)N(C)C1=O)c1cc(ccc1)-c1cccnc1,7.221849000000001,train
S(=O)(=O)(N(C)c1cc(cc(c1)C(=O)N[C@H]([C@@H](O)CC(=O)N[C@@H](CC(C)C)C(=O)N[C@H](C(=O)N([C@H](Cc1ccccc1)C(=O)N1CCC[C@H]1C(OC)=O)C)C)Cc1ccccc1)C(=O)N[C@H](C)c1ccccc1)C,7.2426038,train
S1(=O)(=O)C[C@@H](Cc2cc3c([nH]cc3CC(F)F)cc2)[C@H](O)[C@@H]([NH2+]Cc2cc(ccc2)C(C)(C)C)C1,7.259637400000001,train
S1(=O)(=O)C[C@@H](Cc2cc(C[C@H](O)C(F)(F)F)c(N)c(F)c2)[C@H](O)[C@@H]([NH2+]Cc2cc(ccc2)C(C)(C)C)C1,7.309804,train
Fc1cc(cc(F)c1)C[C@H](NC(=O)C)[C@H](O)C[NH2+]C1(CCCCC1)c1cc(ccc1)C(C)(C)C,7.3279023,train
Clc1cc(cc(Cl)c1NC(=O)C)CNC(NC(=O)Cn1c2cc(ccc2cc1)C#N)=N,7.3565474,train
O=C(N[C@H]([C@H](O)C[NH2+][C@H]1CC(Cc2nn(cc12)CC(C)(C)C)(C)C)Cc1ccccc1)C,7.3565474,train
Fc1ccc(NC(=O)c2ncc(cc2)C#N)cc1[C@]1(N=C(O[C@@H](C(F)(F)F)[C@@H]1F)N)C,7.3979402,train
FC(F)(F)c1cc(ccc1)C[NH2+]C[C@@H](O)[C@@H](NC(=O)c1cc(N2CCCC2=O)cc(NCC)c1)Cc1ccccc1,7.3979402,train
O=C(N[C@H](C(=O)[O-])C)[C@@H]1CCC[C@H]1[C@H](O)[C@@H](NC(=O)[C@@H](NC(=O)[C@@H](NC(=O)[C@@H]([NH3+])CCC(=O)[O-])C(C)C)CC(=O)N)CC(C)C,7.408935499999999,train
S(=O)(=O)(N(C)c1cc(cc(c1)C(=O)N[C@H]([C@@H](O)CC(=O)N[C@@H](C(C)C)C(=O)Nc1cc(cc(c1)C(=O)[O-])C(=O)[O-])COc1cc(F)cc(F)c1)C(=O)N[C@H](C)c1ccccc1)C,7.4317985,train
S(=O)(=O)(N(C)c1cc(cc(c1)C(=O)N[C@H]([C@H](O)C[NH2+]C1CC1)Cc1ccccc1)C(=O)c1ccccc1)C,7.0087738,train
Clc1ccccc1-c1n(Cc2nc(N)ccc2)c(cc1)-c1ccc(Oc2cncnc2)cc1,7.0,train
Fc1cc(cc(F)c1)C[C@H](NC(=O)c1cc(cc(c1)C)C(=O)N(CCC)CCC)[C@H](O)[C@@H]1[NH2+]CC[N@@H+](C1)Cc1ccccc1,6.920818799999999,train
S1(=O)(=O)C[C@@H](Cc2cc(C[C@@H]3N(CCC)C(OC3)=O)c(O)cc2)[C@H](O)[C@@H]([NH2+]Cc2cc(ccc2)C(C)C)C1,6.823908800000001,train
Clc1ccccc1-c1scc(-c2ccc(OCCC)cc2)c1CC(=O)NC(=[NH2+])N,6.229147900000001,train
S(CC[C@H](NC(=O)CCC(C)C)C(=O)N[C@H]([C@@H](O)C[C@H](C(=O)NCCCC)C)CC(C)C)C,6.229147900000001,train
s1cc(cc1C1([NH2+]C[C@@H](O)[C@@H](NC(=O)C)Cc2cc(F)cc(F)c2)CC1)CC(C)(C)C,6.3279023,train
Clc1cc2CC([NH+]=C(N[C@@H](Cc3ccccc3)C=3NC(=O)C(=CN=3)C#N)c2cc1)(C)C,6.3279023,train
Clc1ccc(nc1)C(=O)Nc1cc(ccc1)[C@]1([NH+]=C(N)CN(C)C1=O)C,6.4894552,train
Clc1cc(-c2cc3c(Oc4c(cc(OC)cc4)[C@@]34N=C(OC4)N)cc2)c(F)cc1,6.5528420999999994,train
O(C)c1cc(ccc1)-c1cc(ccc1)CC[C@]1(N=C(N)N(C)C(=O)C1)C,6.6989698,train
O=C1N(C)C(=N[C@]1(c1cc(nc(c1)CC)CC)c1cc(ccc1)-c1cncnc1)N,7.522878599999999,train
Fc1ccc(cc1-c1cncnc1)[C@]1([NH+]=C(N)c2c1cccc2F)c1cc(ncc1)C(F)(F)F,6.7033347999999995,train
O(C)c1cc(ccc1)C[NH2+]C[C@@H](O)[C@@H](NC(=O)c1cc(ccc1)C(=O)N(CCC)CCC)Cc1ccccc1,6.7212462,train
S1C[C@H](NC(=O)[C@@H](NC(=O)[C@@H]2[NH2+]CCC[C@@H]2SC\C=C\C1)C)[C@@H](O)C[C@H](C(=O)NCCCC)C,6.7212462,train
O(C(=O)[C@H]1N(CCC1)C(=O)[C@H](N(C(=O)[C@@H](NC(=O)[C@@H](NC(=O)C[C@H](O)[C@@H](NC(=O)[C@@H](N(C(=O)[C@@H](NC(=O)[C@@H](O)C)C(C)C)C)CCC(=O)N)CC1CCCCC1)CC(C)C)C)C)CC1CCCCC1)C,6.723538400000001,train
Fc1ccc(NC(=O)c2ncc(OCC)cc2)cc1[C@]1(N=C(OCC1(F)F)N)C,6.7351823,train
O=C1N(CCC1)c1cc(cc(NCC)c1)C(=O)N[C@H]([C@H](O)C[NH2+]C1CCCCC1)Cc1ccccc1,6.7447276,train
Clc1cc2CC([NH+]=C(N[C@@H](Cc3ccccc3)C=3NC(=O)c4c(N=3)ccnc4)c2cc1)(C)C,6.769551299999999,train
O(C)c1ccc(cc1C)[C@@]1(N=C(N)N(C)C1=O)C12CC3CC(C1)CC(C2)C3,6.769551299999999,train
O=C(NC[C@H]([NH3+])C(=O)N[C@@H](C(C)C)C(=O)N[C@@H](CC(C)C)C(=O)NC[C@](O)(CCc1ccccc1)C(=O)Nc1cc(ccc1)C(=O)[O-])c1nnn[n-]1,6.7212462,train
O=C1N[C@@H](C[C@@H](CCCCCCCC(=O)N[C@H]1C)C)[C@@H](O)C[C@H](C(=O)NCCCC)C,6.229147900000001,train
Fc1ccc(NC(=O)c2ncc(cc2)C#N)cc1[C@]1(N=C(OC[C@@H]1F)N)C,7.5528421,train
O1Cc2cc(cc(c2)C(=O)N[C@H](CCc2cc(C[C@]([NH3+])(C)C1=O)ccc2)c1ccccc1)-c1ccccc1C#N,7.5686364,train
S(=O)(=O)(N(C)c1cc(cc(c1)C(=O)N[C@@H](Cc1ccccc1)C[NH2+][C@H](C(=O)NCC(C)C)C)C(=O)N[C@H](C)c1ccc(F)cc1)C,8.0969095,train
S(=O)(=O)(N(C)c1cc(cc(c1)C(=O)N[C@H]([C@@H](O)C[C@H](C(=O)N[C@@H](C(C)C)C(=O)NCc1ccccc1)C)COCc1cc(F)cc(F)c1)C(=O)N[C@H](C)c1ccccc1)C,8.1804562,train
s1ccnc1-c1cc(ccc1)C[C@H](NC(=O)[C@H](OC)C)[C@H](O)C[NH2+][C@H]1CC2(Oc3ncc(cc13)CC(C)(C)C)CCC2,8.2596369,train
O(C)c1cc(ccc1)C[NH2+]C[C@@H](O)[C@@H](NC(=O)[C@@H](N1CC[C@](NC(=O)C)([C@H](CC)C)C1=O)CCc1ccccc1)Cc1ccccc1,8.3010302,train
S(=O)(=O)(N1C[C@@H]([NH2+]CC1)[C@@H](O)[C@@H](NC(=O)c1cc(cc(c1)C)C(=O)N(CCC)CCC)Cc1cc(F)cc(F)c1)c1ccccc1,8.3010302,train
Ic1cc(ccc1)C[NH2+]C[C@@H](O)[C@@H](NC(=O)c1cc(cc(c1)C)C(=O)N(CCC)CCC)Cc1cc(F)cc(F)c1,8.3010302,train
Fc1cc(cc(F)c1)C[C@H](NC(=O)c1cc(cc(c1)C)C(=O)N(CCC)CCC)[C@H](O)C[NH2+]Cc1cc(OC)ccc1,8.3979397,train
S(=O)(=O)(N(c1cc(cc(NCC)c1)C(=O)N[C@H]([C@H](O)C[NH2+][C@H](C(=O)NC1CCCCC1)C)Cc1ccccc1)c1ccccc1)C,8.522878599999999,train
S1(=O)(=O)N(CCCC1)c1cc(cc(NCC)c1)C(=O)N[C@H]([C@H](O)C[NH2+]Cc1cc(ccc1)C(F)(F)F)Cc1ccccc1,8.522878599999999,train
Fc1cc(cc(F)c1)C[C@H](NC(=O)c1cc(cc(c1)C)C(=O)N(CCC)CCC)[C@H](O)[C@@H]1[NH2+]CCN(Cc2ccccc2)C1=O,8.522878599999999,train
Fc1cc(cc(F)c1)C[C@H](NC(=O)c1cc(cc(c1)C)C(=O)N(CCC)CCC)[C@H](O)[C@@H]1[NH2+]C[C@H](Oc2ccccc2)C1,8.522878599999999,train
Fc1c2c(ccc1)[C@@]([NH+]=C2N)(C=1C=C(C)C(=O)N(C=1)CC)c1cc(ccc1)-c1cc(cnc1)C#CC,8.6126099,train
S1(=O)(=O)N(c2cc(cc3c2n(cc3CC)CC1)C(=O)N[C@H]([C@H](O)C[NH2+]Cc1cc(ccc1)C(F)(F)F)Cc1ccccc1)C,8.6989698,train
S1(=O)(=O)C[C@@H](Cc2cc(O[C@H](COCC)C(F)(F)F)c(N)c(F)c2)[C@H](O)[C@@H]([NH2+]Cc2cc(ccc2)C(C)(C)C)C1,8.6989698,train
S1(=O)(=O)N(c2cc(cc3c2n(cc3CC)CC1)C(=O)N[C@H]([C@H](O)C[NH2+]Cc1cc(OC)ccc1)Cc1ccccc1)C,8.6989698,train
Clc1cc2CC([NH+]=C(N[C@@H](C[C@H]3[C@H](SC=C3c3cn[nH]c3)CCC)C(=O)[O-])c2cc1)(C)C,8.0969095,train
Fc1cc(cc(F)c1)C[C@H](NC(=O)[C@@H](N1CC[C@](NC(=O)C)(CC(C)C)C1=O)CCc1ccccc1)[C@H](O)[C@@H]1[NH2+]Cc2c(C1)cccc2,8.0969095,train
s1c2OC(C[C@H]([NH2+]C[C@@H](O)[C@@H](NC(=O)C)Cc3ccccc3)c2cc1CC(C)(C)C)(C)C,8.0705814,train
S(CC[C@H](NC(=O)[C@@H](NC(=O)C)CC(C)C)C(=O)N[C@H]([C@@H](O)[C@@H]1CC(=O)C[C@H]1C(=O)N[C@@H](C(C)C)C(=O)[NH2+]CCCC)CC(C)C)C,8.0,train
O=C1N(Cc2ccc(cc2)CN2C[C@@H](NC2=O)CCC)C(N[C@@]1(CC1CCCCC1)CCC1CCCCC1)=N,7.5686364,train
S1(=O)(=O)N(c2cc(cc3N(CCN(CC1)c23)CC)C(=O)N[C@H]([C@H](O)C[NH2+]Cc1cc(OC)ccc1)Cc1ccccc1)C,7.585026700000001,train
Clc1cc(ccc1)-c1cc2c(OC(C[C@@]23N=C(N)N(C)C3=O)(C)C)cc1,7.6197886,train
O(C)c1cc(ccc1)C[NH2+]C[C@@H](O)[C@@H](NC(=O)c1cc(N2CCCC2=O)c2c(n(cc2)CC)c1)CC=1CCC=CC=1,7.6382723,train
Fc1ccc(cc1-c1cncnc1)[C@]1(N=C(N)N(C)C1=O)c1ccc(OC(F)(F)F)cc1,7.6989698,train
S1(=O)(=O)N(c2c(CCC1)c(NCC)cc(c2)C(=O)N[C@H]([C@H](O)C[NH2+]Cc1cc(OC)ccc1)Cc1ccccc1)C,7.7212462,train
Fc1ccc(NC(=O)c2ncc(cc2)C#N)cc1[C@]1(N=C(O[C@@H](C1)C(F)(F)F)N)CF,7.7212462,train
S(=O)(=O)(N(C)c1cc(cc(c1)COC(=O)[C@]([NH3+])(Cc1ccccc1)C)C(=O)N[C@H](C)c1ccc(F)cc1)C,7.5686364,train
O1c2c(cc(cc2)CC)[C@@H]([NH2+]C[C@@H](O)[C@H]2NC(=O)CCCCCCc3cc(C2)ccc3)CC12CCC2,7.769551299999999,train
Fc1ccc(cc1C#CCCCF)[C@]1(N=C(N)N(C)C1=O)c1ccc(OC(F)F)cc1,7.853871799999999,train
Fc1cc(cc(F)c1)C[C@H](NC(=O)c1cc(cc(c1)C)C(=O)N(CCC)CCC)[C@H](O)[C@@H]1[NH2+]CC[C@@H](C1)C\C=C\C=C/C,7.853871799999999,train
O=C1N(CCC1)c1cc(cc(NCC)c1)C(=O)N[C@H]([C@H](O)C[NH2+][C@H](C(=O)NC1CCCCC1)C)Cc1ccccc1,7.8860564,train
Fc1ccc(NC(=O)c2ncc(cc2)C#N)cc1[C@]1(N=C(O[C@@H](C1)C(F)(F)F)N)C,7.920818799999999,train
Fc1cc(cc(F)c1)C[C@H](NC(=O)C)[C@H](O)C[NH2+][C@]1(CCc2n[nH]cc2C1)c1cc(ccc1)C(C)(C)C,7.920818799999999,train
S(=O)(=O)(N(C)c1cc(cc(c1)C(=O)N[C@H](C)c1ccc(F)cc1)-c1oc(nn1)[C@]([NH3+])(Cc1ccccc1)C)C,7.920818799999999,train
s1cc(cc1)C[C@H](NC(=O)c1cc(nc(NC[C@H]2C[C@@H]2C)c1)N(S(=O)(=O)C)C)[C@@H]([NH3+])CCCC,7.9586072,train
O1c2ncc(cc2[C@@H]([NH2+]C[C@@H](O)[C@@H](NC(=O)[C@H](OC)C)Cc2cc3OCOc3cc2)CC12CCC2)CC(C)(C)C,7.7746906000000005,train
Brc1cc(ccc1)C(=O)Nc1ccc(cc1)-c1n(CC(=O)NC(=[NH2+])N)c(cc1)-c1ccccc1,6.221849,train
O(CCC)c1cc(cc(N2CCCC2=O)c1)C(=O)N[C@H]([C@H](O)C[NH2+][C@H](C(=O)NC1CCCCC1)C)Cc1ccccc1,6.218244599999999,train
O=C1N(C)C(N[C@@]1(CC1CCCCC1)CCC1CCCCC1)=N,6.218244599999999,train
S(=O)(=O)(CC(NC(OCn1nc(cc1C)C)=O)C(=O)NC(C(O)CC(C(=O)NC(C(C)C)C(=O)NCC(C)C)C)CC(C)C)C,9.522878599999999,train
OC(C(NC(=O)C(NC(=O)C(NC(=O)C(NC(=O)C(NC(=O)C(NC(=O)C([NH3+])Cc1c2c([nH]c1)cccc2)Cc1c2c([nH]c1)cccc2)CO)CCC(=O)[O-])C(C)C)CC(=O)N)CC(C)C)CC(C(=O)NC(C(=O)NC(CCC(=O)[O-])C(=O)NC(Cc1ccccc1)C(=O)[O-])C)C,10.522879,train
O=C1NC(=NC(=C1)CCC)N,2.6989701,train
n1ccc2c(cccc2)c1N,3.0,train
Clc1cc(ccc1)CCc1cccnc1N,3.0,train
Clc1cc2nc(n(c2cc1)CCCO)N,3.1135092,train
Clc1cc(ccc1)CN1C(=O)C(NC1=N)(C)C,3.154902,train
O=C1N(C)C(=NC(=C1)[C@H]1C[C@H]1c1ccccc1)N,3.2083093999999996,train
Fc1ccc(cc1)CC1CC[NH2+]CC1,3.3010299,train
Clc1cc(ccc1)CN1C(=O)[C@](NC1=N)(CC(C)C)C,3.3010299,train
n1cccc(NCc2ccccc2)c1N,3.5086383999999997,train
o1cccc1C[N@H+](Cc1cc(ccc1)CCc1cccnc1N)C,3.6020601,train
O=C1NC(=NC(=C1)CCc1cc2[nH]ccc2cc1)N,3.8860567,train
O1CCC(OC(=O)[C@@H]2[NH2+]C[C@]3(C2)c2c(NC3=O)cccc2)CC1,3.9430952000000006,train
n1cccc(NCc2cc(ccc2)-c2cccnc2)c1N,4.0,train
S(=O)(=O)(N1CC([NH2+]CC1)C(O)C(NC(=O)c1cc(cc(c1)C)C(=O)N1CCCC1COC)Cc1cc(F)cc(F)c1)c1cc(ccc1)C,9.0,train
S(=O)(=O)(N(C)c1cc(cc(c1)C(=O)NC(C(O)CC(OC)C(=O)NC(C(C)C)C(=O)NCc1ccccc1)COc1cc(F)cc(F)c1)C(=O)NC(C)c1ccccc1)C,9.0,train
s1cc(cc1C12N=C(N)N(C)C(=O)C1CN(C2)c1nc(OC)ccc1)-c1cc(ccc1)C#N,9.0,train
S(=O)(=O)(N(C)c1cc(cc(c1)C(=O)NC(Cc1ccccc1)C(O)C[NH2+]Cc1cc(OC)ccc1)C(=O)NC(C)c1ccccc1)C,8.744727099999999,train
n1c2c(cc(cc2)-c2ccccc2C#CC(C)(C)C)ccc1N,5.2146702000000005,train
O=C1N(C)C(=[NH2+])NC1(c1cc(ccc1)-c1cccnc1)c1ccccc1,6.2757239,train
O(C)c1cc(ccc1)CN1CC(NC1=O)C(=O)NC(Cc1ccccc1)C(O)C[NH2+]Cc1cc(N(C)C)ccc1,6.3477535000000005,train
O(C)c1cc(ccc1)-c1cc(ccc1)C1(N=C(N)N(C)C(=O)C1)C,6.5686364,train
O(C)c1cc(ccc1)-c1cc(ccc1)C1(NC(=[NH2+])N(C)C1=O)c1ccccc1,6.7212462,train
s1cc(cc1C1(N=C(N)N(C)C(=O)C1)C)-c1cc(ccc1)C#N,7.251811999999999,train
Clc1cc(cc(Cl)c1N)CN\C(=N/C(=O)c1c(nsc1C)-c1ccc(OC)cc1)\N,7.3979402,train
O1[C@@H]2COCC[C@@]2(N=C1N)c1cc(ccc1)-c1cncnc1,4.0030508000000005,train
Fc1c2c(ccc1)C([NH+]=C2N)(c1cc(ccc1)-c1cncnc1)c1cc(ncc1)C(F)F,7.583359700000001,train
S(=O)(=O)(N(C)c1cc(cc(c1)C(=O)NC(Cc1ccccc1)C[NH2+]C(C(O)C)C(=O)NCC(C)C)C(=O)NC(C)c1ccccc1)C,7.6020598,train
Clc1cc(cc(C)c1NC(=O)C)CN\C(=N/C(=O)c1c(nsc1C)-c1ccc(OC)cc1)\N,7.6989698,train
s1cc(cc1C12N=C(N)N(C)C(=O)C1CN(C2)c1ncccc1C#N)-c1cc(ccc1)C#N,8.2218485,train
O=C1N(C)C(=[NH2+])NC1(C1CC1)c1cc(ccc1)-c1cc(cnc1)C#CC,8.2676058,train
S(=O)(=O)(N(C)c1cc(cc(c1)C(=O)NC(C(O)CC(OCCOC)C(=O)NC(C(C)C)C(=O)NCc1ccccc1)COc1cc(F)cc(F)c1)C(=O)NC(C)c1ccccc1)C,8.5086384,train
s1cc(cc1C12N=C(N)N(C)C(=O)C1CN(C2)c1ncccc1OC)-c1cc(ccc1)C#N,8.522878599999999,train
s1cc(cc1C12N=C(N)N(C)C(=O)C1CN(C2)C(=O)c1ccccc1)-c1cc(ccc1)C#N,8.522878599999999,train
Fc1ccc(NC(=O)C(CC([NH3+])C(NC(=O)c2cc(ccc2)C(=O)N(CCC)CCC)Cc2ccccc2)C)cc1,7.585026700000001,train
[nH]1c2cc(ccc2cc1)CCc1nc(N)ccc1,4.026872200000001,train
O=C1Nc2c(cccc2)[C@]12C[C@@H]([NH2+]C2)C(OCc1ccccc1)=O,4.067019,train
O=C1N(Cc2ccc(cc2)CNC(=O)NCCCC)C(N[C@@]1(CC(C)C)C)=N,4.1079054,train
O(Cc1ncccc1)c1ccc(cc1CNc1cccnc1N)-c1cc2[nH]ccc2cc1,5.3767509,train
Brc1cc2c(S(=O)(=O)CC[C@@H]2OC(=O)[C@@H]2[NH2+]C[C@]3(C2)c2c(NC3=O)cccc2)cc1,5.3979402,train
O=C(NC(=[NH2+])N)Cn1c(ccc1-c1ccccc1)-c1ccccc1,5.4317985,train
O=C(N[C@H]([C@@H](O)C[C@H](C(=O)NCCCC)C)Cc1ccccc1)[C@H]1C[C@H](CCC1)C(NC(=O)C)(C)C,5.4317985,train
Fc1cc(ccc1OC)[C@H](Cc1cc([N+](=O)[O-])ccc1OC)c1nc([nH]c1)N,5.4948502,train
O(C)c1ccc(cc1)[C@@]1([NH+]=C(N)[C@H](OC)C1)c1cc(ccc1)-c1cccnc1,5.4948502,train
Fc1ncccc1-c1cc(ccc1)[C@]1(N=C(OC1)N)c1ccc(OC)cc1,5.545155,train
Fc1cc(cc(F)c1)C[C@H](NC(=O)c1cc(cc(c1)C)C(=O)N(CCC)CCC)[C@@H](O)C[NH2+]Cc1cc(OC)ccc1,5.3665314,train
Fc1cc(N2C3(CC[NH+](CC3)Cc3ccc(NC(=O)C)cc3)C(=NC2=O)NC2CCCCC2)ccc1,5.5528420999999994,train
O=C1N(C)C(=N[C@@]1(C12CC3CC(C1)CC(C2)C3)c1ccccc1)N,5.8153086,train
S(Oc1cc(cc(OCC(=O)NCCCCC[NH3+])c1)C(=O)N[C@H](C)c1ccc(F)cc1)(=O)(=O)Cc1ccccc1,5.8538718,train
Fc1cc(cc(F)c1)C[C@H](NC(=O)c1cc(cc(c1)C)C(=O)N(CCC)CCC)[C@H](O)[C@@H]1[NH2+]CCN(C1)C(=O)c1ccccc1,5.939302,train
Clc1cc(cc(Cl)c1NC(=O)C)C\N=C(\NC(=O)Cn1c2c(cccc2)cc1)/N,5.995678400000001,train
Fc1ccc(NC(=O)c2ncc(cc2)C#N)cc1[C@]1(N=C(O[C@H](C1)C(F)(F)F)N)C,6.1101384,train
Clc1cc2CC([NH+]=C(N[C@@H](Cc3ccccc3)C3=NOC(=O)[N-]3)c2cc1)(C)C,6.124939,train
Clc1cc2CC([NH+]=C(N[C@@H](Cc3cscc3CCC)C(=O)[O-])c2cc1)(C)C,6.2146702000000005,train
S(=O)(=O)(CCCCC)c1cc(ccc1)C(=O)N[C@H]([C@H](O)C[NH2+][C@H](C(=O)NC1CCCCC1)C)Cc1ccccc1,5.7447276,train
Fc1cc(cc(F)c1)CC(NC(=O)C)C(O)C[NH2+]C1(CCC(NO)CC1)c1cc(ccc1)C(C)(C)C,7.7212462,train
O(C)c1cc(ccc1)-c1cc(ccc1)[C@@H]1C[C@@H]1C=1N=C(N)N(C)C(=O)C=1,5.337242099999999,train
Clc1cc(ccc1)-c1cc(ccc1)[C@@]1(OCCC(=[NH+]1)N)C,5.2006593,train
O=C1N(C)C(=N[C@@](C1)(CCc1ccccc1)C)N,4.382999400000001,train
S1CC[C@@](N=C1N)(C)c1ccc(OC)cc1,4.3851027,train
[NH+]=1C(C=2N(CCCN=2)C=1N)(c1ccccc1)c1ccccc1,4.4202166,train
Brc1cc2c(OC(C[C@@]23N=C(N)N(C)C3=O)(C)C)cc1,4.4337983,train
Clc1cc2nc(n(c2cc1)CCCC(=O)N(C)C1CCCCC1)N,4.5850267,train
O(C(=O)[C@@H]1[NH2+]C[C@]2(C1)c1c(NC2=O)cccc1)C1(CCCCC1)C#N,4.5951662,train
O(C)c1cc(ccc1)-c1cc(ccc1)CCc1nc(N)ccc1,4.6020598,train
Brc1cc(ccc1C#N)COC(=O)[C@@H]1[NH2+]C[C@]2(C1)c1c(NC2=O)cccc1,5.203425900000001,train
O=C1N(C)C(N[C@](C1)(C)[C@@H]1C[C@H]1c1ccccc1)=N,4.7447276,train
O=C1Nc2c(cccc2)[C@]12C[C@@H]([NH2+]C2)C(OCc1ccc(cc1)C#N)=O,4.91364,train
Clc1cc(cnc1)-c1cc(ccc1)[C@@]12N=C(O[C@@H]1CCCC2)N,4.9281178,train
[nH]1c2cc(ccc2cc1)-c1cc(ccc1)CNc1cccnc1N,5.0409584,train
Clc1cc2nc(n(c2cc1)[C@H](CC(=O)NC1C2CC3CC1CC(C2)C3)CC)N,5.050610099999999,train
O(C)c1ccc(cc1)[C@@]1([NH+]=C(N)CC1)c1cc(ccc1)-c1cncnc1,5.1023731,train
Clc1cc2nc(n(c2cc1)[C@H](CC(=O)NCC1CCCCC1)CC)N,5.154902,train
O=C1N(Cc2ccc(cc2)CNC(=O)Nc2ccc(cc2)C#N)C(N[C@@]1(CC(C)C)C)=N,5.154902,train
O=C1N(C)C(=NC(=C1)[C@H]1C[C@H]1c1ccc(cc1)-c1cc(ccc1)C)N,4.767004,train
O1CCCCNc2cc(N3C=COC3)cc(c2)C(=O)NC(Cc2cc1ccc2)C(O)C[NH2+]Cc1cc(ccc1)C(C)C,7.7212462,train
FC1(F)COC(=NC1(C)c1cc(NC(=O)c2ncc(OCC#C)nc2)ccc1F)N,7.8860564,train
Clc1ccccc1-c1n(Cc2nc(N)c(NCCO)cc2)c(cc1)-c1ccc(Oc2cncnc2)cc1,7.154902000000001,train
FC1(F)COC(=NC1(C)c1cc(NC(=O)c2nn(cc2)C(F)F)ccc1F)N,7.443697500000001,train
Fc1ccc(cc1-c1cccnc1)C1(N=C(N2C1=NCC(F)(F)C2)N)c1cc(C)c(OC)cc1,7.429999799999999,train
S1(=O)CC(Cc2cc(OC(COC)C(F)(F)F)c(N)c(F)c2)C(O)C([NH2+]Cc2cc(OC(C)C)ccc2)C1,7.09691,train
Clc1scc(c1)C1(N=C(N)N(C)C1=O)c1cc(ccc1)-c1cncnc1,7.09691,train
Fc1cc(cc(F)c1)CC(NC(=O)C)C(O)C[NH2+]C1(CCC(CC1)CO)c1cc(ccc1)C(C)(C)C,7.4202166,train
Fc1cc(cc(F)c1)CC(NC(=O)C(N1CCC(CCCC)C1=O)CCc1ccccc1)C(O)C[NH2+]Cc1cc(OC)ccc1,7.4202166,train
Clc1cc(cc(F)c1)-c1cc2c(OC(CC23N=C(N)N(C)C3=O)(C)C)cc1,7.408935499999999,train
Fc1ccc(cc1-c1cncnc1)C1(N=C(N)N(C)C1=O)c1cn(nc1)C(C)C,7.09691,train
FC(F)(F)c1cc(ccc1)C[NH2+]CC(O)C(NC(=O)c1cc(N2CCCC2=O)c2n(cc(c2c1)CC)C)Cc1ccccc1,7.3979402,train
S1(=O)(=O)N(CCCC1)c1cc(cc(NCC)c1)C(=O)NC(Cc1ccccc1)C(O)C[NH2+]Cc1cc(cnc1)C#N,7.3979402,train
o1ccc(C)c1C(=O)Nc1cc(ccc1)C1(N=C(N)N(C)C1=O)C1CCCCC1,7.3979402,train
FC(F)Oc1ccc(cc1C)[C@@]1(N=C(N)N(C)C1=O)c1ccccc1,7.09691,train
Fc1cc(cc(F)c1)CC(NC(=O)C(N1CCC(CCCC)C1=O)C)C(O)C[NH2+]Cc1cc(OC)ccc1,7.221849000000001,train
Brc1cc(ccc1OC(=O)NC)CC1CS(=O)(=O)CC([NH2+]Cc2cc(ccc2)C(C)C)C1O,7.221849000000001,train
Fc1ncccc1-c1cc(ccc1)C1([NH+]=C(N2C1=NCCCC2)N)c1ccc(OC(F)(F)F)cc1,7.09691,train
Fc1c(cccc1F)-c1cc(ccc1)C1(N=C(N)N(C)C1=O)c1ccncc1,7.3979402,train
Clc1ccccc1-c1n(Cc2nc(N)c(OCCO)cc2)c(cc1)-c1ccc(Oc2cncnc2)cc1,7.3979402,train
FC(F)Oc1ccc(cc1)[C@@]1(N=C(N)N(C)C1=O)c1cc(ccc1)\C=C\CCCO,7.3979402,train
FCCCCC#Cc1cc(ccc1)[C@]1(N=C(N)N(C)C1=O)c1ccc(OC(F)F)cc1,7.3979402,train
Fc1cc(cc(F)c1)CC(NC(=O)C(N1CCC(C(O)CCC)C1=O)C)C(O)C1[NH2+]CC(O)C1,7.3979402,train
Fc1ccc(cc1-c1cncnc1)C1(N=C(N)N(C)C1=O)c1cn(nc1)CC,7.3979402,train
Fc1ccc(cc1-c1cccnc1F)C1(N=C(N)N(C)C1=O)c1cn(nc1)C(C)C,7.3979402,train
s1cc(cc1)C1(N=C(N)N(C)C1=O)c1cc(ccc1)-c1cccnc1F,7.3979402,train
s1cc(cc1)C1(N=C(N)N(C)C1=O)c1cc(ccc1)-c1cc(OC)cnc1,7.3979402,train
Clc1ccc(nc1)C(=O)Nc1cc(C2(N=C(N)C(=O)N(C2)C)C)c(F)cc1,7.3979402,train
FC(F)(F)CCCc1cc(ccc1)[C@]1(N=C(N)N(C)C1=O)c1ccc(OC(F)F)cc1,7.221849000000001,train
Fc1ncccc1-c1cc(ccc1)C1([NH+]=C(N2C1=NCC2)N)c1ccc(OC(F)(F)F)cc1,7.09691,train
Fc1cc(cc(F)c1)CC(NC(=O)c1c2cccnc2n(c1)C(=O)N(CCCC)C)C(O)C[NH2+]C1(CC1)c1cc(ccc1)CC,7.0915151,train
O1CCCCOc2nc(cc(c2)C(=O)NC(Cc2cc1ccc2)C(O)C[NH2+]C(C)c1cc(ccc1)C(C)C)C,7.080922099999999,train
S1(=O)(=O)CC(Cc2cc(OC(C(F)(F)F)C(F)(F)F)c(N)c(F)c2)C(O)C([NH2+]Cc2cn(nc2)CC(C)(C)C)C1,7.443697500000001,train
S1(=O)(=O)CC(Cc2cc(OCC(F)(F)F)c(N)cc2)C(O)C([NH2+]Cc2cc(ccc2)C(C)(C)C)C1,7.443697500000001,train
S(=O)(=O)(N(C)c1cc(cc(c1)/C(=N\OCCC)/C)C(=O)NC([C@@H](O)C[NH2+]Cc1cc(OC)ccc1)Cc1cc(F)cc(F)c1)C,7.229147900000001,train
Clc1ccc(nc1)C(=O)Nc1cc(C2(N=C(N)COC2)C)c(F)cc1,7.508638400000001,train
Clc1ccc(nc1)C(=O)Nc1cc(C2(N=C(N)C3(CC2)CC3)C)c(F)cc1,7.508638400000001,train
S1(=O)(=O)N(c2cc(cc3n(cc(CC1)c23)CC)C(=O)NC([C@H](O)C[NH2+]CC(F)(F)C(F)(F)F)Cc1ccccc1)C,7.494850200000001,train
O=C(NCc1cccnc1)C(Cc1cc2cc(ccc2nc1N)-c1ccccc1C)C,7.055517200000001,train
Fc1cc(cc(F)c1)CC(NC(=O)C(N1CCC(C(O)CCC)C1=O)C)C(O)C1[NH2+]CC(OCCC)C1,7.154902000000001,train
Fc1cc(cc(F)c1)CC(NC(=O)C(N1CCC(COC)C1=O)CCc1ccccc1)C(O)C[NH2+]Cc1cc(OC)ccc1,7.494850200000001,train
FC1(F)COC(=NC1(C)c1cc(NC(=O)c2ncc(cc2)C)ccc1F)N,7.0604806,train
Clc1ccc(nc1)C(=O)Nc1cc(ccc1)C1(N=C(N)C[NH+](C1)C)C,7.494850200000001,train
Fc1cc(cc(F)c1)CC(NC(=O)C(N1CCC(CCCC)C1=O)C)C(O)C1[NH2+]CC(OCCC)C1,7.0604806,train
O1c2ncc(cc2C([NH2+]CC(O)C(NC(=O)COC)Cc2cc(ccc2)-c2ccncc2)CC12CCC2)CC(C)(C)C,7.481485799999999,train
Clc1ccc(nc1)C(=O)Nc1cc(C2(N=C(N)c3c(C2)cccc3)C)c(F)cc1,7.2146702000000005,train
S1(=O)CC(Cc2cc(OC)c(N)c(F)c2)C(O)C([NH2+]Cc2cc(ccc2)C(C)(C)C)C1,7.481485799999999,train
Fc1ncccc1-c1cc(ccc1)[C@]1(N=C(N)N(C)C1=O)c1ccc(OC(F)(F)F)cc1,7.221849000000001,train
Fc1ncccc1C(=O)NC(Cc1cc2OCOc2cc1)C(O)C[NH2+]C1CC2(Oc3ncc(cc13)CC(C)(C)C)CCC2,7.4788618,train
Fc1cc(cc(F)c1)CC(NC(=O)C)C(O)C[NH2+]C1(CCOCC1)c1cc(ccc1)C(C)(C)C,7.2146702000000005,train
Fc1c2c(ccc1)C(N=C2N)(C=1C=C(C)C(=O)N(C=1)C)c1cc(ccc1)-c1cncnc1,7.2160964000000005,train
O(c1cc(ccc1OC)C1(N=C(N)N(C)C1=O)c1cc(ccc1)-c1cccnc1)C1CCCC1,7.154902000000001,train
FC(F)(F)Oc1ccc(cc1)C1([NH+]=C(N2C1=NCCC2)N)c1cc(ccc1)-c1cncnc1,7.468521099999999,train
O=C1N(C)C(=NC(=C1)C1CC1c1cc(ccc1)-c1ccccc1)N,2.7332981,train
O=C(NCC1CCCCC1)CCc1cc2cc(ccc2nc1N)-c1ccccc1C,7.468521099999999,train
Fc1cc(cc(F)c1)CC(NC(=O)C(N1CCC(NC(=O)C)(C(CC)C)C1=O)CCc1ccccc1)C(O)C1[NH2+]CC([NH3+])C1,7.468521099999999,train
Fc1cc(cc(F)c1)CC(NC(=O)C(N1CCC(CC(C)C)C1=O)C)C(O)C1[NH2+]CC(OCCC)C1,7.4559321,train
Fc1ccc(cc1-c1cncnc1)C1(N=C(N)c2c1cccc2F)c1cc(ncc1)C(F)F,7.4546928,train
FC(F)Oc1cc(ccc1OC(F)F)CC(NC(=O)C)C(O)C[NH2+]C1CC2(Oc3ncc(cc13)CC(C)(C)C)CCC2,7.4534574000000005,train
Clc1cc(ccc1OC)C1(N=C(N)N(C)C1=O)c1cc(ccc1)-c1cccnc1,7.443697500000001,train
s1ccnc1NC1CCC([NH2+]CC(O)C(NC(=O)C)Cc2cc(F)cc(F)c2)(CC1)c1cc(ccc1)C(C)(C)C,7.070581,train
O=C(N1CCC(CC1C1CCCCC1)c1ccccc1)C1C[NH2+]CC12CCCc1nc(ccc12)C,7.443697500000001,train
FC(F)(F)c1cc(ccc1)C[NH2+]CC(O)C(NC(=O)c1cc(N2CCCC2=O)c2nnn(c2c1)CC)Cc1ccccc1,7.468521099999999,train
FC(F)(F)c1cc(cnc1)-c1cc2c(OC(CC23N=C(N)N(C)C3=O)(C)C)cc1,7.200659299999999,train
Fc1ccc(cc1C#CC)[C@]1(N=C(N)N(C)C1=O)c1ccc(OC(F)F)cc1,7.387216099999999,train
O1CCCCOc2nc(cc(c2)C(=O)NC(Cc2cc1ccc2)C(O)C[NH2+]Cc1cc(ccc1)C(C)C)C,7.3767509,train
O(CC)c1cc(ccc1OC)C1(N=C(N)N(C)C1=O)c1cc(ccc1)-c1cccnc1,7.3010302,train
S(=O)(=O)(N(C)c1cc(cc(c1)/C(=N\O)/C)C(=O)N[C@H]([C@@H](O)C[NH2+]Cc1cc(OC)ccc1)Cc1cc(F)cc(F)c1)C,7.1191864,train
Fc1cc(ccc1OC)C1(N=C(N)N(C)C1=O)c1cc(ccc1)-c1cccnc1,7.3010302,train
FC(F)Oc1ccc(cc1)[C@@]1(N=C(N)N(C)C1=O)c1cc(ccc1)CCCC#N,7.3010302,train
FC(F)Oc1ccc(cc1)[C@@]1(N=C(N)N(C)C1=O)c1cc(ccc1)\C=C\CCCOC,7.3010302,train
FC(F)Oc1ccc(cc1)[C@@]1(N=C(N)N(C)C1=O)c1cc(ccc1)\C=C\CCO,7.3010302,train
Fc1ncccc1-c1cc(ccc1)C1([NH+]=C(N2C1=NCCC2)N)c1ccc(OC(F)(F)F)cc1,7.221849000000001,train
S(C(C)C)C(NC(=O)C(C(C)C)CC(O)C1NC(=O)c2cc(N(S(=O)(=O)C)C)cc(c2)C(=O)NC(c2cc(COC1)ccc2)C)C(=O)NCc1ccccc1,7.3010302,train
O=C(NCc1nccnc1)C(Cc1cc2cc(ccc2nc1N)-c1ccccc1C)C,7.3010302,train
Fc1ncccc1-c1cc(ccc1)C1(N=C(N)N(C)C1=O)c1cn(nc1)CCF,7.3010302,train
Fc1cc(cc(F)c1)CC(NC(=O)C(N1CCC(C(C)C)C1=O)CCc1ccccc1)C(O)C[NH2+]Cc1cc(OC)ccc1,7.1249385,train
FC1(F)COC(=NC1(C)c1cc(NC(=O)c2ncc(OC)cc2)ccc1F)N,7.2924299,train
S1(=O)(=O)N(CCCC1)c1cc(cc(c1)/C(=N\OC)/C)C(=O)NC([C@@H](O)C[NH2+]Cc1cc(OC)ccc1)Cc1cc(F)cc(F)c1,7.2839966,train
S1(=O)(=O)CC(Cc2cc(CC)c(NC(=O)C[NH+](C)C)c(F)c2)C(O)C([NH2+]Cc2cc(ccc2)C(C)(C)C)C1,7.2839966,train
S1(=O)(=O)CC(Cc2cc(OCCC(F)(F)F)c(N)c(F)c2)C(O)C([NH2+]Cc2cc(ccc2)C(C)(C)C)C1,7.124939,train
Fc1cc(cc(F)c1)CC(NC(=O)c1cc(cc(Oc2ccccc2OC)c1)C(=O)N(CCC)CCC)C(O)C[NH2+]Cc1cc(OC)ccc1,7.2676063,train
Fc1cc(cc(F)c1)CC(NC(=O)C(N1CCC(NC(=O)C)(C(CC)C)C1=O)CCc1ccccc1)C(O)C1[NH2+]Cc2c(C1)cccc2,7.2676063,train
S(=O)(=O)(N(C)c1cc(ccc1)C(=O)N[C@H]([C@@H](O)C[NH2+]Cc1cc(OC)ccc1)Cc1cc(F)cc(F)c1)C,7.124939,train
Fc1cc(cc(F)c1)CC(NC(=O)c1cc(cc(c1)/C(=N\OCC(C)C)/C)C(=O)N(CCC)CCC)C(O)C[NH2+]Cc1cc(OC)ccc1,7.259637400000001,train
Brc1cc(ccc1O)CC1CS(=O)(=O)CC([NH2+]Cc2cc(ccc2)C(C)(C)C)C1O,7.259637400000001,train
Brc1cc(cc(F)c1N)CC1CS(=O)(=O)CC([NH2+]Cc2cc(ccc2)C(C)(C)C)C1O,7.259637400000001,train
FC(F)(F)c1cc(ccc1)-c1cc2c(OC(CC23N=C(N)N(C)C3=O)(C)C)cc1,7.130768300000001,train
S1(=O)(=O)CC(Cc2cc(OCCC)c(N)c(F)c2)C(O)C([NH2+]Cc2cc(ccc2)C(C)(C)C)C1,7.251811999999999,train
FC1(F)CN2C(=NC1)C(N=C2N)(c1cc(ccc1)C#CCCOC)c1ccc(OC(F)F)cc1,7.25,train
S1(=O)(=O)N(CCCC1)c1cc(ccc1)C(=O)NC(Cc1cc(F)cc(F)c1)C(O)C[NH2+]Cc1cc(OC)ccc1,7.130768300000001,train
Clc1cc(cc(Cl)c1NC(=O)C)CNC(=[NH2+])NC(=O)Cn1c2c(cc(cc2)C#N)cc1,7.2441254,train
Fc1cc(cc(F)c1)CC(NC(=O)C)C(O)C[NH2+]C1(CCC(Nc2ncccc2)CC1)c1cc(ccc1)C(C)(C)C,7.1366773,train
Fc1ccccc1C(=O)NC(Cc1cc2OCOc2cc1)C(O)C[NH2+]C1CC2(Oc3ncc(cc13)CC(C)(C)C)CCC2,7.1157713000000005,train
O1CCCCNc2cc(cc(c2)C(=O)NC(Cc2cc1ccc2)C(O)C[NH2+]C1(CCCC1)c1cc(ccc1)C(C)(C)C)COC,7.3010302,train
s1ccnc1-c1cccc(CC(NC(=O)COC)C(O)C[NH2+]C2CC3(Oc4ncc(cc24)CC(C)(C)C)CCC3)c1F,7.1487417,train
O1CCCCNc2cc(cc(c2)C(=O)NC(Cc2cc1ccc2)C(O)C[NH2+]C(C)(C)c1cc(ccc1)C(C)C)COC,7.3010302,train
Fc1cc(cc(F)c1)-c1cc(ccc1)C1(N=C(N)N(C)C1=O)c1ccncc1,7.221849000000001,train
FC1(F)COC(=NC1(C)c1cc(NC(=O)c2ncc(OC(F)(F)C(F)F)cc2)ccc1F)N,7.3767509,train
S1(=O)(=O)N(CCCC1)c1cc(cc(c1)C(=O)N[C@H]([C@@H](O)C[NH2+]Cc1cc(OC)ccc1)Cc1cc(F)cc(F)c1)C(O)C,7.3665313999999995,train
S(=O)(=O)(N(C)c1cc(cc(c1)C(=O)N[C@H]([C@@H](O)C[NH2+]Cc1cc(OC)ccc1)Cc1cc(F)cc(F)c1)C(O)C)C,7.3665313999999995,train
S1(=O)(=O)CC(Cc2cc(OCCF)c(N)c(F)c2)C(O)C([NH2+]Cc2cc(ccc2)C(C)(C)C)C1,7.3665313999999995,train
Clc1cc(cnc1)-c1cc2c(OC(CC23N=C(N)N(C)C3=O)(C)C)cc1,7.7212462,train
Fc1ncccc1-c1cc(ccc1)C1([NH+]=C(N2C1=NCCC2)N)c1cc(OCC)c(OCC)cc1,7.09691,train
S1(=O)(=O)CC(Cc2cc(OC(C)C)c(N)c(F)c2)C(O)C([NH2+]Cc2cc(ccc2)C(C)(C)C)C1,7.3665313999999995,train
Fc1cc(ccc1C(F)(F)F)CC(NC(=O)C)C(O)C[NH2+]C1CC2(Oc3ncc(cc13)CC(C)(C)C)CCC2,7.3565474,train
s1cc(cc1)-c1cc(ccc1)C1([NH2+]CC(O)C(NC(=O)C)Cc2cc(F)cc(F)c2)CCCCC1,7.3565474,train
S1(=O)(=O)CC(Cc2cc(OC(C(F)(F)F)C(F)(F)F)c(N)c(F)c2)C(O)C([NH2+]Cc2cc(OC(F)(F)F)ccc2)C1,7.3565474,train
Clc1cc(cc(Cl)c1NC(=O)C)CNC(=[NH2+])NC(=O)Cn1c2cc(ccc2cc1)C#N,7.3565474,train
S1(=O)(=O)CC(Cc2cc(OCCC)c(N)cc2)C(O)C([NH2+]Cc2cc(ccc2)C(C)(C)C)C1,7.3467875,train
Fc1c2c(ccc1)C(N=C2N)(c1cc(C#N)c(OC)c(c1)C)c1cc(ccc1)-c1cncnc1,7.3798637000000005,train
Fc1ncccc1-c1cc(ccc1)C1(N=C(N)N(C)C1=O)c1ccc(OC(F)(F)F)cc1,7.221849000000001,train
Fc1cc(cc(F)c1)CC(NC(=O)C(N1CCC(NC(=O)C)(CC2CC2)C1=O)C)C(O)C[NH2+]Cc1cc(OC)ccc1,7.3372421,train
Clc1ccc(nc1)C(=O)Nc1cc(C2(N=C(N)CCOC2)C)c(F)cc1,7.3372421,train
Fc1cc(cc(F)c1)CC(NC(=O)C)C(O)C[NH2+]C1(CCC(=O)NC1)c1cc(ccc1)C(C)(C)C,7.3279023,train
Fc1cc(cc(F)c1)CC(NC(=O)C)C(O)C[NH2+]C1(CCCCC1)c1cc(ccc1)C(C)C,7.3279023,train
S1(=O)(=O)CC(Cc2cc(-c3occc3)c(N)c(F)c2)C(O)C([NH2+]Cc2cc(ccc2)C(C)(C)C)C1,7.1023731,train
O1c2ncc(cc2C([NH2+]CC(O)C(NC(=O)COC)Cc2ccc(cc2)C#C)CC12CCC2)CC(C)(C)C,7.3279023,train
S1c2c(cc(cc2)-c2cc(ccc2)C#N)C2(N=C(N)N(C)C2=O)CC1(C)C,7.3279023,train
S1(=O)(=O)N(c2cc(cc3c2n(cc3CC)CC1)C(=O)NC(Cc1ccccc1)C(O)C[NH2+]CC)C,7.318759,train
S1(=O)(=O)N(c2cc(cc3n(cc(CC1)c23)CC)C(=O)NC([C@H](O)C[NH2+]CC(F)(F)F)Cc1ccccc1)C,7.1023731,train
Fc1cc(cc(F)c1)CC(NC(=O)C)C(O)C[NH2+]C1(CCC(CC1)=C)c1cc(ccc1)C(C)(C)C,7.318759,train
Fc1ncc(cc1)C(=O)NC(Cc1cc2OCOc2cc1)C(O)C[NH2+]C1CC2(Oc3ncc(cc13)CC(C)(C)C)CCC2,7.3151546000000005,train
Fc1cc(cc(F)c1)CC(NC(=O)C)C(O)C[NH2+]C1(CCC(CC1)C)c1cc(ccc1)C(C)(C)C,7.309804,train
S1(=O)(=O)CC(Cc2cc(CC(OC)C(F)(F)F)c(N)c(F)c2)C(O)C([NH2+]Cc2cc(ccc2)C(C)(C)C)C1,7.1079054,train
Brc1cc2n(ccc2cc1)CC(=O)NC(=[NH2+])NCc1cc(Cl)c(NC(=O)C)c(Cl)c1,7.1023731,train
s1cncc1CNC(=O)C(Cc1cc2cc(ccc2nc1N)-c1ccccc1C)C,7.508638400000001,train
Fc1cc(cc(F)c1)CC(NC(=O)C(N1CCC(NC(=O)C)(C(CC)C)C1=O)C)C(O)C1[NH2+]CC(O)C1,7.508638400000001,train
Fc1cc(cc(F)c1)CC(NC(=O)c1cc(ccc1)C(=O)N(CCC)CCC)C(O)C[NH2+]Cc1cc(OC)ccc1,7.508638400000001,train
O=C1N(C)C(=NC1(c1cc(ccc1)-c1cncnc1)c1cn(nc1)CCC1CCCCC1)N,7.6989698,train
Fc1ncccc1-c1cc(ccc1)C1(N=C(N)N(C)C1=O)c1cn(nc1)CC(C)C,7.6989698,train
O(C)c1ccc(cc1)[C@@]1([NH+]=C(N2C1=NCCC2)N)c1cc(ccc1)-c1cncnc1,7.0,train
Fc1ncccc1-c1cc(ccc1)C1(N=C(N)N(C)C1=O)c1cn(nc1)CCC(C)(C)C,7.6989698,train
Fc1ncccc1-c1cc(ccc1)C1(N=C(N)N(C)C1=O)c1cn(nc1)CC(CC)CC,7.6989698,train
Fc1ncccc1-c1cc(ccc1)C1(N=C(N)N(C)C1=O)c1cn(nc1)C1CCCC1,7.6989698,train
O1CCCC1C(=O)NC(Cc1cc2OCOc2cc1)C(O)C[NH2+]C1CC2(Oc3ncc(cc13)CC(C)(C)C)CCC2,7.6903695999999995,train
S(=O)(=O)(N(c1ccccc1)c1cc(cnc1)C(=O)NC(Cc1ccccc1)C(O)C[NH2+]Cc1cc(ccc1)C(F)(F)F)C,7.677780599999999,train
Fc1cc(cc(F)c1)CC(NC(=O)C(N1CCC(C(C)C)C1=O)CCc1ccccc1)C(O)C1[NH2+]CC(OCCC)C1,7.677780599999999,train
S1(=O)CC(Cc2cc(OC(COC)C(F)(F)F)c(N)c(F)c2)C(O)C([NH2+]Cc2cn(nc2)CC(C)(C)C)C1,7.677780599999999,train
Fc1cc(cc(F)c1)CC(NC(=O)c1cc(cc(Oc2ccc(F)cc2)c1)C(=O)N(CCC)CCC)C(O)C[NH2+]Cc1cc(OC)ccc1,7.6575774999999995,train
S1(=O)(=O)N(c2cc(cc3c2n(cc3CC)CC1)C(=O)N[C@H]([C@H](O)C[NH2+]C(CC)C)Cc1ccccc1)C,7.6575774999999995,train
Fc1cc(ccc1)-c1cc2c(OC(CC23N=C(N)N(C)C3=O)(C)C)cc1,7.004364999999999,train
O=C1N(C)C(=NC1(c1cc(ccc1)-c1cncnc1)c1cn(nc1)CCC(C)(C)C)N,7.6989698,train
FC(F)Oc1ccc(cc1C)[C@@]1(N=C(N)N(C)C1=O)c1cc(ccc1)C#CC1CC1,7.6575774999999995,train
O(C)c1ccc(cc1C)C1(N=C(C)C(=N1)N)c1cc(ccc1)-c1cncnc1,7.0132284,train
Fc1cc(cc(F)c1)CC(NC(=O)C(N1CCC(C(O)CCC)C1=O)C)C(O)C[NH2+]Cc1cc(OC)ccc1,7.167491,train
S1(=O)(=O)N(c2cc(cc3n(cc(CC1)c23)CC)C(=O)N[C@H]([C@H](O)C[NH2+]CC)Cc1ccccc1)C,7.6382723,train
O(C)c1cccnc1-c1cc2cc(CC(C(=O)NCCC(C)(C)C)C)c(nc2cc1)N,7.0132284,train
S1(=O)(=O)N(CCCC1)c1cc(cc(NCC)c1C)C(=O)NC(Cc1ccccc1)C(O)C[NH2+]Cc1cc(ccc1)C(F)(F)F,7.6382723,train
FC(F)(F)c1cc(ccc1)C[NH2+]CC(O)C(NC(=O)c1cc(N2CCCC2=O)c2c(n(cc2)CC)c1)Cc1ccccc1,7.6382723,train
S1(=O)(=O)N(c2cc(cc3c2n(cc3CC)C1)C(=O)NC(Cc1ccccc1)C(O)C[NH2+]C(CCCC(C)C)(C)C)C,7.6382723,train
S1(=O)(=O)N(c2cc(cc3c2n(cc3CC)CC1)C(=O)NC(Cc1ccccc1)C(O)C[NH2+]C1CCOCC1)C(C)C,7.6382723,train
S(=O)(=O)(N(c1cc(ccc1)C(=O)NC(Cc1ccccc1)C(O)C[NH2+]Cc1cc(ccc1)C(F)(F)F)c1ccccc1)C,7.6382723,train
Clc1ccc(nc1)C(=O)Nc1cc(C2(N=C(N)C3C(C2)C3)C)c(F)cc1,7.0177288,train
Fc1cc(cc(F)c1)CC(NC(=O)C(N1CCC(COC)C1=O)CCc1ccccc1)C(O)C1[NH2+]CC(OCCC)C1,7.6382723,train
Clc1cc(cc(F)c1)-c1cc2c(SC(CC23N=C(N)N(C)C3=O)(C)C)cc1,7.6382723,train
Clc1ccc(nc1)C(=O)Nc1cc(C2(N=C(N)COCC2)C)c(F)cc1,7.6382723,train
S1(=O)(=O)CC(Cc2cc(OC(C(F)(F)F)C(F)(F)F)c(N)c(F)c2)C(O)C([NH2+]Cc2nccc(c2)C(C)(C)C)C1,7.167491,train
Fc1cc(cc(F)c1)CC(NC(=O)C)C(O)C[NH2+]C1(CCC(NOC)CC1)c1cc(ccc1)C(C)(C)C,7.0,train
Fc1cc(cc(F)c1)CC(NC(=O)c1c2cc(ccc2n(c1)C(=O)N(CCCC)C)C(=O)[O-])C(O)C[NH2+]Cc1cc(OC)ccc1,7.154902000000001,train
o1cccc1C(=O)Nc1cc(ccc1)C1(N=C(N)N(C)C1=O)C1CCCCC1,7.0,train
O(C)c1ccc(cc1)C1(N=C(N)N(C)C1=O)C12CC3CC(C1)CC(C2)C3,7.154902000000001,train
Fc1cc(cc(F)c1)CC(NC(=O)c1cc(cc(c1)C)C(=O)N(CCC)CCC)[C@@H](O)C[NH2+]Cc1cc(OC)ccc1,7.6989698,train
S1(=O)(=O)N(c2cc(cc3c2n(cc3CC)CC1)C(=O)NC(Cc1ccccc1)C(O)C[NH2+]C1CC1)C,7.6989698,train
S1(=O)(=O)N(c2cc(cc3c2n(cc3CC)CC1)C(=O)NC(Cc1ccccc1)C(O)C[NH2+]C1CC1)CC,7.6989698,train
FC1(F)CN2C(=NC1)C(N=C2N)(c1cc(ccc1)-c1cncnc1)c1ccncc1,6.969999799999999,train
Fc1ncccc1-c1cc(ccc1)[C@]1([NH+]=C(N2C1=NCCC2)N)c1ccc(OC(F)(F)F)cc1,7.6989698,train
O1CC2(N=C1N)c1cc(ccc1Oc1c2cc(OC)cc1)-c1cncnc1,6.9706163,train
Fc1ncccc1-c1cc(ccc1)C1(N=C(N)N(C)C1=O)c1cc(C)c(OC)cc1,7.6989698,train
Brc1cc2c(n(cc2)CC(=O)NC(=[NH2+])NCc2cc(Cl)c(NC(=O)C)c(Cl)c2)cc1,6.9746943,train
S(=O)(=O)(N(C)c1cc(cc(c1)C(=O)NC(C)c1ccc(F)cc1)-c1oc(cc1)C([NH3+])(Cc1ccccc1)C)C,7.6989698,train
S(=O)(=O)(N(c1cc(ccc1)C(=O)NC(Cc1ccccc1)C(O)C[NH2+]C(C(=O)NC1CCCCC1)C)c1ccc(cc1)C(F)(F)F)C,7.6989698,train
FC(F)Oc1ccc(cc1)[C@@]1(N=C(N)N(C)C1=O)c1cc(ccc1)/C(/F)=C\C1CC1,7.6989698,train
FC(F)Oc1ccc(cc1)[C@@]1(N=C(N)N(C)C1=O)c1cc(ccc1)\C=C\COC,7.6989698,train
Fc1ccc(cc1OCC(F)F)[C@]1(N=C(N)N(C)C1=O)c1ccc(OC(F)F)cc1,7.154902000000001,train
s1cc(cc1C1([NH2+]CC(O)C(NC(=O)C)Cc2cc(F)cc(F)c2)CCCCC1)C(C)(C)C,6.9829664000000005,train
FC(F)Oc1ccc(cc1)[C@@]1(N=C(N)N(C)C1=O)c1cc(ccc1)C#CC,7.6989698,train
FC(F)Oc1ccc(cc1)[C@@]1(N=C(N)N(C)C1=O)c1cc(ccc1)C#CC(C)C,7.6989698,train
Fc1ccc(cc1OCC(F)F)[C@]1(N=C(N)N(C)C1=O)c1cc(C)c(OC(F)F)cc1,7.154902000000001,train
FC(F)Oc1ccc(cc1)[C@@]1(N=C(N)N(C)C1=O)c1cc(ccc1)C#CCOC,7.6989698,train
S1(=O)(=O)CC(Cc2cc(OCCOC)c(N)c(F)c2)C(O)C([NH2+]Cc2cc(ccc2)C(C)(C)C)C1,7.0,train
FC(F)Oc1ccc(cc1)[C@@]1(N=C(N)N(C)C1=O)c1cc(ccc1)C#CCCOC,7.6989698,train
FC(F)Oc1ccc(cc1)[C@@]1(N=C(N)N(C)C1=O)c1cc(ccc1)C#C[C@H](O)C,7.6989698,train
FC(F)Oc1ccc(cc1)[C@@]1(N=C(N)N(C)C1=O)c1cc(OCC2CC2)ccc1,7.6989698,train
Fc1ccc(cc1C#CC1CC1)[C@]1(N=C(N)N(C)C1=O)c1ccc(OC(F)F)cc1,7.6989698,train
Fc1ccc(cc1C#CC1CC1)[C@]1(N=C(N)N(C)C1=O)c1cc(C)c(OC(F)F)cc1,7.6989698,train
O=C1N(C)C(=NC1(c1cc(ccc1)-c1cncnc1)c1cn(nc1)C)N,7.0,train
Fc1ccc(cc1OCCCCF)[C@]1(N=C(N)N(C)C1=O)c1ccc(OC(F)F)cc1,7.0,train
Fc1ccc(cc1C#CCF)[C@]1(N=C(N)N(C)C1=O)c1cc(C)c(OC(F)F)cc1,7.6989698,train
O=C1N(C)C(=N[C@@]1(c1cc(ccc1)-c1cccnc1)c1cc(ncc1)C)N,7.0,train
S1(=O)(=O)N(CCCC1)c1cc(cc(c1)/C(=N\OCc1ccccc1)/C)C(=O)N[C@H]([C@@H](O)C[NH2+]Cc1cc(OC)ccc1)Cc1cc(F)cc(F)c1,7.508638400000001,train
Fc1cc(cc(F)c1)CC(NC(=O)C)C(O)C[NH2+]C1(CCC(O)CC1)c1cc(ccc1)C(C)(C)C,7.6197886,train
S(=O)(=O)(N(C)c1cc(cc(c1)/C(=N/OC)/C)C(=O)NC([C@@H](O)C[NH2+]Cc1cc(OC)ccc1)Cc1cc(F)cc(F)c1)C,7.221849000000001,train
Clc1cc(cc(F)c1)-c1cc2c(CC(CC23N=C(N)N(C)C3=O)(C)C)cc1,7.6197886,train
s1ccnc1-c1ccc(cc1)CC(NC(=O)COC)C(O)C[NH2+]C1CC2(Oc3ncc(cc13)CC(C)(C)C)CCC2,7.5376019,train
O1CCCCNc2cc(cc(c2)C(=O)NC(Cc2cc1ccc2)C(O)C[NH2+]C1(CCC1)c1cc(ccc1)C(C)(C)C)COC,7.1739254,train
Fc1ncccc1-c1cc(ccc1)C1(N=C(N2C1=NOCC2)N)c1ccc(OC(F)(F)F)cc1,7.522878599999999,train
s1cc(cc1)C1(N=C(N)N(C)C1=O)c1cc(-c2cccnc2)c(F)cc1,7.0457573,train
O=C1N(C)C(=N[C@@]1(c1cc(ccc1)-c1cncnc1)c1cc(ncc1)CC)N,7.522878599999999,train
O(C)c1cc(ccc1)-c1cc(ccc1)C1(N=C(N)N(C)C1=O)c1ccncc1,7.522878599999999,train
Fc1ncccc1-c1cc(ccc1)C1(N=C(N)N(C)C1=O)c1ccncc1,7.522878599999999,train
Fc1ncccc1-c1cc(ccc1)[C@]1(N=C(N)N(C)C1=O)c1ccc(OC)cc1,7.522878599999999,train
FC(F)Oc1ccc(cc1)[C@@]1(N=C(N)N(C)C1=O)c1cc(ccc1)\C=C\C1CC1,7.0457573,train
Fc1ncccc1-c1cc(ccc1)[C@]1(N=C(N)N(C)C1=O)c1ccc(OCCF)cc1,7.522878599999999,train
Fc1cc(cc(F)c1)CC(NC(=O)c1cc(cc(c1)/C(=N\OCc1ccccc1)/C)C(=O)N(CCC)CCC)C(O)C[NH2+]Cc1cc(OC)ccc1,7.1739254,train
O1CCOc2c1cc(cc2)C1(N=C(N)N(C)C1=O)c1cc(ccc1)-c1cccnc1,7.0457573,train
FC(F)Oc1ccc(cc1)[C@@]1(N=C(N)N(C)C1=O)c1cc(ccc1)C#CCCC,7.522878599999999,train
Brc1cc2c(cc1)C1(CCC2)C[NH2+]CC1C(=O)N1CCC(CC1C1CCCCC1)c1ccccc1,7.6197886,train
FC(F)COc1cc(ccc1)[C@]1(N=C(N)N(C)C1=O)c1ccc(OC(F)F)cc1,7.522878599999999,train
FC(F)Oc1ccc(cc1)[C@@]1(N=C(N)N(C)C1=O)c1cc(OCC\C=C(\F)/F)ccc1,7.522878599999999,train
Fc1ccc(cc1C#CCCC)[C@]1(N=C(N)N(C)C1=O)c1cc(C)c(OC(F)F)cc1,7.522878599999999,train
Fc1cc(cc(F)c1)C[C@H](NC(=O)c1c2cccnc2n(c1)C(=O)N1CCCC[C@@H]1COC)[C@H](O)C[NH2+]Cc1cc(OC)ccc1,7.522878599999999,train
O(C)c1cc(ccc1OC)C1(N=C(N)N(C)C1=O)c1cc(ccc1)-c1cccnc1,7.0457573,train
Clc1cc2c(n(cc2C(=O)NC(Cc2cc(F)cc(F)c2)C(O)C[NH2+]Cc2cc(OC)ccc2)C(=O)N(CCCC)C)cc1,7.522878599999999,train
O=C1N(C)C(=NC1(c1cc(ccc1)-c1cncnc1)c1cn(nc1)CC(C)C)N,7.522878599999999,train
Fc1ccc(cc1-c1cccnc1F)C1(N=C(N)N(C)C1=O)c1cn(nc1)CC,7.522878599999999,train
FC1(F)COC(=NC1(C)c1cc(NC(=O)c2ncc(F)cc2)ccc1F)N,7.180456200000001,train
Fc1cc(cc(F)c1)CC(NC(=O)c1c2c(n(c1)C(=O)N(CCCC)C)cc(F)cc2)C(O)C[NH2+]Cc1cc(OC)ccc1,7.180456200000001,train
Fc1c(cccc1OC)-c1cc(ccc1)C1(N=C(N2C1=NCCC2)N)c1ccncc1,7.0500002,train
Fc1ncccc1-c1cc2c(CC(CC23N=C(N)N(C)C3=O)(C)C)cc1,7.522878599999999,train
O1c2ncc(cc2C([NH2+]CC(O)C(NC(=O)COC)Cc2cc(ccc2)-c2nccn2C)CC12CCC2)CC(C)(C)C,7.19382,train
Fc1cc(cc(F)c1)CC(NC(=O)C(N1CCC(CC(C)C)C1=O)C)C(O)C[NH2+]Cc1cc(OC)ccc1,7.050610099999999,train
Fc1ccc(cc1OCC\C=C(\F)/F)[C@]1(N=C(N)N(C)C1=O)c1ccc(OC(F)F)cc1,7.522878599999999,train
S1(=O)(=O)N(c2cc(cc3c2n(cc3CC)CC1)C(=O)NC(Cc1ccccc1)C(O)C[NH2+]C1CCOCC1)CC(F)(F)F,7.5376019,train
Clc1nc2c(cc1)C1(CCC2)C[NH2+]CC1C(=O)N1CCC(CC1C1CCCCC1)c1ccccc1,7.5376019,train
Clc1cc(Cl)cnc1C(=O)Nc1cc(C2(N=C(OCC2(F)F)N)C)c(F)cc1,7.585026700000001,train
S(=O)(=O)(N(c1cccc(C(=O)NC(Cc2ccccc2)C(O)C[NH2+]Cc2cc(ccc2)C(F)(F)F)c1C)c1ccccc1)C,7.585026700000001,train
O(C)c1c(cc(cc1C)C1(N=C(C)C(=N1)N)c1cc(ccc1)-c1cc(cnc1)C#CC)C,7.585026700000001,train
Fc1cc(cc(F)c1)CC(NC(=O)C)C(O)C[NH2+]C1(CCc2nc(ncc2C1)C)c1cc(ccc1)C(C)(C)C,7.031517,train
Clc1ccc(nc1)C(=O)Nc1cc(C2(N=C(OCC2(F)F)N)C)c(F)cc1,7.585026700000001,train
O(C)c1ccc(cc1)C1(N=C(N2C1=NCCC2)N)c1cc(ccc1)-c1cccnc1,7.04,train
S(=O)(=O)(N(c1cc(ccc1)C(=O)NC(Cc1ccccc1)C(O)C[NH2+]Cc1cc(ccc1)C(F)(F)F)c1cccnc1)C,7.6020598,train
S1(=O)(=O)N(c2cc(cc3c2n(cc3CC)C1)C(=O)NC(Cc1ccccc1)C(O)C[NH2+]C)C,7.0409584,train
FC(C(=O)NC(Cc1cc2OCOc2cc1)C(O)C[NH2+]C1CC2(Oc3ncc(cc13)CC(C)(C)C)CCC2)C,7.539102099999999,train
S(=O)(=O)(Nc1cc(cc(c1)C(C)(C)C)C1([NH2+]CC(O)C(NC(=O)C)Cc2cc(F)cc(F)c2)CCCCC1)C,7.031517,train
O1c2ncc(cc2C([NH2+]CC(O)C(NC(=O)c2cccnc2)Cc2cc3OCOc3cc2)CC12CCC2)CC(C)(C)C,7.583359700000001,train
S(=O)(=O)(N(c1cc(cc(c1)/C(=N\OCC=C)/C)C(=O)N[C@H]([C@@H](O)C[NH2+]Cc1cc(OC)ccc1)Cc1cc(F)cc(F)c1)c1ccccc1)C,7.5686364,train
S1(=O)(=O)CC(Cc2cc(OC3COC3)c(N)c(F)c2)C(O)C([NH2+]Cc2cc(ccc2)C(C)(C)C)C1,7.6020598,train
S1(=O)(=O)N(CCCC1)c1cc(cc(NCC)c1)C(=O)NC(Cc1ccccc1)C(O)C[NH2+]C1CCOCC1,7.0409584,train
O=C(NCC1CCCCC1)C(Cc1cc2cc(ccc2nc1N)-c1ccccc1C)C(C)C,7.5686364,train
FC1(F)COC(=NC1(C)c1cc(NC(=O)c2ncc(OC)nc2)ccc1F)N,7.5686364,train
S1(=O)(=O)CC(Cc2cc(C3CC3)c(N)c(F)c2)C(O)C([NH2+]Cc2cc(ccc2)C(C)(C)C)C1,7.026872200000001,train
FC(F)(F)c1cc(ccc1)C[NH2+]CC(O)C(NC(=O)c1cc(N2CCCC2=O)c2c(n(nc2)CC)c1)Cc1ccccc1,7.5528421,train
S1(=O)(=O)Nc2cc(cc3c2n(cc3CC)CCC1)C(=O)NC(Cc1ccccc1)C(O)CNc1ccc(OC)cc1,7.5528421,train
Fc1cc(cc(F)c1)CC(NC(=O)c1c2cccnc2n(c1)C(=O)N(CCC(C)C)C)C(O)C[NH2+]Cc1cc(OC)ccc1,7.5528421,train
FC(F)Oc1cc(ccc1)-c1cc2c(OC(CC23N=C(N)N(C)C3=O)(C)C)cc1,7.5528421,train
Fc1ccc(OC)cc1-c1cc(ccc1)C1(N=C(N2C1=NCC(F)(F)C2)N)c1ccncc1,7.54,train
S1(=O)(=O)N(CCCC1)c1cc(cc(c1)/C(=N\OCCC)/C)C(=O)NC([C@@H](O)C[NH2+]Cc1cc(OC)ccc1)Cc1cc(F)cc(F)c1,7.6020598,train
s1cc(cc1)C1(N=C(N)N(C)C1=O)c1cc(ccc1)-c1nccnc1,7.0457573,train
S(c1cc(cc(c1)C(=O)NC(Cc1cc(F)cc(F)c1)C(O)C[NH2+]Cc1cc(OC)ccc1)C(=O)N(CCC)CCC)c1ccc(OC)cc1,7.5686364,train
S1(=O)(=O)N(c2c(CCC1)c(NCC)cc(c2)C(=O)NC(Cc1ccccc1)C(O)C[NH2+]CCC(F)(F)F)C,7.585026700000001,train
O=C1N(C)C(=NC1(c1cc(ccc1)-c1cncnc1)c1cn(nc1)C1CCCC1)N,7.154902000000001,validation
O1c2c(cc(cc2)-c2cc(OCC)ccc2)C2(N=C(N)N(C)C2=O)CC1(C)C,7.154902000000001,validation
O(C)c1cc(NC[C@@H](O)[C@@H](NC(=O)C2=CN(C=C(C(OC(C)(C)C)=O)[C@H]2CCC)CC(OC(C)C)=O)Cc2ccccc2)ccc1,4.517126599999999,validation
FC(F)(F)c1cc(ccc1)C[NH2+]C[C@@H](O)[C@@H](NC(=O)c1cc(N2CCCC2=O)c2nccc(c2c1)CC)Cc1ccccc1,6.677780599999999,validation
Clc1cc2CC([NH+]=C(N[C@@H](Cc3cscc3-c3cn[nH]c3)C(=O)[O-])c2cc1)(C)C,6.3467875,validation
Brc1cscc1C[C@H](NC1=[NH+]C(Cc2c1ccc(Cl)c2)(C)C)C(=O)[O-],6.508638400000001,validation
Brc1cc(cc(c1)C(C)(C)C)C1([NH2+]CC(O)C(NC(=O)C)Cc2cc(F)cc(F)c2)CCCCC1,6.759450900000001,validation
S(=O)(=O)(N(C)c1cc2cc(c1)C(=O)N[C@@H](COC\C=C\C[C@H](NC2=O)c1ccccc1)[C@H](O)C[NH2+]Cc1cc(ccc1)C(C)C)C,6.3979402,validation
Fc1cc(cc(F)c1)CC(NC(=O)C)C(O)C[NH2+]C1(CCCCC1)c1cc(ccc1)C1OCCC1,6.7447276,validation
S1(=O)CC(Cc2cc(OC(COC)C(F)(F)F)c(N)c(F)c2)C(O)C([NH2+]Cc2noc(c2)CC(C)(C)C)C1,7.7212462,validation
O1C2COCCC2(N=C1N)c1cc(NC(=O)c2nc(oc2)C)ccc1,4.4179368,validation
S1(=O)(=O)CC(Cc2cc(CCC(F)(F)F)c(N)c(F)c2)C(O)C([NH2+]Cc2cc(ccc2)C(C)(C)C)C1,6.8860564,validation
n1cc(ccc1)-c1cc(ccc1)C1(N=C(C(C)C)C(=N1)N)C,4.0,validation
O(C)c1nccc(c1)-c1ccc(cc1)C1CC1C=1N=C(N)N(C)C(=O)C=1,3.9355421,validation
Fc1cc(cc(F)c1)C[C@H](NC(=O)c1c2cc(ccc2n(c1)C(=O)N(CCCC)C)C#N)[C@H](O)C[NH2+]Cc1cc(OC)ccc1,7.7447276,validation
FC(F)Oc1ccc(cc1)[C@@]1(N=C(N)N(C)C1=O)c1cc(ccc1)CCCCC,7.0457573,validation
s1c(ccc1C)-c1ccc(cc1)C1CC1C=1N=C(N)N(C)C(=O)C=1,3.782516,validation
O(C)c1cc(ccc1)C(=O)NCC(O)C(NC(=O)c1c2cccnc2n(c1)C(=O)N(CCCC)C)Cc1ccccc1,4.0,validation
Clc1cc2CC(N=C(NC(Cc3ccccc3)c3ocnn3)c2cc1)(C)C,3.7330632000000006,validation
Fc1ccc(cc1-c1cncnc1)C1(N=C(N)N(C)C1=O)c1cn(nc1)CC(F)(F)F,6.920818799999999,validation
Clc1cc2CC(N=C(NC(Cc3ccccc3)c3nc(ccn3)C)c2cc1)(C)C,3.6020601,validation
Fc1cc(cc(F)c1)C[C@H](NC(=O)c1cc(cc(c1)C)C(=O)N(CCC)CCC)[C@H](O)[C@@H]1[NH2+]C[C@H](OCc2ccccc2)C1,8.3010302,validation
O1c2c(cc(cc2)CC)[C@@H]([NH2+]C[C@@H](O)[C@H]2NC(=O)C=3C=CC(=O)N(CCCCc4cc(C2)ccc4)C=3)CC12CCC2,8.6020603,validation
Clc1cc2nc([nH]c2cc1)N,3.1360826,validation
Fc1cc(cc(F)c1)C[C@H](NC(=O)[C@@H](N1CC[C@](NC(=O)C)(CC(C)C)C1=O)CCc1ccccc1)[C@H](O)[C@@H]1[NH2+]C[C@H](OCCC)C1,8.8538723,validation
O1C[C@]2(N=C1N)c1cc(ccc1Oc1c2cc(OCC(C)C)cc1)-c1cncnc1,8.0969095,validation
S1(=O)(=O)N(c2cc(cc3c2n(cc3CC)CC1)C(=O)NC([C@H](O)C[NH2+]CC#C)Cc1ccccc1)C,7.1366773,validation
Fc1ccc(NC(=O)c2ncc(cc2)C#N)cc1[C@]1(N=C(OCC1(F)F)N)C,7.6382723,validation
Fc1c2c(ccc1)C(N=C2N)(c1cc(ccc1)-c1cc(F)cnc1)c1ccncc1,6.8632793,validation
Fc1cc(cc(F)c1)CC(NC(=O)C)C(O)C[NH2+]C1(CCCCC1)c1cc(cc(OC)c1)C(C)(C)C,7.1135092,validation
Fc1c2c(ccc1)C(N=C2N)(c1cc(ccc1)-c1cncnc1)c1nc(C)c(OC)c(c1)C,7.1051302,validation
O=C1N(C)C(=N[C@@]1(c1cc(ccc1)-c1cncnc1)c1cn(nc1)CC)N,7.09691,validation
O=C(NC1CCCCC1)CCc1cc2cc(ccc2nc1N)-c1ccccc1C,7.130768300000001,validation
Fc1ncccc1-c1cc(ccc1)C12N=C(OC1CCCC2)N,4.3306832,validation
Fc1cc(cc(F)c1)C[C@H](NC(=O)C)[C@H](O)C[NH2+]C1(CCCCC1)c1cc(-n2nccc2)ccc1,7.229147900000001,validation
S(=O)(=O)(N(C)c1cc(cc(c1)C(OCC([NH2+]C)(Cc1ccccc1)CO)=O)C(=O)NC(C)c1ccc(F)cc1)C,4.0,validation
O=C1N(C)C(=N[C@]1(c1cc(nc(c1)C)CC)c1cc(ccc1)-c1cncnc1)N,6.823908800000001,validation
Fc1ccc(NC(=O)c2ncc(cc2)C#N)cc1[C@]1(N=C(OCC1)N)C(F)F,7.2676063,validation
O(C(C)(C)C)C(=O)N[C@@H](C(C)C)C(=O)N([C@@H](CCC(=O)N)C(=O)N[C@H]([C@@H](O)CC(=O)N[C@@H](CC(C)C)C(=O)N[C@H](C(=O)N([C@H](Cc1ccccc1)C(=O)N1CCC[C@@H]1C(OC)=O)C)C)Cc1ccccc1)C,7.3115802,validation
Fc1cc(cnc1)-c1cc2c(OC(CC23N=C(N)N(C)C3=O)(C)C)cc1,6.8386321,validation
Fc1c(cccc1OC)-c1cc(ccc1)[C@]1([NH+]=C(N2CC(F)(F)CN=C12)N)c1ccncc1,7.389999900000001,validation
Fc1cc(cc(F)c1)CC(NC(=O)C)C(O)C[NH2+]C1(CCCCC1)c1onc(c1)CC(C)(C)C,6.856985099999999,validation
Fc1c2c(ccc1)C(N=C2N)(c1cc(ccc1)-c1cncnc1)c1cc(ncc1)C1CC1,7.063486099999999,validation
O=C1N(CC[C@]12[N@H+](CCC2)CCC)[C@H](C(=O)N[C@H]([C@H](O)C[NH2+]Cc1cc(ccc1)C(C)C)Cc1ccccc1)C,7.259637400000001,validation
O(C(=O)C1[NH2+]CC2(C1)c1c(NC2=O)cccc1)C1CCN(CC1)C(=O)C,4.077274299999999,validation
O=C1NC(CN1Cc1ccccc1)(Cc1ccccc1)C(=O)NC(Cc1ccccc1)C(O)C[NH2+]Cc1cc(N(C)C)ccc1,5.3009434,validation
Fc1cc(cc(F)c1)CC(NC(=O)c1c2c(n(c1)C(=O)NCCCC)cccc2)C(O)C[NH2+]Cc1cc(OC)ccc1,6.7212462,validation
Fc1cc(cc(F)c1)CC(NC(=O)C)C(O)C[NH2+]C1(CCOC1)c1cc(-n2nccc2)ccc1,5.6197886,validation
O=C1N(C)C(=NC1(c1ccccc1)c1ccncc1)N,5.5718651,validation
S(=O)(=O)(N(c1cc(cc(c1)/C(=N\O)/C)C(=O)N[C@H]([C@@H](O)C[NH2+]Cc1cc(OC)ccc1)Cc1cc(F)cc(F)c1)c1ccccc1)C,8.0457573,validation
O(C)c1ccc(cc1C)C1(N=C(N)N(C)C1=O)c1cc(ccc1)-c1cncnc1,7.522878599999999,validation
O=C1N(Cc2ccc(cc2)CNC(=O)NCCCC)C(NC1(CCC1CCCCC1)CC(C)C)=N,5.522878599999999,validation
O1c2ncc(cc2C([NH2+]CC(O)C(NC(=O)C)Cc2cc3OCOc3cc2)CC12CCC2)CC(C)(C)C,8.0969105,validation
FC(F)C\C=C\c1cc(ccc1)[C@]1(N=C(N)N(C)C1=O)c1ccc(OC(F)F)cc1,7.522878599999999,validation
Clc1cc2CC(N=C(NC(Cc3cscc3CCC)C(=O)[O-])c2cc1)(C)C,6.2146702000000005,validation
Clc1cc(-c2cc3c(Oc4c(cc(OC)cc4)C34N=C(OC4)N)cc2)c(F)cc1C,5.493494999999999,validation
O=C1N(C)C(=NC1(c1cc(ccc1)-c1cncnc1)c1cn(nc1)CCC(C)C)N,7.522878599999999,validation
FCC#Cc1cc(ccc1)[C@]1(N=C(N)N(C)C1=O)c1ccc(OC(F)F)cc1,8.0,validation
O=C1N(C)C(=NC1(c1ccccc1)c1ccccc1)N,5.468521099999999,validation
Fc1c2c(ccc1)C(N=C2N)(c1cc(ccc1)-c1cc(cnc1)C#CC)c1cc(ncc1)C(F)F,8.1877556,validation
O(C)c1cc(ccc1)-c1cc(ccc1)C1(N=C(C)C(=N1)N)C,5.4559321,validation
Fc1ncccc1-c1cc(ccc1)C1(N=C(N2C1=NCC(F)(F)C2)N)c1ccc(OC(F)F)cc1,7.52,validation
Clc1ccc(nc1)C(=O)Nc1cc(ccc1)C1(N=C(N)c2c1cccc2)C,6.2596374,validation
S(=O)(=O)(N(c1cc(ccc1)C(=O)NC(Cc1ccccc1)C(O)C[NH2+]C(CCCC(C)C)C)c1ccccc1)C,7.494850200000001,validation
Fc1cc(cc(F)c1)CC(NC(=O)c1c2cccnc2n(c1)C(=O)N(CCCCC)C)C(O)C[NH2+]Cc1cc(OC)ccc1,7.494850200000001,validation
FC1(F)COC(=NC1(C)c1cc(NC(=O)c2ncc(cc2)C#C)ccc1F)N,7.494850200000001,validation
O=C1N(C)C(=NC(C1)(C)C1CC1c1cc(ccc1)CCc1ccccc1)N,5.3979402,validation
OC(C(NC(=O)C1CC(CCC1)C(NC(=O)C)(C)C)Cc1ccccc1)C[NH2+]Cc1cc(ccc1)C(C)C,5.3767509,validation
Fc1cc(cc(F)c1)CC(NC(=O)C)C(O)C[NH2+]C1(CCC(Nc2cccnc2)CC1)c1cc(ccc1)C(C)(C)C,6.3010302000000005,validation
s1cc(cc1)C1(N=C(N)N(C)C1=O)c1cc(-c2cccnc2F)c(F)cc1,7.522878599999999,validation
O=C(NCC)c1ccc(cc1)-c1n(Cc2nc(N)ccc2)c(cc1)-c1ccccc1,5.6478176,validation
FC(F)Oc1ccc(cc1)[C@@]1(N=C(N)N(C)C1=O)c1cc(ccc1)C#CCCCCO,8.0,validation
O=C1N(CCC1)C(C)(C)C1CC(CCC1)C(=O)NC(Cc1ccccc1)C(O)C[NH2+]Cc1cc(ccc1)C(C)C,7.6020598,validation
Fc1ncccc1-c1cc(ccc1)C1(N=C(OC1)N)c1ccc(OC(F)F)cc1,5.9172144,validation
O=C1N(C)C(=NC12CC(Cc1c2cc(cc1)-c1cc(ccc1)C#N)(C)C)N,7.7447276,validation
Fc1ccc(cc1-c1cncnc1)C1(N=C(N)N(C)C1=O)c1cc(C)c(OC)cc1,7.6989698,validation
S1(=O)(=O)NCC2(N1c1cc(F)ccc1)CC([NH+](CC2)Cc1cc(OC(C)C)ccc1)C,5.8860564,validation
FC(F)Oc1ccc(cc1)[C@@]1(N=C(N)N(C)C1=O)c1cc(ccc1)\C=C\CCOC,7.6989698,validation
Fc1c2c(ccc1)C(N=C2N)(c1cc(nc(c1)C)C)c1cc(ccc1)-c1cncnc1,5.8601208,validation
s1ccnc1-c1cc(ccc1)CC(NC(=O)C(OCC)C)C(O)C[NH2+]C1CC2(Oc3ncc(cc13)CC(C)(C)C)CCC2,7.7958798,validation
n1cc(ccc1)-c1cc(ccc1)C1(N=C(C)C(=N1)N)C1CCCCC1,5.8538718,validation
S(=O)(=O)(N(C)c1cc(cc(c1)C(=O)NC(C(O)CC(OC)CNc1ccc(F)cc1)COc1cc(F)cc(F)c1)C(=O)NC(C)c1ccccc1)C,5.8239088,validation
Clc1ccc(nc1)C(=O)Nc1cc(ccc1)C1(N=C(N)N(C)C(=O)C1)C,7.823908800000001,validation
O=C(NCc1ccccc1)C(Cc1cc2cc(ccc2nc1N)-c1ccccc1C)C,7.6989698,validation
O(C)c1c(cc(cc1C)[C@@]1(N=C(C)C(=N1)N)c1cc(ccc1)-c1cncnc1)C,5.8239088,validation
Fc1cc(cc(F)c1)CC(NC(=O)C(N1CCC(CC(C)C)C1=O)CCc1ccccc1)C(O)C[NH2+]Cc1cc(OC)ccc1,7.6989698,validation
Fc1cc(cc(F)c1)CC(NC(=O)C)C(O)C[NH2+]C1(CCCCC1)c1oc(cn1)C(C)(C)C,5.801343,validation
s1c(ccc1CC(C)(C)C)C1([NH2+]CC(O)C(NC(=O)C)Cc2cc(F)cc(F)c2)CC1,5.7904849,validation
Clc1cc(cc(Cl)c1NC(=O)C(C)C)CNC(=[NH2+])NC(=O)Cn1c2c(cccc2)cc1,5.7644715,validation
S1(=O)(=O)N(c2cc(cc3n(cc(CC1)c23)CC)C(=O)NC(Cc1ccccc1)C(=O)C[NH2+]C1CCOCC1)C,7.8860564,validation
O1c2ncc(cc2C([NH2+]CC(O)C(NC(=O)C)Cc2cc3OCCOc3cc2)CC12CCC2)CC(C)(C)C,7.642065,validation
FC(F)Oc1ccc(cc1)[C@@]1(N=C(N)N(C)C1=O)c1cc(ccc1)CC,6.0457573,validation
S1(=O)(=O)CC(Cc2cc(CC)c(N)c(F)c2)C(O)C([NH2+]Cc2cc(ccc2)C(C)(C)C)C1,6.0604806,validation
Brc1cc(ccc1)C[NH2+]CC(O)C(NC(=O)c1c2cccnc2n(c1)C(=O)N(CCCC)C)Cc1ccccc1,7.6382723,validation
FC1(F)CN2C(=NC1)C(N=C2N)(c1cc(ccc1)-c1cncnc1)c1ccc(OC(F)F)cc1,7.630000099999999,validation
s1cc(cc1C(=O)CC)C1(N=C(N)N(C)C1=O)c1cc(ccc1)-c1cccnc1F,8.0,validation
s1cc(cc1C1([NH2+]CC(O)C(NC(=O)C)Cc2cc(F)cc(F)c2)CCCCC1)C#C,5.3649187000000005,validation
O=C1N(C)C(=NC1(c1cc(ccc1)-c1nccnc1)c1ccncc1)N,7.154902000000001,validation
S1(=O)(=O)N(c2cc(cc3n(cc(CC1)c23)CC)C(=O)NC([C@H](O)CNc1ccccc1)Cc1ccccc1)C,8.3010302,validation
Fc1cc(cc(F)c1)CC(NC(=O)C(N1CCC(C(O)CCC)C1=O)CCc1ccccc1)C(O)C1[NH2+]CC(OCCC)C1,8.3279018,validation
O(CCCC)c1cc(ccc1OC)C1(N=C(N)N(C)C1=O)c1cc(ccc1)-c1cccnc1,7.3010302,validation
O1CC(N=C1N)(c1cc(ccc1)-c1cncnc1)c1ccc(OC)cc1,4.9430952,validation
S(=O)(=O)(N(C)c1cc2cc(c1)C(=O)NCC\C=C\COCC(NC2=O)C(O)C[NH2+]Cc1ccccc1)C,6.5686364,validation
Clc1cc(ccc1)-c1cc2c(OC(CC23N=C(N)N(CC)C3=O)(C)C)cc1,6.585026700000001,validation
O(C(=O)CN1C(C)=C(C(=O)N[C@H]([C@H](O)C[NH2+]C2CC2)Cc2ccccc2)[C@H](C)C(C(=O)NOCc2ccccc2)=C1C)C,4.818156200000001,validation
S(=O)(=O)(N1C(C)=C(C(=O)N[C@H](C)c2ccccc2)[C@@H](C)C(C(=O)N[C@H]([C@H](O)C[NH2+]C2CC2)Cc2ccccc2)=C1C)C,4.7931742999999996,validation
S(=O)(=O)(N(c1cc(ccc1)C(=O)NC(Cc1ccccc1)C(O)C[NH2+]C1CCCCC1)c1ccccc1)C,6.614393700000001,validation
Brc1cc2c(SCC[C@@H]2OC(=O)[C@@H]2[NH2+]C[C@]3(C2)c2c(NC3=O)cccc2)cc1,4.6458917,validation
Brc1ccccc1C1C[NH2+]CC1C(=O)N1CCC(CC1)c1ccccc1,4.7212462,validation
s1cc(cc1)-c1cc(ccc1)C1(N=C(N)N(C)C1=O)c1ccncc1,6.6197886,validation
n1c2c(ccc1N)cccc2,3.0,validation
O(C(C)C)c1cc(ccc1OC)C1(N=C(N)N(C)C1=O)c1cc(ccc1)-c1cccnc1,7.221849000000001,validation
O=C1N(C)C(=NC(=C1)C1CC1c1ccc(cc1)-c1cc(ccc1)CC#N)N,4.6861329000000005,validation
S1(=O)CC(Cc2cc(OC(COC)C(F)(F)F)c(N)c(F)c2)C(O)C([NH2+]Cc2nccc(c2)C(C)(C)C)C1,6.6458917,validation
Fc1ccc(OC)cc1-c1cc2c(OC(CC23N=C(N)N(C)C3=O)(C)C)cc1,7.221849000000001,validation
Fc1cc(cc(OC)c1)-c1cc2c(OC(CC23N=C(N)N(C)C3=O)(C)C)cc1,7.2146702000000005,validation
FC(F)(F)c1cc(ccc1)C[NH2+]CC(O)C(NC(=O)c1cc(N2CCCC2=O)c(C)c(NCC)c1)Cc1ccccc1,7.200659299999999,validation
S(=O)(=O)(N(C)c1nc2CC[C@@H](CCc3cc(C[C@]([NH3+])(C)C(OCc(c1)c2)=O)ccc3)C)C,5.7447276,validation
Fc1cc(NC[C@@H](O)[C@@H](NC(=O)C=2[C@H](C)C(C(=O)C)=C(N(CC(OC(C)C)=O)C=2C)C)Cc2ccccc2)ccc1,4.5783958,validation
Brc1cc(cc(F)c1N)C[C@@H]1CS(=O)(=O)C[C@H]([NH2+]Cc2cc(ccc2)C(F)(F)C)[C@H]1O,5.863279299999999,validation
O1c2c(cc(cc2)-c2cc(OC)ccc2)C2(N=C(N)N(C)C2=O)CC1(C)C,7.167491,validation
S1(=O)(=O)CC(Cc2cc(CCC)c(O)cc2)C(O)C([NH2+]Cc2cc(ccc2)C(C)C)C1,6.7212462,validation
O(C)c1cc(ccc1)-c1cc(ccc1)C1(N=C(N)CN1C(=O)C)C,4.6989697999999995,validation
Clc1ccc(nc1)C(=O)Nc1cc(ccc1)C1(N=C(N)C(=O)N(C1)C)C,6.5301781,validation
S1(=O)CC(Cc2cc(OC(COC)C(F)(F)F)c(N)c(F)c2)C(O)C([NH2+]CCCOC(C)(C)C)C1,5.0,validation
OC(C(NC(=O)C(NC(=O)C(NC(=O)C([NH3+])CCC(=O)[O-])CC(C)C)CC(=O)[O-])CC(C)C)CC(C(=O)NC(C(C)C)C(=O)NC(CCC(=O)[O-])C(=O)NC(Cc1ccccc1)C(=O)[O-])C,9.522878599999999,validation
O1c2c(cc(cc2)-c2ccccc2)C2(N=C(N)N(C)C2=O)CC1(C)C,6.3419886,validation
FC1(F)COC(=NC1(C)c1cc(NC(=O)c2nn(cc2)C)ccc1F)N,6.3506651,validation
Clc1cc(-c2cc3c(OC(CC34N=C(N)N(C)C4=O)(C)C)cc2)c(F)cc1,7.443697500000001,validation
O(C)c1cc(ccc1)C[NH2+]CC(O)C(NC(=O)c1cc(N2CCCC2=O)c2NC(=O)N(c2c1)CC)Cc1ccccc1,6.3767509,validation
Fc1cc(cnc1)-c1cc2c(CC(CC23N=C(OC3)N)(C)C)cc1,5.2335873,validation
Fc1cc(cc(F)c1)CC(NC(=O)C)C(O)C[NH2+]C1(CCCCC1)c1cc(ccc1)C#N,5.2076082,validation
S1(=O)(=O)N(c2cc(cc3n(cc(CC1)c23)CC)C(=O)NC([C@H](O)C[NH2+]CCF)Cc1ccccc1)C,7.3979402,validation
FC(F)(F)c1cc(ccc1OC)C1(N=C(N)N(C)C1=O)c1cc(ccc1)-c1cccnc1,7.3979402,validation
Fc1c2c(cc(F)c1)C(N=C2N)(C=1C=C(C)C(=O)N(C=1)CC)c1cc(ccc1)-c1cc(cnc1)C#CC,8.5867004,validation
O=C1N(C)C(=NC(=C1)CCc1cc(ccc1)-c1ccccc1)N,5.1870866,validation
O1c2c(cc(cc2)CC)C([NH2+]CC(O)C2NC(=O)C=3C=C(N4CCCC4)C(=O)N(CCCCc4cc(C2)ccc4)C=3)CC12CCC2,8.6020603,validation
Fc1cc(ccc1F)CC(NC(=O)C)C(O)C[NH2+]C1CC2(Oc3ncc(cc13)CC(C)(C)C)CCC2,8.6989698,validation
S(=O)(=O)(Nc1cc(ccc1)C(=O)NC(Cc1ccccc1)C(O)C[NH2+]C(C(=O)NC1CCCCC1)C)c1ccccc1,5.1023731,validation
S1CC(=NC1(C)c1cc(ccc1)-c1cc(OC)ccc1)N,5.1023731,validation
Fc1cc(cc(F)c1)CC(NC(=O)C(N1CCC(NC(=O)C)(C(CC)C)C1=O)CCc1ccccc1)C(O)C1[NH2+]CC(OCc2ncccc2)C1,8.8239088,validation
Oc1ccc(cc1C1CCCCC1)CC[NH3+],3.6575773000000003,validation
O(c1cc2CN(C(CCC(=O)N(C)C3CCCCC3)C3CCCCC3)C(=[NH+]c2cc1)N)c1ccccc1,6.0457573,validation
Fc1cc(cc(F)c1)CC(NC(=O)c1c2c(n(c1)C(=O)N(CCCC)CCCC)cccc2)C(O)C[NH2+]Cc1cc(OC)ccc1,7.3467875,validation
FC(F)(F)C([NH2+]CC(O)C1NC(=O)c2cc(cc(NCCCCOc3cc(C1)ccc3)c2)COC)c1cc(ccc1)C(C)(C)C,5.0,validation
Fc1cc(cc(c1)C(C)(C)C)C1([NH2+]CC(O)C(NC(=O)C)Cc2cc(F)cc(F)c2)CCCCC1,7.3372421,validation
S(=O)(=O)(N(C)c1cc(cc(c1)C(=O)NC(C(O)CC(C(=O)NC1CC1)C)COCc1cc(F)cc(F)c1)C(=O)NC(C)c1ccccc1)C,5.0,validation
S(=O)(=O)(N(c1ccccc1C#N)c1cc(ccc1)C(=O)NC(Cc1ccccc1)C(O)C[NH2+]C(C(=O)NC1CCCCC1)C)C,6.508638400000001,validation
Clc1cc(sc1C1(NC(=[NH2+])N(C)C(=O)C1)C)-c1cc(cnc1)C#CC,8.7695513,validation
S(=O)(=O)(N(c1cc(ncc1)C(=O)NC(Cc1ccccc1)C(O)C[NH2+]Cc1cc(ccc1)C(F)(F)F)c1ccccc1)C,5.3400836,validation
Clc1cc2nc(n(c2cc1)CCCC(=O)NCC1CC1)N,2.5445461,validation
